timestamp,elapsed_ms,device,link_index,address,distance_cm,snr_db,raw
"2026-07-30T17:49:11.560Z","24443","2","1","0200","115","4","P1,0200,115cm,4dB"
"2026-07-30T17:49:11.661Z","24544","1","0","0100","105","-6","P0,0100,105cm,-6dB"
"2026-07-30T17:49:11.661Z","24544","2","1","0200","113","0","P1,0200,113cm,0dB"
"2026-07-30T17:49:11.761Z","24644","1","0","0100","99","-3","P0,0100,99cm,-3dB"
"2026-07-30T17:49:11.761Z","24644","2","1","0200","119","1","P1,0200,119cm,1dB"
"2026-07-30T17:49:11.861Z","24744","1","0","0100","102","0","P0,0100,102cm,0dB"
"2026-07-30T17:49:11.861Z","24744","2","1","0200","120","7","P1,0200,120cm,7dB"
"2026-07-30T17:49:11.961Z","24844","1","0","0100","102","-3","P0,0100,102cm,-3dB"
"2026-07-30T17:49:11.961Z","24844","2","1","0200","122","1","P1,0200,122cm,1dB"
"2026-07-30T17:49:12.061Z","24944","1","0","0100","101","7","P0,0100,101cm,7dB"
"2026-07-30T17:49:12.061Z","24944","2","1","0200","100","-1","P1,0200,100cm,-1dB"
"2026-07-30T17:49:12.161Z","25044","1","0","0100","110","7","P0,0100,110cm,7dB"
"2026-07-30T17:49:12.161Z","25044","2","1","0200","121","5","P1,0200,121cm,5dB"
"2026-07-30T17:49:12.261Z","25144","1","0","0100","114","8","P0,0100,114cm,8dB"
"2026-07-30T17:49:12.261Z","25144","2","1","0200","133","0","P1,0200,133cm,0dB"
"2026-07-30T17:49:12.361Z","25244","1","0","0100","90","10","P0,0100,90cm,10dB"
"2026-07-30T17:49:12.361Z","25244","2","1","0200","129","0","P1,0200,129cm,0dB"
"2026-07-30T17:49:12.461Z","25344","1","0","0100","84","8","P0,0100,84cm,8dB"
"2026-07-30T17:49:12.461Z","25344","2","1","0200","145","-2","P1,0200,145cm,-2dB"
"2026-07-30T17:49:12.561Z","25444","1","0","0100","118","10","P0,0100,118cm,10dB"
"2026-07-30T17:49:12.561Z","25444","2","1","0200","142","6","P1,0200,142cm,6dB"
"2026-07-30T17:49:12.661Z","25544","1","0","0100","98","12","P0,0100,98cm,12dB"
"2026-07-30T17:49:12.661Z","25544","2","1","0200","123","-3","P1,0200,123cm,-3dB"
"2026-07-30T17:49:12.761Z","25644","1","0","0100","99","14","P0,0100,99cm,14dB"
"2026-07-30T17:49:12.761Z","25644","2","1","0200","122","4","P1,0200,122cm,4dB"
"2026-07-30T17:49:12.859Z","25742","1","0","0100","102","17","P0,0100,102cm,17dB"
"2026-07-30T17:49:12.961Z","25844","1","0","0100","96","14","P0,0100,96cm,14dB"
"2026-07-30T17:49:12.961Z","25844","2","1","0200","136","0","P1,0200,136cm,0dB"
"2026-07-30T17:49:13.061Z","25944","1","0","0100","101","17","P0,0100,101cm,17dB"
"2026-07-30T17:49:13.061Z","25944","2","1","0200","130","1","P1,0200,130cm,1dB"
"2026-07-30T17:49:13.161Z","26044","1","0","0100","97","16","P0,0100,97cm,16dB"
"2026-07-30T17:49:13.161Z","26044","2","1","0200","122","5","P1,0200,122cm,5dB"
"2026-07-30T17:49:13.261Z","26144","1","0","0100","94","18","P0,0100,94cm,18dB"
"2026-07-30T17:49:13.261Z","26144","2","1","0200","118","-1","P1,0200,118cm,-1dB"
"2026-07-30T17:49:13.361Z","26244","1","0","0100","92","16","P0,0100,92cm,16dB"
"2026-07-30T17:49:13.361Z","26244","2","1","0200","116","0","P1,0200,116cm,0dB"
"2026-07-30T17:49:13.461Z","26344","1","0","0100","96","17","P0,0100,96cm,17dB"
"2026-07-30T17:49:13.461Z","26344","2","1","0200","130","0","P1,0200,130cm,0dB"
"2026-07-30T17:49:13.561Z","26444","1","0","0100","96","18","P0,0100,96cm,18dB"
"2026-07-30T17:49:13.561Z","26444","2","1","0200","132","-1","P1,0200,132cm,-1dB"
"2026-07-30T17:49:13.661Z","26544","1","0","0100","95","18","P0,0100,95cm,18dB"
"2026-07-30T17:49:13.661Z","26544","2","1","0200","142","4","P1,0200,142cm,4dB"
"2026-07-30T17:49:13.761Z","26644","1","0","0100","97","18","P0,0100,97cm,18dB"
"2026-07-30T17:49:13.761Z","26644","2","1","0200","113","-2","P1,0200,113cm,-2dB"
"2026-07-30T17:49:13.861Z","26744","1","0","0100","95","17","P0,0100,95cm,17dB"
"2026-07-30T17:49:13.861Z","26744","2","1","0200","107","1","P1,0200,107cm,1dB"
"2026-07-30T17:49:13.961Z","26844","1","0","0100","95","17","P0,0100,95cm,17dB"
"2026-07-30T17:49:13.961Z","26844","2","1","0200","144","4","P1,0200,144cm,4dB"
"2026-07-30T17:49:14.061Z","26944","1","0","0100","93","19","P0,0100,93cm,19dB"
"2026-07-30T17:49:14.061Z","26944","2","1","0200","140","-1","P1,0200,140cm,-1dB"
"2026-07-30T17:49:14.161Z","27044","1","0","0100","94","17","P0,0100,94cm,17dB"
"2026-07-30T17:49:14.161Z","27044","2","1","0200","131","0","P1,0200,131cm,0dB"
"2026-07-30T17:49:14.261Z","27144","1","0","0100","98","16","P0,0100,98cm,16dB"
"2026-07-30T17:49:14.261Z","27144","2","1","0200","106","-2","P1,0200,106cm,-2dB"
"2026-07-30T17:49:14.361Z","27244","1","0","0100","98","17","P0,0100,98cm,17dB"
"2026-07-30T17:49:14.361Z","27244","2","1","0200","119","-2","P1,0200,119cm,-2dB"
"2026-07-30T17:49:14.459Z","27342","1","0","0100","96","17","P0,0100,96cm,17dB"
"2026-07-30T17:49:14.561Z","27444","1","0","0100","95","16","P0,0100,95cm,16dB"
"2026-07-30T17:49:14.561Z","27444","2","1","0200","107","4","P1,0200,107cm,4dB"
"2026-07-30T17:49:14.661Z","27544","1","0","0100","98","19","P0,0100,98cm,19dB"
"2026-07-30T17:49:14.661Z","27544","2","1","0200","125","-2","P1,0200,125cm,-2dB"
"2026-07-30T17:49:14.759Z","27642","1","0","0100","96","17","P0,0100,96cm,17dB"
"2026-07-30T17:49:14.861Z","27744","1","0","0100","96","18","P0,0100,96cm,18dB"
"2026-07-30T17:49:14.861Z","27744","2","1","0200","113","0","P1,0200,113cm,0dB"
"2026-07-30T17:49:14.961Z","27844","1","0","0100","98","19","P0,0100,98cm,19dB"
"2026-07-30T17:49:14.961Z","27844","2","1","0200","117","-2","P1,0200,117cm,-2dB"
"2026-07-30T17:49:15.061Z","27944","1","0","0100","98","17","P0,0100,98cm,17dB"
"2026-07-30T17:49:15.061Z","27944","2","1","0200","125","3","P1,0200,125cm,3dB"
"2026-07-30T17:49:15.161Z","28044","1","0","0100","92","19","P0,0100,92cm,19dB"
"2026-07-30T17:49:15.161Z","28044","2","1","0200","136","5","P1,0200,136cm,5dB"
"2026-07-30T17:49:15.261Z","28144","1","0","0100","89","19","P0,0100,89cm,19dB"
"2026-07-30T17:49:15.261Z","28144","2","1","0200","107","-2","P1,0200,107cm,-2dB"
"2026-07-30T17:49:15.361Z","28244","1","0","0100","93","18","P0,0100,93cm,18dB"
"2026-07-30T17:49:15.361Z","28244","2","1","0200","101","-1","P1,0200,101cm,-1dB"
"2026-07-30T17:49:15.461Z","28344","1","0","0100","95","18","P0,0100,95cm,18dB"
"2026-07-30T17:49:15.461Z","28344","2","1","0200","110","3","P1,0200,110cm,3dB"
"2026-07-30T17:49:15.561Z","28444","1","0","0100","96","19","P0,0100,96cm,19dB"
"2026-07-30T17:49:15.561Z","28444","2","1","0200","125","7","P1,0200,125cm,7dB"
"2026-07-30T17:49:15.661Z","28544","1","0","0100","98","17","P0,0100,98cm,17dB"
"2026-07-30T17:49:15.661Z","28544","2","1","0200","121","5","P1,0200,121cm,5dB"
"2026-07-30T17:49:15.761Z","28644","1","0","0100","98","20","P0,0100,98cm,20dB"
"2026-07-30T17:49:15.761Z","28644","2","1","0200","105","-2","P1,0200,105cm,-2dB"
"2026-07-30T17:49:15.859Z","28742","1","0","0100","97","20","P0,0100,97cm,20dB"
"2026-07-30T17:49:15.961Z","28844","1","0","0100","97","17","P0,0100,97cm,17dB"
"2026-07-30T17:49:15.961Z","28844","2","1","0200","111","1","P1,0200,111cm,1dB"
"2026-07-30T17:49:16.061Z","28944","1","0","0100","96","17","P0,0100,96cm,17dB"
"2026-07-30T17:49:16.061Z","28944","2","1","0200","122","4","P1,0200,122cm,4dB"
"2026-07-30T17:49:16.161Z","29044","1","0","0100","96","19","P0,0100,96cm,19dB"
"2026-07-30T17:49:16.161Z","29044","2","1","0200","106","4","P1,0200,106cm,4dB"
"2026-07-30T17:49:16.259Z","29142","1","0","0100","95","18","P0,0100,95cm,18dB"
"2026-07-30T17:49:16.361Z","29244","1","0","0100","95","17","P0,0100,95cm,17dB"
"2026-07-30T17:49:16.361Z","29244","2","1","0200","88","5","P1,0200,88cm,5dB"
"2026-07-30T17:49:16.461Z","29344","1","0","0100","96","19","P0,0100,96cm,19dB"
"2026-07-30T17:49:16.461Z","29344","2","1","0200","117","-1","P1,0200,117cm,-1dB"
"2026-07-30T17:49:16.561Z","29444","1","0","0100","94","18","P0,0100,94cm,18dB"
"2026-07-30T17:49:16.561Z","29444","2","1","0200","124","0","P1,0200,124cm,0dB"
"2026-07-30T17:49:16.661Z","29544","1","0","0100","94","20","P0,0100,94cm,20dB"
"2026-07-30T17:49:16.661Z","29544","2","1","0200","128","3","P1,0200,128cm,3dB"
"2026-07-30T17:49:16.761Z","29644","1","0","0100","92","16","P0,0100,92cm,16dB"
"2026-07-30T17:49:16.761Z","29644","2","1","0200","112","3","P1,0200,112cm,3dB"
"2026-07-30T17:49:16.861Z","29744","1","0","0100","94","15","P0,0100,94cm,15dB"
"2026-07-30T17:49:16.861Z","29744","2","1","0200","119","4","P1,0200,119cm,4dB"
"2026-07-30T17:49:16.961Z","29844","1","0","0100","94","18","P0,0100,94cm,18dB"
"2026-07-30T17:49:16.961Z","29844","2","1","0200","128","7","P1,0200,128cm,7dB"
"2026-07-30T17:49:17.061Z","29944","1","0","0100","92","17","P0,0100,92cm,17dB"
"2026-07-30T17:49:17.061Z","29944","2","1","0200","120","0","P1,0200,120cm,0dB"
"2026-07-30T17:49:17.161Z","30044","1","0","0100","92","19","P0,0100,92cm,19dB"
"2026-07-30T17:49:17.161Z","30044","2","1","0200","121","4","P1,0200,121cm,4dB"
"2026-07-30T17:49:17.261Z","30144","1","0","0100","93","18","P0,0100,93cm,18dB"
"2026-07-30T17:49:17.261Z","30144","2","1","0200","120","8","P1,0200,120cm,8dB"
"2026-07-30T17:49:17.361Z","30244","1","0","0100","94","19","P0,0100,94cm,19dB"
"2026-07-30T17:49:17.361Z","30244","2","1","0200","110","1","P1,0200,110cm,1dB"
"2026-07-30T17:49:17.461Z","30344","1","0","0100","91","18","P0,0100,91cm,18dB"
"2026-07-30T17:49:17.461Z","30344","2","1","0200","127","5","P1,0200,127cm,5dB"
"2026-07-30T17:49:17.561Z","30444","1","0","0100","94","18","P0,0100,94cm,18dB"
"2026-07-30T17:49:17.561Z","30444","2","1","0200","114","1","P1,0200,114cm,1dB"
"2026-07-30T17:49:17.661Z","30544","1","0","0100","93","16","P0,0100,93cm,16dB"
"2026-07-30T17:49:17.661Z","30544","2","1","0200","122","4","P1,0200,122cm,4dB"
"2026-07-30T17:49:17.761Z","30644","1","0","0100","95","19","P0,0100,95cm,19dB"
"2026-07-30T17:49:17.761Z","30644","2","1","0200","106","6","P1,0200,106cm,6dB"
"2026-07-30T17:49:17.861Z","30744","1","0","0100","97","20","P0,0100,97cm,20dB"
"2026-07-30T17:49:17.861Z","30744","2","1","0200","121","4","P1,0200,121cm,4dB"
"2026-07-30T17:49:17.961Z","30844","1","0","0100","94","18","P0,0100,94cm,18dB"
"2026-07-30T17:49:17.961Z","30844","2","1","0200","122","6","P1,0200,122cm,6dB"
"2026-07-30T17:49:18.061Z","30944","1","0","0100","93","19","P0,0100,93cm,19dB"
"2026-07-30T17:49:18.061Z","30944","2","1","0200","121","1","P1,0200,121cm,1dB"
"2026-07-30T17:49:18.159Z","31042","1","0","0100","97","19","P0,0100,97cm,19dB"
"2026-07-30T17:49:18.261Z","31144","1","0","0100","96","18","P0,0100,96cm,18dB"
"2026-07-30T17:49:18.261Z","31144","2","1","0200","119","4","P1,0200,119cm,4dB"
"2026-07-30T17:49:18.361Z","31244","1","0","0100","98","16","P0,0100,98cm,16dB"
"2026-07-30T17:49:18.361Z","31244","2","1","0200","122","0","P1,0200,122cm,0dB"
"2026-07-30T17:49:18.461Z","31344","1","0","0100","96","18","P0,0100,96cm,18dB"
"2026-07-30T17:49:18.461Z","31344","2","1","0200","127","1","P1,0200,127cm,1dB"
"2026-07-30T17:49:18.561Z","31444","1","0","0100","100","16","P0,0100,100cm,16dB"
"2026-07-30T17:49:18.561Z","31444","2","1","0200","98","1","P1,0200,98cm,1dB"
"2026-07-30T17:49:18.661Z","31544","1","0","0100","97","18","P0,0100,97cm,18dB"
"2026-07-30T17:49:18.661Z","31544","2","1","0200","108","6","P1,0200,108cm,6dB"
"2026-07-30T17:49:18.761Z","31644","1","0","0100","96","20","P0,0100,96cm,20dB"
"2026-07-30T17:49:18.761Z","31644","2","1","0200","104","5","P1,0200,104cm,5dB"
"2026-07-30T17:49:18.861Z","31744","1","0","0100","96","22","P0,0100,96cm,22dB"
"2026-07-30T17:49:18.861Z","31744","2","1","0200","125","1","P1,0200,125cm,1dB"
"2026-07-30T17:49:18.961Z","31844","1","0","0100","96","20","P0,0100,96cm,20dB"
"2026-07-30T17:49:18.961Z","31844","2","1","0200","111","5","P1,0200,111cm,5dB"
"2026-07-30T17:49:19.061Z","31944","1","0","0100","97","22","P0,0100,97cm,22dB"
"2026-07-30T17:49:19.061Z","31944","2","1","0200","99","3","P1,0200,99cm,3dB"
"2026-07-30T17:49:19.161Z","32044","1","0","0100","95","17","P0,0100,95cm,17dB"
"2026-07-30T17:49:19.161Z","32044","2","1","0200","109","1","P1,0200,109cm,1dB"
"2026-07-30T17:49:19.261Z","32144","1","0","0100","95","19","P0,0100,95cm,19dB"
"2026-07-30T17:49:19.261Z","32144","2","1","0200","123","1","P1,0200,123cm,1dB"
"2026-07-30T17:49:19.361Z","32244","1","0","0100","98","18","P0,0100,98cm,18dB"
"2026-07-30T17:49:19.361Z","32244","2","1","0200","114","1","P1,0200,114cm,1dB"
"2026-07-30T17:49:19.461Z","32344","1","0","0100","97","19","P0,0100,97cm,19dB"
"2026-07-30T17:49:19.461Z","32344","2","1","0200","111","4","P1,0200,111cm,4dB"
"2026-07-30T17:49:19.561Z","32444","1","0","0100","95","18","P0,0100,95cm,18dB"
"2026-07-30T17:49:19.561Z","32444","2","1","0200","127","1","P1,0200,127cm,1dB"
"2026-07-30T17:49:19.661Z","32544","1","0","0100","98","17","P0,0100,98cm,17dB"
"2026-07-30T17:49:19.661Z","32544","2","1","0200","112","4","P1,0200,112cm,4dB"
"2026-07-30T17:49:19.761Z","32644","1","0","0100","97","19","P0,0100,97cm,19dB"
"2026-07-30T17:49:19.761Z","32644","2","1","0200","106","4","P1,0200,106cm,4dB"
"2026-07-30T17:49:19.861Z","32744","1","0","0100","98","17","P0,0100,98cm,17dB"
"2026-07-30T17:49:19.861Z","32744","2","1","0200","122","5","P1,0200,122cm,5dB"
"2026-07-30T17:49:19.961Z","32844","1","0","0100","97","18","P0,0100,97cm,18dB"
"2026-07-30T17:49:19.961Z","32844","2","1","0200","125","6","P1,0200,125cm,6dB"
"2026-07-30T17:49:20.061Z","32944","1","0","0100","97","18","P0,0100,97cm,18dB"
"2026-07-30T17:49:20.061Z","32944","2","1","0200","111","7","P1,0200,111cm,7dB"
"2026-07-30T17:49:20.161Z","33044","1","0","0100","97","17","P0,0100,97cm,17dB"
"2026-07-30T17:49:20.161Z","33044","2","1","0200","126","5","P1,0200,126cm,5dB"
"2026-07-30T17:49:20.259Z","33142","1","0","0100","96","16","P0,0100,96cm,16dB"
"2026-07-30T17:49:20.361Z","33244","1","0","0100","95","19","P0,0100,95cm,19dB"
"2026-07-30T17:49:20.361Z","33244","2","1","0200","130","3","P1,0200,130cm,3dB"
"2026-07-30T17:49:20.459Z","33342","1","0","0100","94","17","P0,0100,94cm,17dB"
"2026-07-30T17:49:20.561Z","33444","1","0","0100","96","19","P0,0100,96cm,19dB"
"2026-07-30T17:49:20.561Z","33444","2","1","0200","96","4","P1,0200,96cm,4dB"
"2026-07-30T17:49:20.661Z","33544","1","0","0100","98","18","P0,0100,98cm,18dB"
"2026-07-30T17:49:20.661Z","33544","2","1","0200","121","1","P1,0200,121cm,1dB"
"2026-07-30T17:49:20.759Z","33642","1","0","0100","96","17","P0,0100,96cm,17dB"
"2026-07-30T17:49:20.861Z","33744","1","0","0100","98","18","P0,0100,98cm,18dB"
"2026-07-30T17:49:20.861Z","33744","2","1","0200","125","0","P1,0200,125cm,0dB"
"2026-07-30T17:49:20.961Z","33844","1","0","0100","101","17","P0,0100,101cm,17dB"
"2026-07-30T17:49:20.961Z","33844","2","1","0200","129","1","P1,0200,129cm,1dB"
"2026-07-30T17:49:21.061Z","33944","1","0","0100","97","18","P0,0100,97cm,18dB"
"2026-07-30T17:49:21.061Z","33944","2","1","0200","109","4","P1,0200,109cm,4dB"
"2026-07-30T17:49:21.161Z","34044","1","0","0100","98","18","P0,0100,98cm,18dB"
"2026-07-30T17:49:21.161Z","34044","2","1","0200","110","4","P1,0200,110cm,4dB"
"2026-07-30T17:49:21.259Z","34142","1","0","0100","98","20","P0,0100,98cm,20dB"
"2026-07-30T17:49:21.361Z","34244","1","0","0100","99","18","P0,0100,99cm,18dB"
"2026-07-30T17:49:21.361Z","34244","2","1","0200","109","3","P1,0200,109cm,3dB"
"2026-07-30T17:49:21.461Z","34344","1","0","0100","97","20","P0,0100,97cm,20dB"
"2026-07-30T17:49:21.461Z","34344","2","1","0200","110","4","P1,0200,110cm,4dB"
"2026-07-30T17:49:21.561Z","34444","1","0","0100","98","19","P0,0100,98cm,19dB"
"2026-07-30T17:49:21.561Z","34444","2","1","0200","119","5","P1,0200,119cm,5dB"
"2026-07-30T17:49:21.661Z","34544","1","0","0100","102","18","P0,0100,102cm,18dB"
"2026-07-30T17:49:21.661Z","34544","2","1","0200","124","4","P1,0200,124cm,4dB"
"2026-07-30T17:49:21.761Z","34644","1","0","0100","99","18","P0,0100,99cm,18dB"
"2026-07-30T17:49:21.761Z","34644","2","1","0200","114","7","P1,0200,114cm,7dB"
"2026-07-30T17:49:21.861Z","34744","1","0","0100","98","18","P0,0100,98cm,18dB"
"2026-07-30T17:49:21.861Z","34744","2","1","0200","117","5","P1,0200,117cm,5dB"
"2026-07-30T17:49:21.961Z","34844","1","0","0100","99","20","P0,0100,99cm,20dB"
"2026-07-30T17:49:21.961Z","34844","2","1","0200","118","5","P1,0200,118cm,5dB"
"2026-07-30T17:49:22.061Z","34944","1","0","0100","102","19","P0,0100,102cm,19dB"
"2026-07-30T17:49:22.061Z","34944","2","1","0200","123","1","P1,0200,123cm,1dB"
"2026-07-30T17:49:22.161Z","35044","1","0","0100","99","17","P0,0100,99cm,17dB"
"2026-07-30T17:49:22.161Z","35044","2","1","0200","121","1","P1,0200,121cm,1dB"
"2026-07-30T17:49:22.261Z","35144","1","0","0100","99","21","P0,0100,99cm,21dB"
"2026-07-30T17:49:22.261Z","35144","2","1","0200","100","4","P1,0200,100cm,4dB"
"2026-07-30T17:49:22.361Z","35244","1","0","0100","97","20","P0,0100,97cm,20dB"
"2026-07-30T17:49:22.361Z","35244","2","1","0200","94","7","P1,0200,94cm,7dB"
"2026-07-30T17:49:22.461Z","35344","1","0","0100","100","18","P0,0100,100cm,18dB"
"2026-07-30T17:49:22.461Z","35344","2","1","0200","120","0","P1,0200,120cm,0dB"
"2026-07-30T17:49:22.561Z","35444","1","0","0100","101","18","P0,0100,101cm,18dB"
"2026-07-30T17:49:22.561Z","35444","2","1","0200","113","1","P1,0200,113cm,1dB"
"2026-07-30T17:49:22.661Z","35544","1","0","0100","98","19","P0,0100,98cm,19dB"
"2026-07-30T17:49:22.661Z","35544","2","1","0200","110","3","P1,0200,110cm,3dB"
"2026-07-30T17:49:22.761Z","35644","1","0","0100","97","20","P0,0100,97cm,20dB"
"2026-07-30T17:49:22.761Z","35644","2","1","0200","90","5","P1,0200,90cm,5dB"
"2026-07-30T17:49:22.861Z","35744","1","0","0100","97","17","P0,0100,97cm,17dB"
"2026-07-30T17:49:22.861Z","35744","2","1","0200","115","3","P1,0200,115cm,3dB"
"2026-07-30T17:49:22.961Z","35844","1","0","0100","96","19","P0,0100,96cm,19dB"
"2026-07-30T17:49:22.961Z","35844","2","1","0200","119","-2","P1,0200,119cm,-2dB"
"2026-07-30T17:49:23.061Z","35944","1","0","0100","100","19","P0,0100,100cm,19dB"
"2026-07-30T17:49:23.061Z","35944","2","1","0200","108","6","P1,0200,108cm,6dB"
"2026-07-30T17:49:23.161Z","36044","1","0","0100","96","17","P0,0100,96cm,17dB"
"2026-07-30T17:49:23.161Z","36044","2","1","0200","107","0","P1,0200,107cm,0dB"
"2026-07-30T17:49:23.261Z","36144","1","0","0100","97","18","P0,0100,97cm,18dB"
"2026-07-30T17:49:23.261Z","36144","2","1","0200","108","0","P1,0200,108cm,0dB"
"2026-07-30T17:49:23.361Z","36244","1","0","0100","96","18","P0,0100,96cm,18dB"
"2026-07-30T17:49:23.361Z","36244","2","1","0200","88","4","P1,0200,88cm,4dB"
"2026-07-30T17:49:23.461Z","36344","1","0","0100","97","19","P0,0100,97cm,19dB"
"2026-07-30T17:49:23.461Z","36344","2","1","0200","113","5","P1,0200,113cm,5dB"
"2026-07-30T17:49:23.561Z","36444","1","0","0100","97","17","P0,0100,97cm,17dB"
"2026-07-30T17:49:23.561Z","36444","2","1","0200","99","0","P1,0200,99cm,0dB"
"2026-07-30T17:49:23.661Z","36544","1","0","0100","97","16","P0,0100,97cm,16dB"
"2026-07-30T17:49:23.661Z","36544","2","1","0200","116","-2","P1,0200,116cm,-2dB"
"2026-07-30T17:49:23.761Z","36644","1","0","0100","96","16","P0,0100,96cm,16dB"
"2026-07-30T17:49:23.761Z","36644","2","1","0200","115","4","P1,0200,115cm,4dB"
"2026-07-30T17:49:23.861Z","36744","1","0","0100","89","17","P0,0100,89cm,17dB"
"2026-07-30T17:49:23.861Z","36744","2","1","0200","121","0","P1,0200,121cm,0dB"
"2026-07-30T17:49:23.961Z","36844","1","0","0100","89","19","P0,0100,89cm,19dB"
"2026-07-30T17:49:23.961Z","36844","2","1","0200","120","5","P1,0200,120cm,5dB"
"2026-07-30T17:49:24.061Z","36944","1","0","0100","95","19","P0,0100,95cm,19dB"
"2026-07-30T17:49:24.061Z","36944","2","1","0200","123","6","P1,0200,123cm,6dB"
"2026-07-30T17:49:24.161Z","37044","1","0","0100","97","18","P0,0100,97cm,18dB"
"2026-07-30T17:49:24.161Z","37044","2","1","0200","93","5","P1,0200,93cm,5dB"
"2026-07-30T17:49:24.260Z","37143","1","0","0100","87","19","P0,0100,87cm,19dB"
"2026-07-30T17:49:24.261Z","37144","2","1","0200","95","1","P1,0200,95cm,1dB"
"2026-07-30T17:49:24.360Z","37243","1","0","0100","97","17","P0,0100,97cm,17dB"
"2026-07-30T17:49:24.361Z","37244","2","1","0200","84","0","P1,0200,84cm,0dB"
"2026-07-30T17:49:24.461Z","37344","1","0","0100","94","17","P0,0100,94cm,17dB"
"2026-07-30T17:49:24.461Z","37344","2","1","0200","105","3","P1,0200,105cm,3dB"
"2026-07-30T17:49:24.561Z","37444","1","0","0100","96","19","P0,0100,96cm,19dB"
"2026-07-30T17:49:24.561Z","37444","2","1","0200","106","4","P1,0200,106cm,4dB"
"2026-07-30T17:49:24.661Z","37544","1","0","0100","101","19","P0,0100,101cm,19dB"
"2026-07-30T17:49:24.661Z","37544","2","1","0200","112","1","P1,0200,112cm,1dB"
"2026-07-30T17:49:24.761Z","37644","1","0","0100","86","20","P0,0100,86cm,20dB"
"2026-07-30T17:49:24.761Z","37644","2","1","0200","121","3","P1,0200,121cm,3dB"
"2026-07-30T17:49:24.861Z","37744","1","0","0100","91","18","P0,0100,91cm,18dB"
"2026-07-30T17:49:24.861Z","37744","2","1","0200","113","0","P1,0200,113cm,0dB"
"2026-07-30T17:49:24.960Z","37843","1","0","0100","98","21","P0,0100,98cm,21dB"
"2026-07-30T17:49:24.961Z","37844","2","1","0200","88","6","P1,0200,88cm,6dB"
"2026-07-30T17:49:25.059Z","37942","2","1","0200","109","4","P1,0200,109cm,4dB"
"2026-07-30T17:49:25.159Z","38042","1","0","0100","90","18","P0,0100,90cm,18dB"
"2026-07-30T17:49:25.261Z","38144","1","0","0100","91","18","P0,0100,91cm,18dB"
"2026-07-30T17:49:25.261Z","38144","2","1","0200","98","5","P1,0200,98cm,5dB"
"2026-07-30T17:49:25.360Z","38243","1","0","0100","90","16","P0,0100,90cm,16dB"
"2026-07-30T17:49:25.361Z","38244","2","1","0200","74","4","P1,0200,74cm,4dB"
"2026-07-30T17:49:25.461Z","38344","1","0","0100","86","17","P0,0100,86cm,17dB"
"2026-07-30T17:49:25.461Z","38344","2","1","0200","100","4","P1,0200,100cm,4dB"
"2026-07-30T17:49:25.560Z","38443","1","0","0100","89","16","P0,0100,89cm,16dB"
"2026-07-30T17:49:25.561Z","38444","2","1","0200","83","3","P1,0200,83cm,3dB"
"2026-07-30T17:49:25.661Z","38544","1","0","0100","96","19","P0,0100,96cm,19dB"
"2026-07-30T17:49:25.661Z","38544","2","1","0200","113","2","P1,0200,113cm,2dB"
"2026-07-30T17:49:25.761Z","38644","1","0","0100","103","16","P0,0100,103cm,16dB"
"2026-07-30T17:49:25.761Z","38644","2","1","0200","191","-2","P1,0200,191cm,-2dB"
"2026-07-30T17:49:25.861Z","38744","1","0","0100","102","18","P0,0100,102cm,18dB"
"2026-07-30T17:49:25.861Z","38744","2","1","0200","90","-2","P1,0200,90cm,-2dB"
"2026-07-30T17:49:25.961Z","38844","1","0","0100","105","17","P0,0100,105cm,17dB"
"2026-07-30T17:49:25.961Z","38844","2","1","0200","83","-1","P1,0200,83cm,-1dB"
"2026-07-30T17:49:26.061Z","38944","1","0","0100","98","18","P0,0100,98cm,18dB"
"2026-07-30T17:49:26.061Z","38944","2","1","0200","113","2","P1,0200,113cm,2dB"
"2026-07-30T17:49:26.160Z","39043","1","0","0100","72","17","P0,0100,72cm,17dB"
"2026-07-30T17:49:26.160Z","39043","2","1","0200","90","3","P1,0200,90cm,3dB"
"2026-07-30T17:49:26.261Z","39144","1","0","0100","92","17","P0,0100,92cm,17dB"
"2026-07-30T17:49:26.261Z","39144","2","1","0200","117","4","P1,0200,117cm,4dB"
"2026-07-30T17:49:26.361Z","39244","1","0","0100","90","16","P0,0100,90cm,16dB"
"2026-07-30T17:49:26.361Z","39244","2","1","0200","77","3","P1,0200,77cm,3dB"
"2026-07-30T17:49:26.459Z","39342","1","0","0100","87","17","P0,0100,87cm,17dB"
"2026-07-30T17:49:26.560Z","39443","1","0","0100","80","17","P0,0100,80cm,17dB"
"2026-07-30T17:49:26.561Z","39444","2","1","0200","94","0","P1,0200,94cm,0dB"
"2026-07-30T17:49:26.660Z","39543","1","0","0100","88","18","P0,0100,88cm,18dB"
"2026-07-30T17:49:26.661Z","39544","2","1","0200","129","4","P1,0200,129cm,4dB"
"2026-07-30T17:49:26.760Z","39643","1","0","0100","61","15","P0,0100,61cm,15dB"
"2026-07-30T17:49:26.761Z","39644","2","1","0200","90","-5","P1,0200,90cm,-5dB"
"2026-07-30T17:49:26.860Z","39743","1","0","0100","70","14","P0,0100,70cm,14dB"
"2026-07-30T17:49:26.861Z","39744","2","1","0200","76","-4","P1,0200,76cm,-4dB"
"2026-07-30T17:49:26.959Z","39842","1","0","0100","79","13","P0,0100,79cm,13dB"
"2026-07-30T17:49:27.059Z","39942","1","0","0100","85","11","P0,0100,85cm,11dB"
"2026-07-30T17:49:27.160Z","40043","1","0","0100","93","14","P0,0100,93cm,14dB"
"2026-07-30T17:49:27.161Z","40044","2","1","0200","109","1","P1,0200,109cm,1dB"
"2026-07-30T17:49:27.260Z","40143","1","0","0100","65","12","P0,0100,65cm,12dB"
"2026-07-30T17:49:27.261Z","40144","2","1","0200","96","-4","P1,0200,96cm,-4dB"
"2026-07-30T17:49:27.361Z","40244","1","0","0100","100","15","P0,0100,100cm,15dB"
"2026-07-30T17:49:27.361Z","40244","2","1","0200","120","-4","P1,0200,120cm,-4dB"
"2026-07-30T17:49:27.460Z","40343","1","0","0100","90","19","P0,0100,90cm,19dB"
"2026-07-30T17:49:27.461Z","40344","2","1","0200","86","-2","P1,0200,86cm,-2dB"
"2026-07-30T17:49:27.560Z","40443","1","0","0100","94","16","P0,0100,94cm,16dB"
"2026-07-30T17:49:27.560Z","40443","2","1","0200","89","-2","P1,0200,89cm,-2dB"
"2026-07-30T17:49:27.660Z","40543","1","0","0100","80","15","P0,0100,80cm,15dB"
"2026-07-30T17:49:27.660Z","40543","2","1","0200","78","-2","P1,0200,78cm,-2dB"
"2026-07-30T17:49:27.760Z","40643","1","0","0100","86","18","P0,0100,86cm,18dB"
"2026-07-30T17:49:27.760Z","40643","2","1","0200","75","-2","P1,0200,75cm,-2dB"
"2026-07-30T17:49:27.860Z","40743","1","0","0100","88","17","P0,0100,88cm,17dB"
"2026-07-30T17:49:27.860Z","40743","2","1","0200","78","0","P1,0200,78cm,0dB"
"2026-07-30T17:49:27.960Z","40843","1","0","0100","88","16","P0,0100,88cm,16dB"
"2026-07-30T17:49:27.960Z","40843","2","1","0200","79","1","P1,0200,79cm,1dB"
"2026-07-30T17:49:28.060Z","40943","1","0","0100","96","14","P0,0100,96cm,14dB"
"2026-07-30T17:49:28.060Z","40943","2","1","0200","89","3","P1,0200,89cm,3dB"
"2026-07-30T17:49:28.161Z","41044","1","0","0100","119","17","P0,0100,119cm,17dB"
"2026-07-30T17:49:28.161Z","41044","2","1","0200","81","-5","P1,0200,81cm,-5dB"
"2026-07-30T17:49:28.261Z","41144","1","0","0100","140","15","P0,0100,140cm,15dB"
"2026-07-30T17:49:28.261Z","41144","2","1","0200","63","-4","P1,0200,63cm,-4dB"
"2026-07-30T17:49:28.361Z","41244","1","0","0100","119","15","P0,0100,119cm,15dB"
"2026-07-30T17:49:28.361Z","41244","2","1","0200","73","-4","P1,0200,73cm,-4dB"
"2026-07-30T17:49:28.459Z","41342","1","0","0100","105","17","P0,0100,105cm,17dB"
"2026-07-30T17:49:28.559Z","41442","1","0","0100","93","15","P0,0100,93cm,15dB"
"2026-07-30T17:49:28.659Z","41542","1","0","0100","71","14","P0,0100,71cm,14dB"
"2026-07-30T17:49:28.859Z","41742","1","0","0100","58","16","P0,0100,58cm,16dB"
"2026-07-30T17:49:28.961Z","41844","1","0","0100","121","14","P0,0100,121cm,14dB"
"2026-07-30T17:49:28.961Z","41844","2","1","0200","115","-3","P1,0200,115cm,-3dB"
"2026-07-30T17:49:29.060Z","41943","1","0","0100","118","15","P0,0100,118cm,15dB"
"2026-07-30T17:49:29.162Z","42045","1","0","0100","93","15","P0,0100,93cm,15dB"
"2026-07-30T17:49:29.162Z","42045","2","1","0200","95","-2","P1,0200,95cm,-2dB"
"2026-07-30T17:49:29.262Z","42145","1","0","0100","81","16","P0,0100,81cm,16dB"
"2026-07-30T17:49:29.262Z","42145","2","1","0200","64","-5","P1,0200,64cm,-5dB"
"2026-07-30T17:49:29.362Z","42245","1","0","0100","92","15","P0,0100,92cm,15dB"
"2026-07-30T17:49:29.362Z","42245","2","1","0200","67","-6","P1,0200,67cm,-6dB"
"2026-07-30T17:49:29.462Z","42345","1","0","0100","84","17","P0,0100,84cm,17dB"
"2026-07-30T17:49:29.462Z","42345","2","1","0200","159","-6","P1,0200,159cm,-6dB"
"2026-07-30T17:49:29.561Z","42444","1","0","0100","82","13","P0,0100,82cm,13dB"
"2026-07-30T17:49:29.561Z","42444","2","1","0200","43","0","P1,0200,43cm,0dB"
"2026-07-30T17:49:29.662Z","42545","1","0","0100","86","13","P0,0100,86cm,13dB"
"2026-07-30T17:49:29.662Z","42545","2","1","0200","127","-6","P1,0200,127cm,-6dB"
"2026-07-30T17:49:29.762Z","42645","1","0","0100","87","13","P0,0100,87cm,13dB"
"2026-07-30T17:49:29.762Z","42645","2","1","0200","115","1","P1,0200,115cm,1dB"
"2026-07-30T17:49:29.861Z","42744","1","0","0100","87","17","P0,0100,87cm,17dB"
"2026-07-30T17:49:29.862Z","42745","2","1","0200","122","0","P1,0200,122cm,0dB"
"2026-07-30T17:49:29.962Z","42845","1","0","0100","88","13","P0,0100,88cm,13dB"
"2026-07-30T17:49:29.962Z","42845","2","1","0200","123","-6","P1,0200,123cm,-6dB"
"2026-07-30T17:49:30.062Z","42945","1","0","0100","94","14","P0,0100,94cm,14dB"
"2026-07-30T17:49:30.062Z","42945","2","1","0200","124","4","P1,0200,124cm,4dB"
"2026-07-30T17:49:30.161Z","43044","1","0","0100","95","14","P0,0100,95cm,14dB"
"2026-07-30T17:49:30.162Z","43045","2","1","0200","121","2","P1,0200,121cm,2dB"
"2026-07-30T17:49:30.262Z","43145","1","0","0100","100","13","P0,0100,100cm,13dB"
"2026-07-30T17:49:30.262Z","43145","2","1","0200","129","0","P1,0200,129cm,0dB"
"2026-07-30T17:49:30.362Z","43245","1","0","0100","88","13","P0,0100,88cm,13dB"
"2026-07-30T17:49:30.362Z","43245","2","1","0200","125","-5","P1,0200,125cm,-5dB"
"2026-07-30T17:49:30.462Z","43345","1","0","0100","95","16","P0,0100,95cm,16dB"
"2026-07-30T17:49:30.462Z","43345","2","1","0200","114","0","P1,0200,114cm,0dB"
"2026-07-30T17:49:30.561Z","43444","1","0","0100","93","15","P0,0100,93cm,15dB"
"2026-07-30T17:49:30.562Z","43445","2","1","0200","121","0","P1,0200,121cm,0dB"
"2026-07-30T17:49:30.662Z","43545","1","0","0100","95","18","P0,0100,95cm,18dB"
"2026-07-30T17:49:30.662Z","43545","2","1","0200","124","-2","P1,0200,124cm,-2dB"
"2026-07-30T17:49:30.762Z","43645","1","0","0100","86","11","P0,0100,86cm,11dB"
"2026-07-30T17:49:30.762Z","43645","2","1","0200","119","-4","P1,0200,119cm,-4dB"
"2026-07-30T17:49:30.862Z","43745","1","0","0100","84","13","P0,0100,84cm,13dB"
"2026-07-30T17:49:30.862Z","43745","2","1","0200","117","-1","P1,0200,117cm,-1dB"
"2026-07-30T17:49:30.962Z","43845","1","0","0100","97","16","P0,0100,97cm,16dB"
"2026-07-30T17:49:30.962Z","43845","2","1","0200","122","-3","P1,0200,122cm,-3dB"
"2026-07-30T17:49:31.062Z","43945","1","0","0100","98","15","P0,0100,98cm,15dB"
"2026-07-30T17:49:31.062Z","43945","2","1","0200","118","2","P1,0200,118cm,2dB"
"2026-07-30T17:49:31.162Z","44045","1","0","0100","96","14","P0,0100,96cm,14dB"
"2026-07-30T17:49:31.162Z","44045","2","1","0200","118","2","P1,0200,118cm,2dB"
"2026-07-30T17:49:31.261Z","44144","1","0","0100","91","17","P0,0100,91cm,17dB"
"2026-07-30T17:49:31.262Z","44145","2","1","0200","118","0","P1,0200,118cm,0dB"
"2026-07-30T17:49:31.362Z","44245","1","0","0100","94","17","P0,0100,94cm,17dB"
"2026-07-30T17:49:31.362Z","44245","2","1","0200","118","-6","P1,0200,118cm,-6dB"
"2026-07-30T17:49:31.462Z","44345","1","0","0100","84","16","P0,0100,84cm,16dB"
"2026-07-30T17:49:31.462Z","44345","2","1","0200","116","-3","P1,0200,116cm,-3dB"
"2026-07-30T17:49:31.562Z","44445","1","0","0100","89","16","P0,0100,89cm,16dB"
"2026-07-30T17:49:31.562Z","44445","2","1","0200","121","-2","P1,0200,121cm,-2dB"
"2026-07-30T17:49:31.662Z","44545","1","0","0100","88","16","P0,0100,88cm,16dB"
"2026-07-30T17:49:31.662Z","44545","2","1","0200","122","-7","P1,0200,122cm,-7dB"
"2026-07-30T17:49:31.762Z","44645","1","0","0100","90","14","P0,0100,90cm,14dB"
"2026-07-30T17:49:31.762Z","44645","2","1","0200","123","-3","P1,0200,123cm,-3dB"
"2026-07-30T17:49:31.862Z","44745","1","0","0100","86","12","P0,0100,86cm,12dB"
"2026-07-30T17:49:31.862Z","44745","2","1","0200","122","-7","P1,0200,122cm,-7dB"
"2026-07-30T17:49:31.962Z","44845","1","0","0100","89","14","P0,0100,89cm,14dB"
"2026-07-30T17:49:31.962Z","44845","2","1","0200","123","-8","P1,0200,123cm,-8dB"
"2026-07-30T17:49:32.062Z","44945","1","0","0100","83","11","P0,0100,83cm,11dB"
"2026-07-30T17:49:32.062Z","44945","2","1","0200","127","-6","P1,0200,127cm,-6dB"
"2026-07-30T17:49:32.162Z","45045","1","0","0100","92","12","P0,0100,92cm,12dB"
"2026-07-30T17:49:32.162Z","45045","2","1","0200","121","-4","P1,0200,121cm,-4dB"
"2026-07-30T17:49:32.262Z","45145","1","0","0100","97","13","P0,0100,97cm,13dB"
"2026-07-30T17:49:32.262Z","45145","2","1","0200","120","-6","P1,0200,120cm,-6dB"
"2026-07-30T17:49:32.362Z","45245","1","0","0100","127","14","P0,0100,127cm,14dB"
"2026-07-30T17:49:32.362Z","45245","2","1","0200","108","-2","P1,0200,108cm,-2dB"
"2026-07-30T17:49:32.461Z","45344","1","0","0100","88","14","P0,0100,88cm,14dB"
"2026-07-30T17:49:32.461Z","45344","2","1","0200","110","0","P1,0200,110cm,0dB"
"2026-07-30T17:49:32.562Z","45445","1","0","0100","97","11","P0,0100,97cm,11dB"
"2026-07-30T17:49:32.562Z","45445","2","1","0200","113","-5","P1,0200,113cm,-5dB"
"2026-07-30T17:49:32.662Z","45545","1","0","0100","97","13","P0,0100,97cm,13dB"
"2026-07-30T17:49:32.662Z","45545","2","1","0200","116","2","P1,0200,116cm,2dB"
"2026-07-30T17:49:32.761Z","45644","1","0","0100","91","14","P0,0100,91cm,14dB"
"2026-07-30T17:49:32.761Z","45644","2","1","0200","121","0","P1,0200,121cm,0dB"
"2026-07-30T17:49:32.861Z","45744","1","0","0100","90","15","P0,0100,90cm,15dB"
"2026-07-30T17:49:32.862Z","45745","2","1","0200","121","-6","P1,0200,121cm,-6dB"
"2026-07-30T17:49:32.961Z","45844","1","0","0100","92","15","P0,0100,92cm,15dB"
"2026-07-30T17:49:32.961Z","45844","2","1","0200","127","1","P1,0200,127cm,1dB"
"2026-07-30T17:49:33.061Z","45944","1","0","0100","90","11","P0,0100,90cm,11dB"
"2026-07-30T17:49:33.062Z","45945","2","1","0200","133","-3","P1,0200,133cm,-3dB"
"2026-07-30T17:49:33.162Z","46045","1","0","0100","83","12","P0,0100,83cm,12dB"
"2026-07-30T17:49:33.162Z","46045","2","1","0200","135","-7","P1,0200,135cm,-7dB"
"2026-07-30T17:49:33.260Z","46143","1","0","0100","92","12","P0,0100,92cm,12dB"
"2026-07-30T17:49:33.459Z","46342","1","0","0100","81","8","P0,0100,81cm,8dB"
"2026-07-30T17:49:33.660Z","46543","2","1","0200","99","-6","P1,0200,99cm,-6dB"
"2026-07-30T17:49:33.761Z","46644","1","0","0100","107","9","P0,0100,107cm,9dB"
"2026-07-30T17:49:33.761Z","46644","2","1","0200","83","-8","P1,0200,83cm,-8dB"
"2026-07-30T17:49:33.861Z","46744","1","0","0100","106","10","P0,0100,106cm,10dB"
"2026-07-30T17:49:33.862Z","46745","2","1","0200","93","-5","P1,0200,93cm,-5dB"
"2026-07-30T17:49:34.162Z","47045","1","0","0100","106","10","P0,0100,106cm,10dB"
"2026-07-30T17:49:34.162Z","47045","2","1","0200","103","-7","P1,0200,103cm,-7dB"
"2026-07-30T17:49:34.262Z","47145","1","0","0100","108","12","P0,0100,108cm,12dB"
"2026-07-30T17:49:34.262Z","47145","2","1","0200","105","-2","P1,0200,105cm,-2dB"
"2026-07-30T17:49:34.362Z","47245","1","0","0100","117","10","P0,0100,117cm,10dB"
"2026-07-30T17:49:34.362Z","47245","2","1","0200","104","-2","P1,0200,104cm,-2dB"
"2026-07-30T17:49:34.461Z","47344","1","0","0100","104","10","P0,0100,104cm,10dB"
"2026-07-30T17:49:34.462Z","47345","2","1","0200","96","-4","P1,0200,96cm,-4dB"
"2026-07-30T17:49:34.562Z","47445","1","0","0100","113","14","P0,0100,113cm,14dB"
"2026-07-30T17:49:34.562Z","47445","2","1","0200","102","-4","P1,0200,102cm,-4dB"
"2026-07-30T17:49:34.662Z","47545","1","0","0100","109","13","P0,0100,109cm,13dB"
"2026-07-30T17:49:34.662Z","47545","2","1","0200","121","-1","P1,0200,121cm,-1dB"
"2026-07-30T17:49:34.760Z","47643","1","0","0100","124","12","P0,0100,124cm,12dB"
"2026-07-30T17:49:34.862Z","47745","1","0","0100","122","12","P0,0100,122cm,12dB"
"2026-07-30T17:49:34.862Z","47745","2","1","0200","108","-4","P1,0200,108cm,-4dB"
"2026-07-30T17:49:34.960Z","47843","1","0","0100","112","12","P0,0100,112cm,12dB"
"2026-07-30T17:49:35.059Z","47942","2","1","0200","96","-5","P1,0200,96cm,-5dB"
"2026-07-30T17:49:35.162Z","48045","1","0","0100","130","11","P0,0100,130cm,11dB"
"2026-07-30T17:49:35.162Z","48045","2","1","0200","98","-6","P1,0200,98cm,-6dB"
"2026-07-30T17:49:35.260Z","48143","1","0","0100","106","10","P0,0100,106cm,10dB"
"2026-07-30T17:49:35.359Z","48242","1","0","0100","99","14","P0,0100,99cm,14dB"
"2026-07-30T17:49:35.462Z","48345","1","0","0100","107","15","P0,0100,107cm,15dB"
"2026-07-30T17:49:35.462Z","48345","2","1","0200","91","-7","P1,0200,91cm,-7dB"
"2026-07-30T17:49:35.560Z","48443","1","0","0100","104","16","P0,0100,104cm,16dB"
"2026-07-30T17:49:35.660Z","48543","1","0","0100","100","15","P0,0100,100cm,15dB"
"2026-07-30T17:49:35.759Z","48642","1","0","0100","98","12","P0,0100,98cm,12dB"
"2026-07-30T17:49:35.859Z","48742","1","0","0100","89","12","P0,0100,89cm,12dB"
"2026-07-30T17:49:35.959Z","48842","1","0","0100","82","16","P0,0100,82cm,16dB"
"2026-07-30T17:49:36.061Z","48944","1","0","0100","93","13","P0,0100,93cm,13dB"
"2026-07-30T17:49:36.061Z","48944","2","1","0200","93","-5","P1,0200,93cm,-5dB"
"2026-07-30T17:49:36.161Z","49044","1","0","0100","104","17","P0,0100,104cm,17dB"
"2026-07-30T17:49:36.161Z","49044","2","1","0200","86","-5","P1,0200,86cm,-5dB"
"2026-07-30T17:49:36.262Z","49145","1","0","0100","126","13","P0,0100,126cm,13dB"
"2026-07-30T17:49:36.262Z","49145","2","1","0200","106","-5","P1,0200,106cm,-5dB"
"2026-07-30T17:49:36.361Z","49244","1","0","0100","129","16","P0,0100,129cm,16dB"
"2026-07-30T17:49:36.362Z","49245","2","1","0200","104","-4","P1,0200,104cm,-4dB"
"2026-07-30T17:49:36.462Z","49345","1","0","0100","124","10","P0,0100,124cm,10dB"
"2026-07-30T17:49:36.462Z","49345","2","1","0200","113","-5","P1,0200,113cm,-5dB"
"2026-07-30T17:49:36.561Z","49444","1","0","0100","115","11","P0,0100,115cm,11dB"
"2026-07-30T17:49:36.562Z","49445","2","1","0200","159","-5","P1,0200,159cm,-5dB"
"2026-07-30T17:49:36.661Z","49544","1","0","0100","122","13","P0,0100,122cm,13dB"
"2026-07-30T17:49:36.662Z","49545","2","1","0200","136","-3","P1,0200,136cm,-3dB"
"2026-07-30T17:49:36.761Z","49644","1","0","0100","122","12","P0,0100,122cm,12dB"
"2026-07-30T17:49:36.762Z","49645","2","1","0200","103","-4","P1,0200,103cm,-4dB"
"2026-07-30T17:49:36.861Z","49744","1","0","0100","113","14","P0,0100,113cm,14dB"
"2026-07-30T17:49:36.861Z","49744","2","1","0200","74","-3","P1,0200,74cm,-3dB"
"2026-07-30T17:49:36.961Z","49844","1","0","0100","124","16","P0,0100,124cm,16dB"
"2026-07-30T17:49:36.961Z","49844","2","1","0200","94","-4","P1,0200,94cm,-4dB"
"2026-07-30T17:49:37.061Z","49944","1","0","0100","100","17","P0,0100,100cm,17dB"
"2026-07-30T17:49:37.061Z","49944","2","1","0200","93","-4","P1,0200,93cm,-4dB"
"2026-07-30T17:49:37.161Z","50044","1","0","0100","91","16","P0,0100,91cm,16dB"
"2026-07-30T17:49:37.161Z","50044","2","1","0200","78","-3","P1,0200,78cm,-3dB"
"2026-07-30T17:49:37.261Z","50144","1","0","0100","108","16","P0,0100,108cm,16dB"
"2026-07-30T17:49:37.261Z","50144","2","1","0200","84","-3","P1,0200,84cm,-3dB"
"2026-07-30T17:49:37.361Z","50244","1","0","0100","96","17","P0,0100,96cm,17dB"
"2026-07-30T17:49:37.361Z","50244","2","1","0200","84","-4","P1,0200,84cm,-4dB"
"2026-07-30T17:49:37.461Z","50344","1","0","0100","105","16","P0,0100,105cm,16dB"
"2026-07-30T17:49:37.461Z","50344","2","1","0200","86","-4","P1,0200,86cm,-4dB"
"2026-07-30T17:49:37.561Z","50444","1","0","0100","94","18","P0,0100,94cm,18dB"
"2026-07-30T17:49:37.561Z","50444","2","1","0200","92","-4","P1,0200,92cm,-4dB"
"2026-07-30T17:49:37.661Z","50544","1","0","0100","99","15","P0,0100,99cm,15dB"
"2026-07-30T17:49:37.661Z","50544","2","1","0200","93","-6","P1,0200,93cm,-6dB"
"2026-07-30T17:49:37.761Z","50644","1","0","0100","96","13","P0,0100,96cm,13dB"
"2026-07-30T17:49:37.761Z","50644","2","1","0200","110","-6","P1,0200,110cm,-6dB"
"2026-07-30T17:49:37.861Z","50744","1","0","0100","106","16","P0,0100,106cm,16dB"
"2026-07-30T17:49:37.862Z","50745","2","1","0200","105","-2","P1,0200,105cm,-2dB"
"2026-07-30T17:49:37.961Z","50844","1","0","0100","119","15","P0,0100,119cm,15dB"
"2026-07-30T17:49:37.962Z","50845","2","1","0200","108","-5","P1,0200,108cm,-5dB"
"2026-07-30T17:49:38.061Z","50944","1","0","0100","117","13","P0,0100,117cm,13dB"
"2026-07-30T17:49:38.061Z","50944","2","1","0200","99","-6","P1,0200,99cm,-6dB"
"2026-07-30T17:49:38.161Z","51044","1","0","0100","110","15","P0,0100,110cm,15dB"
"2026-07-30T17:49:38.161Z","51044","2","1","0200","110","-4","P1,0200,110cm,-4dB"
"2026-07-30T17:49:38.260Z","51143","1","0","0100","181","14","P0,0100,181cm,14dB"
"2026-07-30T17:49:38.361Z","51244","1","0","0100","128","11","P0,0100,128cm,11dB"
"2026-07-30T17:49:38.361Z","51244","2","1","0200","107","-1","P1,0200,107cm,-1dB"
"2026-07-30T17:49:38.461Z","51344","1","0","0100","98","10","P0,0100,98cm,10dB"
"2026-07-30T17:49:38.461Z","51344","2","1","0200","102","-1","P1,0200,102cm,-1dB"
"2026-07-30T17:49:38.561Z","51444","1","0","0100","165","14","P0,0100,165cm,14dB"
"2026-07-30T17:49:38.561Z","51444","2","1","0200","92","-4","P1,0200,92cm,-4dB"
"2026-07-30T17:49:38.661Z","51544","1","0","0100","87","14","P0,0100,87cm,14dB"
"2026-07-30T17:49:38.661Z","51544","2","1","0200","93","-4","P1,0200,93cm,-4dB"
"2026-07-30T17:49:38.761Z","51644","1","0","0100","88","16","P0,0100,88cm,16dB"
"2026-07-30T17:49:38.761Z","51644","2","1","0200","86","-4","P1,0200,86cm,-4dB"
"2026-07-30T17:49:38.862Z","51745","1","0","0100","82","16","P0,0100,82cm,16dB"
"2026-07-30T17:49:38.862Z","51745","2","1","0200","109","-3","P1,0200,109cm,-3dB"
"2026-07-30T17:49:38.961Z","51844","1","0","0100","80","15","P0,0100,80cm,15dB"
"2026-07-30T17:49:38.961Z","51844","2","1","0200","95","-4","P1,0200,95cm,-4dB"
"2026-07-30T17:49:39.061Z","51944","1","0","0100","79","16","P0,0100,79cm,16dB"
"2026-07-30T17:49:39.061Z","51944","2","1","0200","81","-6","P1,0200,81cm,-6dB"
"2026-07-30T17:49:39.161Z","52044","1","0","0100","83","17","P0,0100,83cm,17dB"
"2026-07-30T17:49:39.161Z","52044","2","1","0200","108","-5","P1,0200,108cm,-5dB"
"2026-07-30T17:49:39.359Z","52242","2","1","0200","85","-5","P1,0200,85cm,-5dB"
"2026-07-30T17:49:39.460Z","52343","1","0","0100","113","10","P0,0100,113cm,10dB"
"2026-07-30T17:49:39.560Z","52443","1","0","0100","154","13","P0,0100,154cm,13dB"
"2026-07-30T17:49:39.660Z","52543","1","0","0100","151","18","P0,0100,151cm,18dB"
"2026-07-30T17:49:39.760Z","52643","1","0","0100","123","12","P0,0100,123cm,12dB"
"2026-07-30T17:49:39.859Z","52742","1","0","0100","99","15","P0,0100,99cm,15dB"
"2026-07-30T17:49:39.959Z","52842","1","0","0100","92","16","P0,0100,92cm,16dB"
"2026-07-30T17:49:40.059Z","52942","1","0","0100","95","16","P0,0100,95cm,16dB"
"2026-07-30T17:49:40.159Z","53042","1","0","0100","86","14","P0,0100,86cm,14dB"
"2026-07-30T17:49:40.261Z","53144","1","0","0100","87","16","P0,0100,87cm,16dB"
"2026-07-30T17:49:40.261Z","53144","2","1","0200","89","-4","P1,0200,89cm,-4dB"
"2026-07-30T17:49:40.361Z","53244","1","0","0100","95","18","P0,0100,95cm,18dB"
"2026-07-30T17:49:40.361Z","53244","2","1","0200","75","-7","P1,0200,75cm,-7dB"
"2026-07-30T17:49:40.461Z","53344","1","0","0100","102","16","P0,0100,102cm,16dB"
"2026-07-30T17:49:40.461Z","53344","2","1","0200","86","-4","P1,0200,86cm,-4dB"
"2026-07-30T17:49:40.561Z","53444","1","0","0100","106","17","P0,0100,106cm,17dB"
"2026-07-30T17:49:40.561Z","53444","2","1","0200","130","-2","P1,0200,130cm,-2dB"
"2026-07-30T17:49:40.661Z","53544","1","0","0100","115","14","P0,0100,115cm,14dB"
"2026-07-30T17:49:40.661Z","53544","2","1","0200","117","-3","P1,0200,117cm,-3dB"
"2026-07-30T17:49:40.761Z","53644","1","0","0100","112","14","P0,0100,112cm,14dB"
"2026-07-30T17:49:40.761Z","53644","2","1","0200","127","-4","P1,0200,127cm,-4dB"
"2026-07-30T17:49:40.861Z","53744","1","0","0100","106","13","P0,0100,106cm,13dB"
"2026-07-30T17:49:40.861Z","53744","2","1","0200","133","-1","P1,0200,133cm,-1dB"
"2026-07-30T17:49:40.961Z","53844","1","0","0100","102","16","P0,0100,102cm,16dB"
"2026-07-30T17:49:40.961Z","53844","2","1","0200","86","-3","P1,0200,86cm,-3dB"
"2026-07-30T17:49:41.061Z","53944","1","0","0100","106","14","P0,0100,106cm,14dB"
"2026-07-30T17:49:41.061Z","53944","2","1","0200","196","-1","P1,0200,196cm,-1dB"
"2026-07-30T17:49:41.161Z","54044","1","0","0100","136","14","P0,0100,136cm,14dB"
"2026-07-30T17:49:41.161Z","54044","2","1","0200","172","-5","P1,0200,172cm,-5dB"
"2026-07-30T17:49:41.261Z","54144","1","0","0100","113","18","P0,0100,113cm,18dB"
"2026-07-30T17:49:41.262Z","54145","2","1","0200","185","-3","P1,0200,185cm,-3dB"
"2026-07-30T17:49:41.360Z","54243","1","0","0100","102","13","P0,0100,102cm,13dB"
"2026-07-30T17:49:41.459Z","54342","1","0","0100","99","17","P0,0100,99cm,17dB"
"2026-07-30T17:49:41.561Z","54444","1","0","0100","113","9","P0,0100,113cm,9dB"
"2026-07-30T17:49:41.561Z","54444","2","1","0200","109","-7","P1,0200,109cm,-7dB"
"2026-07-30T17:49:41.661Z","54544","1","0","0100","116","10","P0,0100,116cm,10dB"
"2026-07-30T17:49:41.661Z","54544","2","1","0200","104","-6","P1,0200,104cm,-6dB"
"2026-07-30T17:49:41.761Z","54644","1","0","0100","118","10","P0,0100,118cm,10dB"
"2026-07-30T17:49:41.761Z","54644","2","1","0200","101","-6","P1,0200,101cm,-6dB"
"2026-07-30T17:49:41.859Z","54742","2","1","0200","97","-6","P1,0200,97cm,-6dB"
"2026-07-30T17:49:41.959Z","54842","2","1","0200","96","-3","P1,0200,96cm,-3dB"
"2026-07-30T17:49:42.061Z","54944","1","0","0100","109","9","P0,0100,109cm,9dB"
"2026-07-30T17:49:42.061Z","54944","2","1","0200","96","-7","P1,0200,96cm,-7dB"
"2026-07-30T17:49:42.160Z","55043","1","0","0100","104","11","P0,0100,104cm,11dB"
"2026-07-30T17:49:42.259Z","55142","1","0","0100","101","8","P0,0100,101cm,8dB"
"2026-07-30T17:49:42.359Z","55242","1","0","0100","108","8","P0,0100,108cm,8dB"
"2026-07-30T17:49:42.459Z","55342","1","0","0100","112","9","P0,0100,112cm,9dB"
"2026-07-30T17:49:42.561Z","55444","1","0","0100","122","8","P0,0100,122cm,8dB"
"2026-07-30T17:49:42.561Z","55444","2","1","0200","86","-8","P1,0200,86cm,-8dB"
"2026-07-30T17:49:42.659Z","55542","1","0","0100","116","7","P0,0100,116cm,7dB"
"2026-07-30T17:49:42.759Z","55642","1","0","0100","114","9","P0,0100,114cm,9dB"
"2026-07-30T17:49:42.859Z","55742","1","0","0100","116","6","P0,0100,116cm,6dB"
"2026-07-30T17:49:42.959Z","55842","1","0","0100","125","9","P0,0100,125cm,9dB"
"2026-07-30T17:49:43.061Z","55944","1","0","0100","121","7","P0,0100,121cm,7dB"
"2026-07-30T17:49:43.061Z","55944","2","1","0200","100","-6","P1,0200,100cm,-6dB"
"2026-07-30T17:49:43.161Z","56044","1","0","0100","128","8","P0,0100,128cm,8dB"
"2026-07-30T17:49:43.161Z","56044","2","1","0200","97","-6","P1,0200,97cm,-6dB"
"2026-07-30T17:49:43.261Z","56144","1","0","0100","130","6","P0,0100,130cm,6dB"
"2026-07-30T17:49:43.261Z","56144","2","1","0200","98","-5","P1,0200,98cm,-5dB"
"2026-07-30T17:49:43.361Z","56244","1","0","0100","134","8","P0,0100,134cm,8dB"
"2026-07-30T17:49:43.361Z","56244","2","1","0200","99","-5","P1,0200,99cm,-5dB"
"2026-07-30T17:49:43.461Z","56344","1","0","0100","139","7","P0,0100,139cm,7dB"
"2026-07-30T17:49:43.461Z","56344","2","1","0200","100","-6","P1,0200,100cm,-6dB"
"2026-07-30T17:49:43.561Z","56444","1","0","0100","135","7","P0,0100,135cm,7dB"
"2026-07-30T17:49:43.561Z","56444","2","1","0200","102","-6","P1,0200,102cm,-6dB"
"2026-07-30T17:49:43.661Z","56544","1","0","0100","137","0","P0,0100,137cm,0dB"
"2026-07-30T17:49:43.661Z","56544","2","1","0200","99","-5","P1,0200,99cm,-5dB"
"2026-07-30T17:49:43.761Z","56644","1","0","0100","129","6","P0,0100,129cm,6dB"
"2026-07-30T17:49:43.761Z","56644","2","1","0200","100","-5","P1,0200,100cm,-5dB"
"2026-07-30T17:49:43.861Z","56744","1","0","0100","128","7","P0,0100,128cm,7dB"
"2026-07-30T17:49:43.861Z","56744","2","1","0200","101","-5","P1,0200,101cm,-5dB"
"2026-07-30T17:49:43.961Z","56844","1","0","0100","107","11","P0,0100,107cm,11dB"
"2026-07-30T17:49:43.961Z","56844","2","1","0200","109","-5","P1,0200,109cm,-5dB"
"2026-07-30T17:49:44.061Z","56944","1","0","0100","104","16","P0,0100,104cm,16dB"
"2026-07-30T17:49:44.061Z","56944","2","1","0200","101","-2","P1,0200,101cm,-2dB"
"2026-07-30T17:49:44.161Z","57044","1","0","0100","87","17","P0,0100,87cm,17dB"
"2026-07-30T17:49:44.161Z","57044","2","1","0200","107","-2","P1,0200,107cm,-2dB"
"2026-07-30T17:49:44.261Z","57144","1","0","0100","73","16","P0,0100,73cm,16dB"
"2026-07-30T17:49:44.261Z","57144","2","1","0200","113","0","P1,0200,113cm,0dB"
"2026-07-30T17:49:44.361Z","57244","1","0","0100","78","18","P0,0100,78cm,18dB"
"2026-07-30T17:49:44.361Z","57244","2","1","0200","111","-2","P1,0200,111cm,-2dB"
"2026-07-30T17:49:44.461Z","57344","1","0","0100","88","17","P0,0100,88cm,17dB"
"2026-07-30T17:49:44.461Z","57344","2","1","0200","145","-4","P1,0200,145cm,-4dB"
"2026-07-30T17:49:44.561Z","57444","1","0","0100","77","16","P0,0100,77cm,16dB"
"2026-07-30T17:49:44.561Z","57444","2","1","0200","153","-5","P1,0200,153cm,-5dB"
"2026-07-30T17:49:44.661Z","57544","1","0","0100","72","17","P0,0100,72cm,17dB"
"2026-07-30T17:49:44.661Z","57544","2","1","0200","163","-2","P1,0200,163cm,-2dB"
"2026-07-30T17:49:44.761Z","57644","1","0","0100","78","13","P0,0100,78cm,13dB"
"2026-07-30T17:49:44.761Z","57644","2","1","0200","113","-4","P1,0200,113cm,-4dB"
"2026-07-30T17:49:44.861Z","57744","1","0","0100","94","17","P0,0100,94cm,17dB"
"2026-07-30T17:49:44.861Z","57744","2","1","0200","110","-3","P1,0200,110cm,-3dB"
"2026-07-30T17:49:44.961Z","57844","1","0","0100","88","14","P0,0100,88cm,14dB"
"2026-07-30T17:49:44.961Z","57844","2","1","0200","100","2","P1,0200,100cm,2dB"
"2026-07-30T17:49:45.061Z","57944","1","0","0100","98","17","P0,0100,98cm,17dB"
"2026-07-30T17:49:45.061Z","57944","2","1","0200","105","-3","P1,0200,105cm,-3dB"
"2026-07-30T17:49:45.161Z","58044","1","0","0100","106","16","P0,0100,106cm,16dB"
"2026-07-30T17:49:45.161Z","58044","2","1","0200","108","-3","P1,0200,108cm,-3dB"
"2026-07-30T17:49:45.261Z","58144","1","0","0100","100","19","P0,0100,100cm,19dB"
"2026-07-30T17:49:45.261Z","58144","2","1","0200","111","1","P1,0200,111cm,1dB"
"2026-07-30T17:49:45.361Z","58244","1","0","0100","100","18","P0,0100,100cm,18dB"
"2026-07-30T17:49:45.361Z","58244","2","1","0200","124","-5","P1,0200,124cm,-5dB"
"2026-07-30T17:49:45.461Z","58344","1","0","0100","92","18","P0,0100,92cm,18dB"
"2026-07-30T17:49:45.461Z","58344","2","1","0200","116","-4","P1,0200,116cm,-4dB"
"2026-07-30T17:49:45.561Z","58444","1","0","0100","85","18","P0,0100,85cm,18dB"
"2026-07-30T17:49:45.561Z","58444","2","1","0200","104","-3","P1,0200,104cm,-3dB"
"2026-07-30T17:49:45.661Z","58544","1","0","0100","82","15","P0,0100,82cm,15dB"
"2026-07-30T17:49:45.661Z","58544","2","1","0200","97","-5","P1,0200,97cm,-5dB"
"2026-07-30T17:49:45.761Z","58644","1","0","0100","89","15","P0,0100,89cm,15dB"
"2026-07-30T17:49:45.761Z","58644","2","1","0200","106","-3","P1,0200,106cm,-3dB"
"2026-07-30T17:49:45.861Z","58744","1","0","0100","80","16","P0,0100,80cm,16dB"
"2026-07-30T17:49:45.861Z","58744","2","1","0200","128","-4","P1,0200,128cm,-4dB"
"2026-07-30T17:49:45.961Z","58844","1","0","0100","70","17","P0,0100,70cm,17dB"
"2026-07-30T17:49:45.961Z","58844","2","1","0200","112","-4","P1,0200,112cm,-4dB"
"2026-07-30T17:49:46.074Z","58957","1","0","0100","60","19","P0,0100,60cm,19dB"
"2026-07-30T17:49:46.074Z","58957","2","1","0200","85","-4","P1,0200,85cm,-4dB"
"2026-07-30T17:49:46.161Z","59044","1","0","0100","73","18","P0,0100,73cm,18dB"
"2026-07-30T17:49:46.161Z","59044","2","1","0200","119","-3","P1,0200,119cm,-3dB"
"2026-07-30T17:49:46.261Z","59144","1","0","0100","76","16","P0,0100,76cm,16dB"
"2026-07-30T17:49:46.261Z","59144","2","1","0200","63","-3","P1,0200,63cm,-3dB"
"2026-07-30T17:49:46.361Z","59244","1","0","0100","56","14","P0,0100,56cm,14dB"
"2026-07-30T17:49:46.361Z","59244","2","1","0200","172","-4","P1,0200,172cm,-4dB"
"2026-07-30T17:49:46.461Z","59344","1","0","0100","89","17","P0,0100,89cm,17dB"
"2026-07-30T17:49:46.461Z","59344","2","1","0200","67","-3","P1,0200,67cm,-3dB"
"2026-07-30T17:49:46.561Z","59444","1","0","0100","92","16","P0,0100,92cm,16dB"
"2026-07-30T17:49:46.561Z","59444","2","1","0200","133","-1","P1,0200,133cm,-1dB"
"2026-07-30T17:49:46.661Z","59544","1","0","0100","91","18","P0,0100,91cm,18dB"
"2026-07-30T17:49:46.661Z","59544","2","1","0200","92","3","P1,0200,92cm,3dB"
"2026-07-30T17:49:46.761Z","59644","1","0","0100","86","15","P0,0100,86cm,15dB"
"2026-07-30T17:49:46.761Z","59644","2","1","0200","46","-1","P1,0200,46cm,-1dB"
"2026-07-30T17:49:46.861Z","59744","1","0","0100","95","19","P0,0100,95cm,19dB"
"2026-07-30T17:49:46.861Z","59744","2","1","0200","88","5","P1,0200,88cm,5dB"
"2026-07-30T17:49:46.961Z","59844","1","0","0100","98","19","P0,0100,98cm,19dB"
"2026-07-30T17:49:46.961Z","59844","2","1","0200","77","-4","P1,0200,77cm,-4dB"
"2026-07-30T17:49:47.059Z","59942","1","0","0100","98","19","P0,0100,98cm,19dB"
"2026-07-30T17:49:47.161Z","60044","1","0","0100","96","16","P0,0100,96cm,16dB"
"2026-07-30T17:49:47.161Z","60044","2","1","0200","108","-3","P1,0200,108cm,-3dB"
"2026-07-30T17:49:47.261Z","60144","1","0","0100","120","16","P0,0100,120cm,16dB"
"2026-07-30T17:49:47.261Z","60144","2","1","0200","121","0","P1,0200,121cm,0dB"
"2026-07-30T17:49:47.361Z","60244","1","0","0100","91","16","P0,0100,91cm,16dB"
"2026-07-30T17:49:47.361Z","60244","2","1","0200","113","1","P1,0200,113cm,1dB"
"2026-07-30T17:49:47.461Z","60344","1","0","0100","83","16","P0,0100,83cm,16dB"
"2026-07-30T17:49:47.461Z","60344","2","1","0200","121","-2","P1,0200,121cm,-2dB"
"2026-07-30T17:49:47.561Z","60444","1","0","0100","83","15","P0,0100,83cm,15dB"
"2026-07-30T17:49:47.561Z","60444","2","1","0200","118","-2","P1,0200,118cm,-2dB"
"2026-07-30T17:49:47.661Z","60544","1","0","0100","91","17","P0,0100,91cm,17dB"
"2026-07-30T17:49:47.661Z","60544","2","1","0200","106","-3","P1,0200,106cm,-3dB"
"2026-07-30T17:49:47.761Z","60644","1","0","0100","114","16","P0,0100,114cm,16dB"
"2026-07-30T17:49:47.761Z","60644","2","1","0200","120","-3","P1,0200,120cm,-3dB"
"2026-07-30T17:49:47.861Z","60744","1","0","0100","102","17","P0,0100,102cm,17dB"
"2026-07-30T17:49:47.861Z","60744","2","1","0200","115","-3","P1,0200,115cm,-3dB"
"2026-07-30T17:49:47.961Z","60844","1","0","0100","91","16","P0,0100,91cm,16dB"
"2026-07-30T17:49:47.961Z","60844","2","1","0200","76","-1","P1,0200,76cm,-1dB"
"2026-07-30T17:49:48.061Z","60944","1","0","0100","98","18","P0,0100,98cm,18dB"
"2026-07-30T17:49:48.061Z","60944","2","1","0200","104","-4","P1,0200,104cm,-4dB"
"2026-07-30T17:49:48.161Z","61044","1","0","0100","103","17","P0,0100,103cm,17dB"
"2026-07-30T17:49:48.161Z","61044","2","1","0200","119","0","P1,0200,119cm,0dB"
"2026-07-30T17:49:48.261Z","61144","1","0","0100","91","16","P0,0100,91cm,16dB"
"2026-07-30T17:49:48.261Z","61144","2","1","0200","105","-2","P1,0200,105cm,-2dB"
"2026-07-30T17:49:48.361Z","61244","1","0","0100","82","15","P0,0100,82cm,15dB"
"2026-07-30T17:49:48.361Z","61244","2","1","0200","103","-4","P1,0200,103cm,-4dB"
"2026-07-30T17:49:48.461Z","61344","1","0","0100","99","17","P0,0100,99cm,17dB"
"2026-07-30T17:49:48.461Z","61344","2","1","0200","126","-3","P1,0200,126cm,-3dB"
"2026-07-30T17:49:48.561Z","61444","1","0","0100","98","16","P0,0100,98cm,16dB"
"2026-07-30T17:49:48.561Z","61444","2","1","0200","110","5","P1,0200,110cm,5dB"
"2026-07-30T17:49:48.661Z","61544","1","0","0100","101","13","P0,0100,101cm,13dB"
"2026-07-30T17:49:48.661Z","61544","2","1","0200","106","5","P1,0200,106cm,5dB"
"2026-07-30T17:49:48.761Z","61644","1","0","0100","103","16","P0,0100,103cm,16dB"
"2026-07-30T17:49:48.761Z","61644","2","1","0200","101","3","P1,0200,101cm,3dB"
"2026-07-30T17:49:48.861Z","61744","1","0","0100","91","16","P0,0100,91cm,16dB"
"2026-07-30T17:49:48.861Z","61744","2","1","0200","89","2","P1,0200,89cm,2dB"
"2026-07-30T17:49:48.961Z","61844","1","0","0100","97","16","P0,0100,97cm,16dB"
"2026-07-30T17:49:48.961Z","61844","2","1","0200","97","0","P1,0200,97cm,0dB"
"2026-07-30T17:49:49.061Z","61944","1","0","0100","91","15","P0,0100,91cm,15dB"
"2026-07-30T17:49:49.061Z","61944","2","1","0200","133","3","P1,0200,133cm,3dB"
"2026-07-30T17:49:49.161Z","62044","1","0","0100","102","18","P0,0100,102cm,18dB"
"2026-07-30T17:49:49.161Z","62044","2","1","0200","108","-3","P1,0200,108cm,-3dB"
"2026-07-30T17:49:49.261Z","62144","1","0","0100","83","18","P0,0100,83cm,18dB"
"2026-07-30T17:49:49.261Z","62144","2","1","0200","107","3","P1,0200,107cm,3dB"
"2026-07-30T17:49:49.361Z","62244","1","0","0100","95","15","P0,0100,95cm,15dB"
"2026-07-30T17:49:49.361Z","62244","2","1","0200","112","-5","P1,0200,112cm,-5dB"
"2026-07-30T17:49:49.461Z","62344","1","0","0100","83","18","P0,0100,83cm,18dB"
"2026-07-30T17:49:49.461Z","62344","2","1","0200","113","-2","P1,0200,113cm,-2dB"
"2026-07-30T17:49:49.561Z","62444","1","0","0100","101","17","P0,0100,101cm,17dB"
"2026-07-30T17:49:49.561Z","62444","2","1","0200","109","-3","P1,0200,109cm,-3dB"
"2026-07-30T17:49:49.661Z","62544","1","0","0100","79","13","P0,0100,79cm,13dB"
"2026-07-30T17:49:49.661Z","62544","2","1","0200","119","-2","P1,0200,119cm,-2dB"
"2026-07-30T17:49:49.761Z","62644","1","0","0100","88","16","P0,0100,88cm,16dB"
"2026-07-30T17:49:49.761Z","62644","2","1","0200","106","-4","P1,0200,106cm,-4dB"
"2026-07-30T17:49:49.861Z","62744","1","0","0100","104","15","P0,0100,104cm,15dB"
"2026-07-30T17:49:49.861Z","62744","2","1","0200","130","3","P1,0200,130cm,3dB"
"2026-07-30T17:49:49.961Z","62844","1","0","0100","85","16","P0,0100,85cm,16dB"
"2026-07-30T17:49:49.961Z","62844","2","1","0200","124","0","P1,0200,124cm,0dB"
"2026-07-30T17:49:50.061Z","62944","1","0","0100","91","16","P0,0100,91cm,16dB"
"2026-07-30T17:49:50.061Z","62944","2","1","0200","131","-2","P1,0200,131cm,-2dB"
"2026-07-30T17:49:50.161Z","63044","1","0","0100","79","17","P0,0100,79cm,17dB"
"2026-07-30T17:49:50.161Z","63044","2","1","0200","126","-2","P1,0200,126cm,-2dB"
"2026-07-30T17:49:50.261Z","63144","1","0","0100","98","16","P0,0100,98cm,16dB"
"2026-07-30T17:49:50.261Z","63144","2","1","0200","118","2","P1,0200,118cm,2dB"
"2026-07-30T17:49:50.361Z","63244","1","0","0100","85","21","P0,0100,85cm,21dB"
"2026-07-30T17:49:50.361Z","63244","2","1","0200","143","-3","P1,0200,143cm,-3dB"
"2026-07-30T17:49:50.461Z","63344","1","0","0100","81","16","P0,0100,81cm,16dB"
"2026-07-30T17:49:50.461Z","63344","2","1","0200","128","4","P1,0200,128cm,4dB"
"2026-07-30T17:49:50.561Z","63444","1","0","0100","84","17","P0,0100,84cm,17dB"
"2026-07-30T17:49:50.561Z","63444","2","1","0200","136","0","P1,0200,136cm,0dB"
"2026-07-30T17:49:50.661Z","63544","1","0","0100","89","16","P0,0100,89cm,16dB"
"2026-07-30T17:49:50.661Z","63544","2","1","0200","121","3","P1,0200,121cm,3dB"
"2026-07-30T17:49:50.761Z","63644","1","0","0100","90","16","P0,0100,90cm,16dB"
"2026-07-30T17:49:50.761Z","63644","2","1","0200","128","3","P1,0200,128cm,3dB"
"2026-07-30T17:49:50.861Z","63744","1","0","0100","87","18","P0,0100,87cm,18dB"
"2026-07-30T17:49:50.861Z","63744","2","1","0200","132","-3","P1,0200,132cm,-3dB"
"2026-07-30T17:49:50.961Z","63844","1","0","0100","84","19","P0,0100,84cm,19dB"
"2026-07-30T17:49:50.961Z","63844","2","1","0200","149","1","P1,0200,149cm,1dB"
"2026-07-30T17:49:51.061Z","63944","1","0","0100","103","16","P0,0100,103cm,16dB"
"2026-07-30T17:49:51.061Z","63944","2","1","0200","98","-3","P1,0200,98cm,-3dB"
"2026-07-30T17:49:51.161Z","64044","1","0","0100","91","16","P0,0100,91cm,16dB"
"2026-07-30T17:49:51.161Z","64044","2","1","0200","155","-3","P1,0200,155cm,-3dB"
"2026-07-30T17:49:51.261Z","64144","1","0","0100","94","16","P0,0100,94cm,16dB"
"2026-07-30T17:49:51.261Z","64144","2","1","0200","132","-4","P1,0200,132cm,-4dB"
"2026-07-30T17:49:51.361Z","64244","1","0","0100","94","15","P0,0100,94cm,15dB"
"2026-07-30T17:49:51.361Z","64244","2","1","0200","132","-4","P1,0200,132cm,-4dB"
"2026-07-30T17:49:51.461Z","64344","1","0","0100","89","16","P0,0100,89cm,16dB"
"2026-07-30T17:49:51.461Z","64344","2","1","0200","74","-3","P1,0200,74cm,-3dB"
"2026-07-30T17:49:51.561Z","64444","1","0","0100","102","18","P0,0100,102cm,18dB"
"2026-07-30T17:49:51.561Z","64444","2","1","0200","93","-4","P1,0200,93cm,-4dB"
"2026-07-30T17:49:51.661Z","64544","1","0","0100","100","18","P0,0100,100cm,18dB"
"2026-07-30T17:49:51.661Z","64544","2","1","0200","134","-2","P1,0200,134cm,-2dB"
"2026-07-30T17:49:51.761Z","64644","1","0","0100","85","15","P0,0100,85cm,15dB"
"2026-07-30T17:49:51.761Z","64644","2","1","0200","132","-1","P1,0200,132cm,-1dB"
"2026-07-30T17:49:51.861Z","64744","1","0","0100","76","17","P0,0100,76cm,17dB"
"2026-07-30T17:49:51.861Z","64744","2","1","0200","127","-1","P1,0200,127cm,-1dB"
"2026-07-30T17:49:51.961Z","64844","1","0","0100","89","16","P0,0100,89cm,16dB"
"2026-07-30T17:49:51.961Z","64844","2","1","0200","118","0","P1,0200,118cm,0dB"
"2026-07-30T17:49:52.061Z","64944","1","0","0100","85","16","P0,0100,85cm,16dB"
"2026-07-30T17:49:52.061Z","64944","2","1","0200","118","3","P1,0200,118cm,3dB"
"2026-07-30T17:49:52.161Z","65044","1","0","0100","83","17","P0,0100,83cm,17dB"
"2026-07-30T17:49:52.161Z","65044","2","1","0200","129","1","P1,0200,129cm,1dB"
"2026-07-30T17:49:52.261Z","65144","1","0","0100","90","16","P0,0100,90cm,16dB"
"2026-07-30T17:49:52.261Z","65144","2","1","0200","123","2","P1,0200,123cm,2dB"
"2026-07-30T17:49:52.361Z","65244","1","0","0100","80","19","P0,0100,80cm,19dB"
"2026-07-30T17:49:52.361Z","65244","2","1","0200","125","2","P1,0200,125cm,2dB"
"2026-07-30T17:49:52.461Z","65344","1","0","0100","83","14","P0,0100,83cm,14dB"
"2026-07-30T17:49:52.461Z","65344","2","1","0200","105","3","P1,0200,105cm,3dB"
"2026-07-30T17:49:52.561Z","65444","1","0","0100","91","14","P0,0100,91cm,14dB"
"2026-07-30T17:49:52.561Z","65444","2","1","0200","106","0","P1,0200,106cm,0dB"
"2026-07-30T17:49:52.661Z","65544","1","0","0100","91","21","P0,0100,91cm,21dB"
"2026-07-30T17:49:52.661Z","65544","2","1","0200","135","-3","P1,0200,135cm,-3dB"
"2026-07-30T17:49:52.761Z","65644","1","0","0100","91","14","P0,0100,91cm,14dB"
"2026-07-30T17:49:52.761Z","65644","2","1","0200","63","-4","P1,0200,63cm,-4dB"
"2026-07-30T17:49:52.861Z","65744","1","0","0100","89","16","P0,0100,89cm,16dB"
"2026-07-30T17:49:52.861Z","65744","2","1","0200","73","-4","P1,0200,73cm,-4dB"
"2026-07-30T17:49:52.961Z","65844","1","0","0100","85","17","P0,0100,85cm,17dB"
"2026-07-30T17:49:52.961Z","65844","2","1","0200","97","-1","P1,0200,97cm,-1dB"
"2026-07-30T17:49:53.061Z","65944","1","0","0100","85","17","P0,0100,85cm,17dB"
"2026-07-30T17:49:53.061Z","65944","2","1","0200","65","-6","P1,0200,65cm,-6dB"
"2026-07-30T17:49:53.161Z","66044","1","0","0100","87","18","P0,0100,87cm,18dB"
"2026-07-30T17:49:53.161Z","66044","2","1","0200","91","-4","P1,0200,91cm,-4dB"
"2026-07-30T17:49:53.261Z","66144","1","0","0100","88","18","P0,0100,88cm,18dB"
"2026-07-30T17:49:53.261Z","66144","2","1","0200","82","-2","P1,0200,82cm,-2dB"
"2026-07-30T17:49:53.361Z","66244","1","0","0100","86","15","P0,0100,86cm,15dB"
"2026-07-30T17:49:53.361Z","66244","2","1","0200","76","-4","P1,0200,76cm,-4dB"
"2026-07-30T17:49:53.461Z","66344","1","0","0100","87","19","P0,0100,87cm,19dB"
"2026-07-30T17:49:53.461Z","66344","2","1","0200","84","0","P1,0200,84cm,0dB"
"2026-07-30T17:49:53.559Z","66442","1","0","0100","88","16","P0,0100,88cm,16dB"
"2026-07-30T17:49:53.661Z","66544","1","0","0100","87","15","P0,0100,87cm,15dB"
"2026-07-30T17:49:53.661Z","66544","2","1","0200","88","3","P1,0200,88cm,3dB"
"2026-07-30T17:49:53.761Z","66644","1","0","0100","84","18","P0,0100,84cm,18dB"
"2026-07-30T17:49:53.761Z","66644","2","1","0200","90","2","P1,0200,90cm,2dB"
"2026-07-30T17:49:53.861Z","66744","1","0","0100","89","17","P0,0100,89cm,17dB"
"2026-07-30T17:49:53.861Z","66744","2","1","0200","88","-1","P1,0200,88cm,-1dB"
"2026-07-30T17:49:53.961Z","66844","1","0","0100","88","17","P0,0100,88cm,17dB"
"2026-07-30T17:49:53.961Z","66844","2","1","0200","95","-2","P1,0200,95cm,-2dB"
"2026-07-30T17:49:54.061Z","66944","1","0","0100","92","12","P0,0100,92cm,12dB"
"2026-07-30T17:49:54.061Z","66944","2","1","0200","106","-1","P1,0200,106cm,-1dB"
"2026-07-30T17:49:54.161Z","67044","1","0","0100","93","17","P0,0100,93cm,17dB"
"2026-07-30T17:49:54.161Z","67044","2","1","0200","100","-1","P1,0200,100cm,-1dB"
"2026-07-30T17:49:54.261Z","67144","1","0","0100","89","16","P0,0100,89cm,16dB"
"2026-07-30T17:49:54.261Z","67144","2","1","0200","106","-4","P1,0200,106cm,-4dB"
"2026-07-30T17:49:54.361Z","67244","1","0","0100","111","13","P0,0100,111cm,13dB"
"2026-07-30T17:49:54.361Z","67244","2","1","0200","116","-2","P1,0200,116cm,-2dB"
"2026-07-30T17:49:54.461Z","67344","1","0","0100","107","17","P0,0100,107cm,17dB"
"2026-07-30T17:49:54.461Z","67344","2","1","0200","118","4","P1,0200,118cm,4dB"
"2026-07-30T17:49:54.561Z","67444","1","0","0100","103","13","P0,0100,103cm,13dB"
"2026-07-30T17:49:54.561Z","67444","2","1","0200","98","-1","P1,0200,98cm,-1dB"
"2026-07-30T17:49:54.661Z","67544","1","0","0100","89","13","P0,0100,89cm,13dB"
"2026-07-30T17:49:54.661Z","67544","2","1","0200","97","3","P1,0200,97cm,3dB"
"2026-07-30T17:49:54.759Z","67642","2","1","0200","95","0","P1,0200,95cm,0dB"
"2026-07-30T17:49:54.861Z","67744","1","0","0100","83","15","P0,0100,83cm,15dB"
"2026-07-30T17:49:54.861Z","67744","2","1","0200","97","4","P1,0200,97cm,4dB"
"2026-07-30T17:49:54.961Z","67844","1","0","0100","124","17","P0,0100,124cm,17dB"
"2026-07-30T17:49:54.961Z","67844","2","1","0200","114","2","P1,0200,114cm,2dB"
"2026-07-30T17:49:55.061Z","67944","1","0","0100","83","16","P0,0100,83cm,16dB"
"2026-07-30T17:49:55.061Z","67944","2","1","0200","95","-1","P1,0200,95cm,-1dB"
"2026-07-30T17:49:55.161Z","68044","1","0","0100","95","16","P0,0100,95cm,16dB"
"2026-07-30T17:49:55.161Z","68044","2","1","0200","125","4","P1,0200,125cm,4dB"
"2026-07-30T17:49:55.261Z","68144","1","0","0100","112","15","P0,0100,112cm,15dB"
"2026-07-30T17:49:55.261Z","68144","2","1","0200","105","3","P1,0200,105cm,3dB"
"2026-07-30T17:49:55.361Z","68244","1","0","0100","72","17","P0,0100,72cm,17dB"
"2026-07-30T17:49:55.361Z","68244","2","1","0200","111","4","P1,0200,111cm,4dB"
"2026-07-30T17:49:55.461Z","68344","1","0","0100","113","15","P0,0100,113cm,15dB"
"2026-07-30T17:49:55.461Z","68344","2","1","0200","107","4","P1,0200,107cm,4dB"
"2026-07-30T17:49:55.561Z","68444","1","0","0100","100","13","P0,0100,100cm,13dB"
"2026-07-30T17:49:55.561Z","68444","2","1","0200","80","5","P1,0200,80cm,5dB"
"2026-07-30T17:49:55.661Z","68544","1","0","0100","112","12","P0,0100,112cm,12dB"
"2026-07-30T17:49:55.661Z","68544","2","1","0200","89","5","P1,0200,89cm,5dB"
"2026-07-30T17:49:55.761Z","68644","1","0","0100","145","15","P0,0100,145cm,15dB"
"2026-07-30T17:49:55.761Z","68644","2","1","0200","94","-1","P1,0200,94cm,-1dB"
"2026-07-30T17:49:55.861Z","68744","1","0","0100","164","17","P0,0100,164cm,17dB"
"2026-07-30T17:49:55.861Z","68744","2","1","0200","104","3","P1,0200,104cm,3dB"
"2026-07-30T17:49:55.961Z","68844","1","0","0100","166","18","P0,0100,166cm,18dB"
"2026-07-30T17:49:55.961Z","68844","2","1","0200","103","1","P1,0200,103cm,1dB"
"2026-07-30T17:49:56.061Z","68944","1","0","0100","184","14","P0,0100,184cm,14dB"
"2026-07-30T17:49:56.061Z","68944","2","1","0200","99","3","P1,0200,99cm,3dB"
"2026-07-30T17:49:56.161Z","69044","1","0","0100","168","15","P0,0100,168cm,15dB"
"2026-07-30T17:49:56.161Z","69044","2","1","0200","84","-1","P1,0200,84cm,-1dB"
"2026-07-30T17:49:56.261Z","69144","1","0","0100","190","12","P0,0100,190cm,12dB"
"2026-07-30T17:49:56.261Z","69144","2","1","0200","94","0","P1,0200,94cm,0dB"
"2026-07-30T17:49:56.361Z","69244","1","0","0100","163","17","P0,0100,163cm,17dB"
"2026-07-30T17:49:56.361Z","69244","2","1","0200","86","5","P1,0200,86cm,5dB"
"2026-07-30T17:49:56.459Z","69342","2","1","0200","93","6","P1,0200,93cm,6dB"
"2026-07-30T17:49:56.561Z","69444","1","0","0100","145","14","P0,0100,145cm,14dB"
"2026-07-30T17:49:56.561Z","69444","2","1","0200","112","4","P1,0200,112cm,4dB"
"2026-07-30T17:49:56.661Z","69544","1","0","0100","89","14","P0,0100,89cm,14dB"
"2026-07-30T17:49:56.661Z","69544","2","1","0200","115","2","P1,0200,115cm,2dB"
"2026-07-30T17:49:56.761Z","69644","1","0","0100","117","16","P0,0100,117cm,16dB"
"2026-07-30T17:49:56.761Z","69644","2","1","0200","121","3","P1,0200,121cm,3dB"
"2026-07-30T17:49:56.861Z","69744","1","0","0100","109","16","P0,0100,109cm,16dB"
"2026-07-30T17:49:56.861Z","69744","2","1","0200","104","5","P1,0200,104cm,5dB"
"2026-07-30T17:49:56.961Z","69844","1","0","0100","97","16","P0,0100,97cm,16dB"
"2026-07-30T17:49:56.961Z","69844","2","1","0200","113","0","P1,0200,113cm,0dB"
"2026-07-30T17:49:57.061Z","69944","1","0","0100","85","18","P0,0100,85cm,18dB"
"2026-07-30T17:49:57.061Z","69944","2","1","0200","108","4","P1,0200,108cm,4dB"
"2026-07-30T17:49:57.161Z","70044","1","0","0100","74","17","P0,0100,74cm,17dB"
"2026-07-30T17:49:57.161Z","70044","2","1","0200","116","-2","P1,0200,116cm,-2dB"
"2026-07-30T17:49:57.261Z","70144","1","0","0100","75","17","P0,0100,75cm,17dB"
"2026-07-30T17:49:57.261Z","70144","2","1","0200","117","2","P1,0200,117cm,2dB"
"2026-07-30T17:49:57.361Z","70244","1","0","0100","80","16","P0,0100,80cm,16dB"
"2026-07-30T17:49:57.361Z","70244","2","1","0200","115","5","P1,0200,115cm,5dB"
"2026-07-30T17:49:57.461Z","70344","1","0","0100","70","14","P0,0100,70cm,14dB"
"2026-07-30T17:49:57.461Z","70344","2","1","0200","113","1","P1,0200,113cm,1dB"
"2026-07-30T17:49:57.561Z","70444","1","0","0100","76","15","P0,0100,76cm,15dB"
"2026-07-30T17:49:57.561Z","70444","2","1","0200","106","-2","P1,0200,106cm,-2dB"
"2026-07-30T17:49:57.660Z","70543","1","0","0100","80","16","P0,0100,80cm,16dB"
"2026-07-30T17:49:57.660Z","70543","2","1","0200","88","0","P1,0200,88cm,0dB"
"2026-07-30T17:49:57.761Z","70644","1","0","0100","78","18","P0,0100,78cm,18dB"
"2026-07-30T17:49:57.761Z","70644","2","1","0200","118","2","P1,0200,118cm,2dB"
"2026-07-30T17:49:57.861Z","70744","1","0","0100","85","14","P0,0100,85cm,14dB"
"2026-07-30T17:49:57.861Z","70744","2","1","0200","113","2","P1,0200,113cm,2dB"
"2026-07-30T17:49:57.961Z","70844","1","0","0100","99","17","P0,0100,99cm,17dB"
"2026-07-30T17:49:57.961Z","70844","2","1","0200","122","-1","P1,0200,122cm,-1dB"
"2026-07-30T17:49:58.061Z","70944","1","0","0100","92","17","P0,0100,92cm,17dB"
"2026-07-30T17:49:58.061Z","70944","2","1","0200","125","1","P1,0200,125cm,1dB"
"2026-07-30T17:49:58.161Z","71044","1","0","0100","72","16","P0,0100,72cm,16dB"
"2026-07-30T17:49:58.161Z","71044","2","1","0200","119","0","P1,0200,119cm,0dB"
"2026-07-30T17:49:58.261Z","71144","1","0","0100","78","17","P0,0100,78cm,17dB"
"2026-07-30T17:49:58.261Z","71144","2","1","0200","117","2","P1,0200,117cm,2dB"
"2026-07-30T17:49:58.361Z","71244","1","0","0100","96","14","P0,0100,96cm,14dB"
"2026-07-30T17:49:58.361Z","71244","2","1","0200","119","3","P1,0200,119cm,3dB"
"2026-07-30T17:49:58.461Z","71344","1","0","0100","98","14","P0,0100,98cm,14dB"
"2026-07-30T17:49:58.461Z","71344","2","1","0200","121","-3","P1,0200,121cm,-3dB"
"2026-07-30T17:49:58.561Z","71444","1","0","0100","76","17","P0,0100,76cm,17dB"
"2026-07-30T17:49:58.561Z","71444","2","1","0200","111","-3","P1,0200,111cm,-3dB"
"2026-07-30T17:49:58.661Z","71544","1","0","0100","67","15","P0,0100,67cm,15dB"
"2026-07-30T17:49:58.661Z","71544","2","1","0200","115","-2","P1,0200,115cm,-2dB"
"2026-07-30T17:49:58.761Z","71644","1","0","0100","114","15","P0,0100,114cm,15dB"
"2026-07-30T17:49:58.761Z","71644","2","1","0200","120","3","P1,0200,120cm,3dB"
"2026-07-30T17:49:58.861Z","71744","1","0","0100","104","15","P0,0100,104cm,15dB"
"2026-07-30T17:49:58.861Z","71744","2","1","0200","117","-1","P1,0200,117cm,-1dB"
"2026-07-30T17:49:58.960Z","71843","1","0","0100","85","17","P0,0100,85cm,17dB"
"2026-07-30T17:49:58.961Z","71844","2","1","0200","116","4","P1,0200,116cm,4dB"
"2026-07-30T17:49:59.061Z","71944","1","0","0100","78","16","P0,0100,78cm,16dB"
"2026-07-30T17:49:59.061Z","71944","2","1","0200","119","-1","P1,0200,119cm,-1dB"
"2026-07-30T17:49:59.161Z","72044","1","0","0100","71","15","P0,0100,71cm,15dB"
"2026-07-30T17:49:59.161Z","72044","2","1","0200","113","4","P1,0200,113cm,4dB"
"2026-07-30T17:49:59.260Z","72143","1","0","0100","80","18","P0,0100,80cm,18dB"
"2026-07-30T17:49:59.261Z","72144","2","1","0200","113","5","P1,0200,113cm,5dB"
"2026-07-30T17:49:59.360Z","72243","1","0","0100","79","16","P0,0100,79cm,16dB"
"2026-07-30T17:49:59.361Z","72244","2","1","0200","113","5","P1,0200,113cm,5dB"
"2026-07-30T17:49:59.460Z","72343","1","0","0100","71","17","P0,0100,71cm,17dB"
"2026-07-30T17:49:59.461Z","72344","2","1","0200","110","5","P1,0200,110cm,5dB"
"2026-07-30T17:49:59.560Z","72443","1","0","0100","81","18","P0,0100,81cm,18dB"
"2026-07-30T17:49:59.560Z","72443","2","1","0200","109","7","P1,0200,109cm,7dB"
"2026-07-30T17:49:59.660Z","72543","1","0","0100","72","15","P0,0100,72cm,15dB"
"2026-07-30T17:49:59.661Z","72544","2","1","0200","110","5","P1,0200,110cm,5dB"
"2026-07-30T17:49:59.760Z","72643","1","0","0100","85","19","P0,0100,85cm,19dB"
"2026-07-30T17:49:59.761Z","72644","2","1","0200","109","7","P1,0200,109cm,7dB"
"2026-07-30T17:49:59.860Z","72743","1","0","0100","73","15","P0,0100,73cm,15dB"
"2026-07-30T17:49:59.861Z","72744","2","1","0200","110","3","P1,0200,110cm,3dB"
"2026-07-30T17:49:59.960Z","72843","1","0","0100","87","16","P0,0100,87cm,16dB"
"2026-07-30T17:49:59.960Z","72843","2","1","0200","114","4","P1,0200,114cm,4dB"
"2026-07-30T17:50:00.061Z","72944","1","0","0100","84","17","P0,0100,84cm,17dB"
"2026-07-30T17:50:00.061Z","72944","2","1","0200","108","-1","P1,0200,108cm,-1dB"
"2026-07-30T17:50:00.160Z","73043","1","0","0100","82","16","P0,0100,82cm,16dB"
"2026-07-30T17:50:00.160Z","73043","2","1","0200","114","2","P1,0200,114cm,2dB"
"2026-07-30T17:50:00.260Z","73143","1","0","0100","90","16","P0,0100,90cm,16dB"
"2026-07-30T17:50:00.260Z","73143","2","1","0200","110","3","P1,0200,110cm,3dB"
"2026-07-30T17:50:00.361Z","73244","1","0","0100","73","14","P0,0100,73cm,14dB"
"2026-07-30T17:50:00.361Z","73244","2","1","0200","117","-1","P1,0200,117cm,-1dB"
"2026-07-30T17:50:00.461Z","73344","1","0","0100","102","14","P0,0100,102cm,14dB"
"2026-07-30T17:50:00.461Z","73344","2","1","0200","116","2","P1,0200,116cm,2dB"
"2026-07-30T17:50:00.560Z","73443","1","0","0100","82","13","P0,0100,82cm,13dB"
"2026-07-30T17:50:00.560Z","73443","2","1","0200","120","3","P1,0200,120cm,3dB"
"2026-07-30T17:50:00.661Z","73544","1","0","0100","100","15","P0,0100,100cm,15dB"
"2026-07-30T17:50:00.661Z","73544","2","1","0200","119","-1","P1,0200,119cm,-1dB"
"2026-07-30T17:50:00.761Z","73644","1","0","0100","90","12","P0,0100,90cm,12dB"
"2026-07-30T17:50:00.761Z","73644","2","1","0200","121","-2","P1,0200,121cm,-2dB"
"2026-07-30T17:50:00.861Z","73744","1","0","0100","84","17","P0,0100,84cm,17dB"
"2026-07-30T17:50:00.861Z","73744","2","1","0200","121","-1","P1,0200,121cm,-1dB"
"2026-07-30T17:50:00.960Z","73843","1","0","0100","88","17","P0,0100,88cm,17dB"
"2026-07-30T17:50:00.960Z","73843","2","1","0200","121","4","P1,0200,121cm,4dB"
"2026-07-30T17:50:01.061Z","73944","1","0","0100","91","15","P0,0100,91cm,15dB"
"2026-07-30T17:50:01.061Z","73944","2","1","0200","124","-1","P1,0200,124cm,-1dB"
"2026-07-30T17:50:01.160Z","74043","1","0","0100","90","14","P0,0100,90cm,14dB"
"2026-07-30T17:50:01.160Z","74043","2","1","0200","116","4","P1,0200,116cm,4dB"
"2026-07-30T17:50:01.260Z","74143","1","0","0100","97","15","P0,0100,97cm,15dB"
"2026-07-30T17:50:01.261Z","74144","2","1","0200","117","2","P1,0200,117cm,2dB"
"2026-07-30T17:50:01.361Z","74244","1","0","0100","83","17","P0,0100,83cm,17dB"
"2026-07-30T17:50:01.361Z","74244","2","1","0200","105","-1","P1,0200,105cm,-1dB"
"2026-07-30T17:50:01.460Z","74343","1","0","0100","84","18","P0,0100,84cm,18dB"
"2026-07-30T17:50:01.460Z","74343","2","1","0200","120","4","P1,0200,120cm,4dB"
"2026-07-30T17:50:01.561Z","74444","1","0","0100","101","16","P0,0100,101cm,16dB"
"2026-07-30T17:50:01.561Z","74444","2","1","0200","111","-2","P1,0200,111cm,-2dB"
"2026-07-30T17:50:01.660Z","74543","1","0","0100","90","16","P0,0100,90cm,16dB"
"2026-07-30T17:50:01.661Z","74544","2","1","0200","120","-2","P1,0200,120cm,-2dB"
"2026-07-30T17:50:01.760Z","74643","1","0","0100","87","15","P0,0100,87cm,15dB"
"2026-07-30T17:50:01.760Z","74643","2","1","0200","146","1","P1,0200,146cm,1dB"
"2026-07-30T17:50:01.860Z","74743","1","0","0100","88","16","P0,0100,88cm,16dB"
"2026-07-30T17:50:01.860Z","74743","2","1","0200","63","-4","P1,0200,63cm,-4dB"
"2026-07-30T17:50:01.960Z","74843","1","0","0100","89","15","P0,0100,89cm,15dB"
"2026-07-30T17:50:01.960Z","74843","2","1","0200","177","2","P1,0200,177cm,2dB"
"2026-07-30T17:50:02.058Z","74941","2","1","0200","95","2","P1,0200,95cm,2dB"
"2026-07-30T17:50:02.160Z","75043","1","0","0100","89","16","P0,0100,89cm,16dB"
"2026-07-30T17:50:02.160Z","75043","2","1","0200","75","-4","P1,0200,75cm,-4dB"
"2026-07-30T17:50:02.261Z","75144","1","0","0100","83","16","P0,0100,83cm,16dB"
"2026-07-30T17:50:02.261Z","75144","2","1","0200","94","-2","P1,0200,94cm,-2dB"
"2026-07-30T17:50:02.360Z","75243","1","0","0100","85","16","P0,0100,85cm,16dB"
"2026-07-30T17:50:02.361Z","75244","2","1","0200","102","2","P1,0200,102cm,2dB"
"2026-07-30T17:50:02.461Z","75344","1","0","0100","90","16","P0,0100,90cm,16dB"
"2026-07-30T17:50:02.461Z","75344","2","1","0200","120","-4","P1,0200,120cm,-4dB"
"2026-07-30T17:50:02.564Z","75447","1","0","0100","99","20","P0,0100,99cm,20dB"
"2026-07-30T17:50:02.564Z","75447","2","1","0200","87","1","P1,0200,87cm,1dB"
"2026-07-30T17:50:02.660Z","75543","1","0","0100","118","15","P0,0100,118cm,15dB"
"2026-07-30T17:50:02.660Z","75543","2","1","0200","92","3","P1,0200,92cm,3dB"
"2026-07-30T17:50:02.761Z","75644","1","0","0100","76","16","P0,0100,76cm,16dB"
"2026-07-30T17:50:02.761Z","75644","2","1","0200","103","4","P1,0200,103cm,4dB"
"2026-07-30T17:50:02.860Z","75743","1","0","0100","89","15","P0,0100,89cm,15dB"
"2026-07-30T17:50:02.860Z","75743","2","1","0200","93","2","P1,0200,93cm,2dB"
"2026-07-30T17:50:02.960Z","75843","1","0","0100","92","14","P0,0100,92cm,14dB"
"2026-07-30T17:50:02.961Z","75844","2","1","0200","118","-2","P1,0200,118cm,-2dB"
"2026-07-30T17:50:03.060Z","75943","1","0","0100","97","17","P0,0100,97cm,17dB"
"2026-07-30T17:50:03.061Z","75944","2","1","0200","129","-3","P1,0200,129cm,-3dB"
"2026-07-30T17:50:03.161Z","76044","1","0","0100","91","17","P0,0100,91cm,17dB"
"2026-07-30T17:50:03.161Z","76044","2","1","0200","116","-2","P1,0200,116cm,-2dB"
"2026-07-30T17:50:03.261Z","76144","1","0","0100","92","18","P0,0100,92cm,18dB"
"2026-07-30T17:50:03.261Z","76144","2","1","0200","121","-2","P1,0200,121cm,-2dB"
"2026-07-30T17:50:03.360Z","76243","1","0","0100","95","16","P0,0100,95cm,16dB"
"2026-07-30T17:50:03.360Z","76243","2","1","0200","108","0","P1,0200,108cm,0dB"
"2026-07-30T17:50:03.461Z","76344","1","0","0100","112","16","P0,0100,112cm,16dB"
"2026-07-30T17:50:03.461Z","76344","2","1","0200","107","-3","P1,0200,107cm,-3dB"
"2026-07-30T17:50:03.560Z","76443","1","0","0100","92","12","P0,0100,92cm,12dB"
"2026-07-30T17:50:03.560Z","76443","2","1","0200","122","4","P1,0200,122cm,4dB"
"2026-07-30T17:50:03.660Z","76543","1","0","0100","84","16","P0,0100,84cm,16dB"
"2026-07-30T17:50:03.660Z","76543","2","1","0200","121","-2","P1,0200,121cm,-2dB"
"2026-07-30T17:50:03.760Z","76643","1","0","0100","88","15","P0,0100,88cm,15dB"
"2026-07-30T17:50:03.760Z","76643","2","1","0200","119","-2","P1,0200,119cm,-2dB"
"2026-07-30T17:50:03.860Z","76743","1","0","0100","114","16","P0,0100,114cm,16dB"
"2026-07-30T17:50:03.860Z","76743","2","1","0200","116","2","P1,0200,116cm,2dB"
"2026-07-30T17:50:03.960Z","76843","1","0","0100","88","17","P0,0100,88cm,17dB"
"2026-07-30T17:50:03.960Z","76843","2","1","0200","116","-2","P1,0200,116cm,-2dB"
"2026-07-30T17:50:04.060Z","76943","1","0","0100","94","18","P0,0100,94cm,18dB"
"2026-07-30T17:50:04.060Z","76943","2","1","0200","113","-4","P1,0200,113cm,-4dB"
"2026-07-30T17:50:04.160Z","77043","1","0","0100","95","17","P0,0100,95cm,17dB"
"2026-07-30T17:50:04.160Z","77043","2","1","0200","114","-4","P1,0200,114cm,-4dB"
"2026-07-30T17:50:04.260Z","77143","1","0","0100","97","19","P0,0100,97cm,19dB"
"2026-07-30T17:50:04.260Z","77143","2","1","0200","100","-3","P1,0200,100cm,-3dB"
"2026-07-30T17:50:04.360Z","77243","1","0","0100","90","15","P0,0100,90cm,15dB"
"2026-07-30T17:50:04.360Z","77243","2","1","0200","120","-4","P1,0200,120cm,-4dB"
"2026-07-30T17:50:04.461Z","77344","1","0","0100","107","20","P0,0100,107cm,20dB"
"2026-07-30T17:50:04.461Z","77344","2","1","0200","113","-3","P1,0200,113cm,-3dB"
"2026-07-30T17:50:04.560Z","77443","1","0","0100","99","17","P0,0100,99cm,17dB"
"2026-07-30T17:50:04.560Z","77443","2","1","0200","101","-4","P1,0200,101cm,-4dB"
"2026-07-30T17:50:04.660Z","77543","1","0","0100","91","17","P0,0100,91cm,17dB"
"2026-07-30T17:50:04.660Z","77543","2","1","0200","117","-2","P1,0200,117cm,-2dB"
"2026-07-30T17:50:04.760Z","77643","1","0","0100","80","14","P0,0100,80cm,14dB"
"2026-07-30T17:50:04.760Z","77643","2","1","0200","113","-2","P1,0200,113cm,-2dB"
"2026-07-30T17:50:04.860Z","77743","1","0","0100","82","15","P0,0100,82cm,15dB"
"2026-07-30T17:50:04.860Z","77743","2","1","0200","118","-4","P1,0200,118cm,-4dB"
"2026-07-30T17:50:04.960Z","77843","1","0","0100","98","13","P0,0100,98cm,13dB"
"2026-07-30T17:50:04.960Z","77843","2","1","0200","116","1","P1,0200,116cm,1dB"
"2026-07-30T17:50:05.060Z","77943","1","0","0100","122","13","P0,0100,122cm,13dB"
"2026-07-30T17:50:05.060Z","77943","2","1","0200","116","0","P1,0200,116cm,0dB"
"2026-07-30T17:50:05.160Z","78043","1","0","0100","98","8","P0,0100,98cm,8dB"
"2026-07-30T17:50:05.160Z","78043","2","1","0200","90","-3","P1,0200,90cm,-3dB"
"2026-07-30T17:50:05.260Z","78143","1","0","0100","79","17","P0,0100,79cm,17dB"
"2026-07-30T17:50:05.261Z","78144","2","1","0200","119","-2","P1,0200,119cm,-2dB"
"2026-07-30T17:50:05.360Z","78243","1","0","0100","94","16","P0,0100,94cm,16dB"
"2026-07-30T17:50:05.360Z","78243","2","1","0200","125","0","P1,0200,125cm,0dB"
"2026-07-30T17:50:05.460Z","78343","1","0","0100","93","17","P0,0100,93cm,17dB"
"2026-07-30T17:50:05.460Z","78343","2","1","0200","135","-2","P1,0200,135cm,-2dB"
"2026-07-30T17:50:05.560Z","78443","1","0","0100","99","19","P0,0100,99cm,19dB"
"2026-07-30T17:50:05.560Z","78443","2","1","0200","102","-4","P1,0200,102cm,-4dB"
"2026-07-30T17:50:05.660Z","78543","1","0","0100","87","16","P0,0100,87cm,16dB"
"2026-07-30T17:50:05.660Z","78543","2","1","0200","133","2","P1,0200,133cm,2dB"
"2026-07-30T17:50:05.760Z","78643","1","0","0100","95","17","P0,0100,95cm,17dB"
"2026-07-30T17:50:05.760Z","78643","2","1","0200","111","-5","P1,0200,111cm,-5dB"
"2026-07-30T17:50:05.860Z","78743","1","0","0100","88","17","P0,0100,88cm,17dB"
"2026-07-30T17:50:05.860Z","78743","2","1","0200","98","-5","P1,0200,98cm,-5dB"
"2026-07-30T17:50:05.960Z","78843","1","0","0100","95","17","P0,0100,95cm,17dB"
"2026-07-30T17:50:05.960Z","78843","2","1","0200","185","0","P1,0200,185cm,0dB"
"2026-07-30T17:50:06.060Z","78943","1","0","0100","107","18","P0,0100,107cm,18dB"
"2026-07-30T17:50:06.060Z","78943","2","1","0200","85","-2","P1,0200,85cm,-2dB"
"2026-07-30T17:50:06.160Z","79043","1","0","0100","100","17","P0,0100,100cm,17dB"
"2026-07-30T17:50:06.161Z","79044","2","1","0200","95","-6","P1,0200,95cm,-6dB"
"2026-07-30T17:50:06.259Z","79142","2","1","0200","95","-1","P1,0200,95cm,-1dB"
"2026-07-30T17:50:06.359Z","79242","1","0","0100","91","16","P0,0100,91cm,16dB"
"2026-07-30T17:50:06.460Z","79343","1","0","0100","92","18","P0,0100,92cm,18dB"
"2026-07-30T17:50:06.460Z","79343","2","1","0200","113","-4","P1,0200,113cm,-4dB"
"2026-07-30T17:50:06.560Z","79443","1","0","0100","103","15","P0,0100,103cm,15dB"
"2026-07-30T17:50:06.560Z","79443","2","1","0200","86","-3","P1,0200,86cm,-3dB"
"2026-07-30T17:50:06.660Z","79543","1","0","0100","93","16","P0,0100,93cm,16dB"
"2026-07-30T17:50:06.660Z","79543","2","1","0200","111","1","P1,0200,111cm,1dB"
"2026-07-30T17:50:06.760Z","79643","1","0","0100","92","18","P0,0100,92cm,18dB"
"2026-07-30T17:50:06.760Z","79643","2","1","0200","115","-3","P1,0200,115cm,-3dB"
"2026-07-30T17:50:06.860Z","79743","1","0","0100","115","18","P0,0100,115cm,18dB"
"2026-07-30T17:50:06.860Z","79743","2","1","0200","105","-2","P1,0200,105cm,-2dB"
"2026-07-30T17:50:06.960Z","79843","1","0","0100","92","17","P0,0100,92cm,17dB"
"2026-07-30T17:50:06.960Z","79843","2","1","0200","112","-5","P1,0200,112cm,-5dB"
"2026-07-30T17:50:07.060Z","79943","1","0","0100","93","13","P0,0100,93cm,13dB"
"2026-07-30T17:50:07.060Z","79943","2","1","0200","70","-7","P1,0200,70cm,-7dB"
"2026-07-30T17:50:07.160Z","80043","1","0","0100","98","19","P0,0100,98cm,19dB"
"2026-07-30T17:50:07.160Z","80043","2","1","0200","145","-2","P1,0200,145cm,-2dB"
"2026-07-30T17:50:07.259Z","80142","2","1","0200","118","-4","P1,0200,118cm,-4dB"
"2026-07-30T17:50:07.360Z","80243","1","0","0100","104","17","P0,0100,104cm,17dB"
"2026-07-30T17:50:07.360Z","80243","2","1","0200","106","-4","P1,0200,106cm,-4dB"
"2026-07-30T17:50:07.460Z","80343","1","0","0100","97","14","P0,0100,97cm,14dB"
"2026-07-30T17:50:07.460Z","80343","2","1","0200","103","-3","P1,0200,103cm,-3dB"
"2026-07-30T17:50:07.560Z","80443","1","0","0100","85","15","P0,0100,85cm,15dB"
"2026-07-30T17:50:07.560Z","80443","2","1","0200","112","-2","P1,0200,112cm,-2dB"
"2026-07-30T17:50:07.660Z","80543","1","0","0100","90","17","P0,0100,90cm,17dB"
"2026-07-30T17:50:07.660Z","80543","2","1","0200","122","3","P1,0200,122cm,3dB"
"2026-07-30T17:50:07.760Z","80643","1","0","0100","91","16","P0,0100,91cm,16dB"
"2026-07-30T17:50:07.760Z","80643","2","1","0200","115","-5","P1,0200,115cm,-5dB"
"2026-07-30T17:50:07.860Z","80743","1","0","0100","98","16","P0,0100,98cm,16dB"
"2026-07-30T17:50:07.860Z","80743","2","1","0200","81","-1","P1,0200,81cm,-1dB"
"2026-07-30T17:50:07.960Z","80843","1","0","0100","83","16","P0,0100,83cm,16dB"
"2026-07-30T17:50:07.960Z","80843","2","1","0200","89","-3","P1,0200,89cm,-3dB"
"2026-07-30T17:50:08.060Z","80943","1","0","0100","96","15","P0,0100,96cm,15dB"
"2026-07-30T17:50:08.060Z","80943","2","1","0200","111","-2","P1,0200,111cm,-2dB"
"2026-07-30T17:50:08.161Z","81044","1","0","0100","94","16","P0,0100,94cm,16dB"
"2026-07-30T17:50:08.161Z","81044","2","1","0200","110","0","P1,0200,110cm,0dB"
"2026-07-30T17:50:08.260Z","81143","1","0","0100","91","14","P0,0100,91cm,14dB"
"2026-07-30T17:50:08.260Z","81143","2","1","0200","114","-3","P1,0200,114cm,-3dB"
"2026-07-30T17:50:08.360Z","81243","1","0","0100","93","17","P0,0100,93cm,17dB"
"2026-07-30T17:50:08.360Z","81243","2","1","0200","122","-3","P1,0200,122cm,-3dB"
"2026-07-30T17:50:08.460Z","81343","1","0","0100","99","19","P0,0100,99cm,19dB"
"2026-07-30T17:50:08.460Z","81343","2","1","0200","124","-4","P1,0200,124cm,-4dB"
"2026-07-30T17:50:08.560Z","81443","1","0","0100","90","15","P0,0100,90cm,15dB"
"2026-07-30T17:50:08.560Z","81443","2","1","0200","96","-5","P1,0200,96cm,-5dB"
"2026-07-30T17:50:08.660Z","81543","1","0","0100","79","16","P0,0100,79cm,16dB"
"2026-07-30T17:50:08.660Z","81543","2","1","0200","90","-4","P1,0200,90cm,-4dB"
"2026-07-30T17:50:08.760Z","81643","1","0","0100","86","18","P0,0100,86cm,18dB"
"2026-07-30T17:50:08.760Z","81643","2","1","0200","110","-2","P1,0200,110cm,-2dB"
"2026-07-30T17:50:08.860Z","81743","1","0","0100","78","15","P0,0100,78cm,15dB"
"2026-07-30T17:50:08.860Z","81743","2","1","0200","121","-4","P1,0200,121cm,-4dB"
"2026-07-30T17:50:08.960Z","81843","1","0","0100","79","16","P0,0100,79cm,16dB"
"2026-07-30T17:50:08.960Z","81843","2","1","0200","107","-4","P1,0200,107cm,-4dB"
"2026-07-30T17:50:09.060Z","81943","1","0","0100","79","17","P0,0100,79cm,17dB"
"2026-07-30T17:50:09.060Z","81943","2","1","0200","124","-1","P1,0200,124cm,-1dB"
"2026-07-30T17:50:09.160Z","82043","1","0","0100","85","17","P0,0100,85cm,17dB"
"2026-07-30T17:50:09.160Z","82043","2","1","0200","131","-4","P1,0200,131cm,-4dB"
"2026-07-30T17:50:09.260Z","82143","1","0","0100","112","15","P0,0100,112cm,15dB"
"2026-07-30T17:50:09.260Z","82143","2","1","0200","106","-4","P1,0200,106cm,-4dB"
"2026-07-30T17:50:09.360Z","82243","1","0","0100","85","16","P0,0100,85cm,16dB"
"2026-07-30T17:50:09.361Z","82244","2","1","0200","113","-4","P1,0200,113cm,-4dB"
"2026-07-30T17:50:09.460Z","82343","1","0","0100","89","14","P0,0100,89cm,14dB"
"2026-07-30T17:50:09.460Z","82343","2","1","0200","104","-5","P1,0200,104cm,-5dB"
"2026-07-30T17:50:09.560Z","82443","1","0","0100","86","16","P0,0100,86cm,16dB"
"2026-07-30T17:50:09.560Z","82443","2","1","0200","98","1","P1,0200,98cm,1dB"
"2026-07-30T17:50:09.660Z","82543","1","0","0100","105","19","P0,0100,105cm,19dB"
"2026-07-30T17:50:09.660Z","82543","2","1","0200","125","0","P1,0200,125cm,0dB"
"2026-07-30T17:50:09.760Z","82643","1","0","0100","89","15","P0,0100,89cm,15dB"
"2026-07-30T17:50:09.760Z","82643","2","1","0200","117","-5","P1,0200,117cm,-5dB"
"2026-07-30T17:50:09.860Z","82743","1","0","0100","115","18","P0,0100,115cm,18dB"
"2026-07-30T17:50:09.860Z","82743","2","1","0200","120","-4","P1,0200,120cm,-4dB"
"2026-07-30T17:50:09.960Z","82843","1","0","0100","89","13","P0,0100,89cm,13dB"
"2026-07-30T17:50:09.960Z","82843","2","1","0200","128","-4","P1,0200,128cm,-4dB"
"2026-07-30T17:50:10.060Z","82943","1","0","0100","83","16","P0,0100,83cm,16dB"
"2026-07-30T17:50:10.060Z","82943","2","1","0200","126","-4","P1,0200,126cm,-4dB"
"2026-07-30T17:50:10.160Z","83043","1","0","0100","93","16","P0,0100,93cm,16dB"
"2026-07-30T17:50:10.160Z","83043","2","1","0200","125","-4","P1,0200,125cm,-4dB"
"2026-07-30T17:50:10.260Z","83143","1","0","0100","112","14","P0,0100,112cm,14dB"
"2026-07-30T17:50:10.261Z","83144","2","1","0200","128","-4","P1,0200,128cm,-4dB"
"2026-07-30T17:50:10.360Z","83243","1","0","0100","94","11","P0,0100,94cm,11dB"
"2026-07-30T17:50:10.360Z","83243","2","1","0200","125","-4","P1,0200,125cm,-4dB"
"2026-07-30T17:50:10.460Z","83343","1","0","0100","97","14","P0,0100,97cm,14dB"
"2026-07-30T17:50:10.460Z","83343","2","1","0200","127","-4","P1,0200,127cm,-4dB"
"2026-07-30T17:50:10.560Z","83443","1","0","0100","95","14","P0,0100,95cm,14dB"
"2026-07-30T17:50:10.560Z","83443","2","1","0200","104","0","P1,0200,104cm,0dB"
"2026-07-30T17:50:10.660Z","83543","1","0","0100","93","17","P0,0100,93cm,17dB"
"2026-07-30T17:50:10.660Z","83543","2","1","0200","128","2","P1,0200,128cm,2dB"
"2026-07-30T17:50:10.760Z","83643","1","0","0100","81","20","P0,0100,81cm,20dB"
"2026-07-30T17:50:10.760Z","83643","2","1","0200","130","-4","P1,0200,130cm,-4dB"
"2026-07-30T17:50:10.860Z","83743","1","0","0100","95","17","P0,0100,95cm,17dB"
"2026-07-30T17:50:10.860Z","83743","2","1","0200","133","-2","P1,0200,133cm,-2dB"
"2026-07-30T17:50:10.960Z","83843","1","0","0100","97","19","P0,0100,97cm,19dB"
"2026-07-30T17:50:10.960Z","83843","2","1","0200","131","-4","P1,0200,131cm,-4dB"
"2026-07-30T17:50:11.060Z","83943","1","0","0100","100","17","P0,0100,100cm,17dB"
"2026-07-30T17:50:11.060Z","83943","2","1","0200","104","2","P1,0200,104cm,2dB"
"2026-07-30T17:50:11.160Z","84043","1","0","0100","94","18","P0,0100,94cm,18dB"
"2026-07-30T17:50:11.160Z","84043","2","1","0200","126","-4","P1,0200,126cm,-4dB"
"2026-07-30T17:50:11.260Z","84143","1","0","0100","75","15","P0,0100,75cm,15dB"
"2026-07-30T17:50:11.260Z","84143","2","1","0200","125","-4","P1,0200,125cm,-4dB"
"2026-07-30T17:50:11.360Z","84243","1","0","0100","98","15","P0,0100,98cm,15dB"
"2026-07-30T17:50:11.360Z","84243","2","1","0200","106","-2","P1,0200,106cm,-2dB"
"2026-07-30T17:50:11.460Z","84343","1","0","0100","90","14","P0,0100,90cm,14dB"
"2026-07-30T17:50:11.460Z","84343","2","1","0200","133","0","P1,0200,133cm,0dB"
"2026-07-30T17:50:11.560Z","84443","1","0","0100","83","17","P0,0100,83cm,17dB"
"2026-07-30T17:50:11.560Z","84443","2","1","0200","131","-4","P1,0200,131cm,-4dB"
"2026-07-30T17:50:11.660Z","84543","1","0","0100","88","16","P0,0100,88cm,16dB"
"2026-07-30T17:50:11.660Z","84543","2","1","0200","131","0","P1,0200,131cm,0dB"
"2026-07-30T17:50:11.760Z","84643","1","0","0100","84","16","P0,0100,84cm,16dB"
"2026-07-30T17:50:11.760Z","84643","2","1","0200","130","0","P1,0200,130cm,0dB"
"2026-07-30T17:50:11.860Z","84743","1","0","0100","105","15","P0,0100,105cm,15dB"
"2026-07-30T17:50:11.860Z","84743","2","1","0200","125","-3","P1,0200,125cm,-3dB"
"2026-07-30T17:50:11.960Z","84843","1","0","0100","97","15","P0,0100,97cm,15dB"
"2026-07-30T17:50:11.960Z","84843","2","1","0200","129","-4","P1,0200,129cm,-4dB"
"2026-07-30T17:50:12.060Z","84943","1","0","0100","98","15","P0,0100,98cm,15dB"
"2026-07-30T17:50:12.060Z","84943","2","1","0200","127","0","P1,0200,127cm,0dB"
"2026-07-30T17:50:12.160Z","85043","1","0","0100","82","15","P0,0100,82cm,15dB"
"2026-07-30T17:50:12.160Z","85043","2","1","0200","127","0","P1,0200,127cm,0dB"
"2026-07-30T17:50:12.260Z","85143","1","0","0100","94","18","P0,0100,94cm,18dB"
"2026-07-30T17:50:12.260Z","85143","2","1","0200","120","-3","P1,0200,120cm,-3dB"
"2026-07-30T17:50:12.360Z","85243","1","0","0100","91","18","P0,0100,91cm,18dB"
"2026-07-30T17:50:12.360Z","85243","2","1","0200","120","-2","P1,0200,120cm,-2dB"
"2026-07-30T17:50:12.460Z","85343","1","0","0100","102","16","P0,0100,102cm,16dB"
"2026-07-30T17:50:12.460Z","85343","2","1","0200","136","-4","P1,0200,136cm,-4dB"
"2026-07-30T17:50:12.560Z","85443","1","0","0100","87","16","P0,0100,87cm,16dB"
"2026-07-30T17:50:12.560Z","85443","2","1","0200","131","-4","P1,0200,131cm,-4dB"
"2026-07-30T17:50:12.660Z","85543","1","0","0100","80","16","P0,0100,80cm,16dB"
"2026-07-30T17:50:12.660Z","85543","2","1","0200","128","2","P1,0200,128cm,2dB"
"2026-07-30T17:50:12.760Z","85643","1","0","0100","97","18","P0,0100,97cm,18dB"
"2026-07-30T17:50:12.760Z","85643","2","1","0200","129","-3","P1,0200,129cm,-3dB"
"2026-07-30T17:50:12.860Z","85743","1","0","0100","95","7","P0,0100,95cm,7dB"
"2026-07-30T17:50:12.860Z","85743","2","1","0200","98","0","P1,0200,98cm,0dB"
"2026-07-30T17:50:12.960Z","85843","1","0","0100","99","15","P0,0100,99cm,15dB"
"2026-07-30T17:50:12.960Z","85843","2","1","0200","113","-1","P1,0200,113cm,-1dB"
"2026-07-30T17:50:13.060Z","85943","1","0","0100","84","14","P0,0100,84cm,14dB"
"2026-07-30T17:50:13.060Z","85943","2","1","0200","111","-4","P1,0200,111cm,-4dB"
"2026-07-30T17:50:13.160Z","86043","1","0","0100","94","15","P0,0100,94cm,15dB"
"2026-07-30T17:50:13.160Z","86043","2","1","0200","98","-2","P1,0200,98cm,-2dB"
"2026-07-30T17:50:13.260Z","86143","1","0","0100","100","14","P0,0100,100cm,14dB"
"2026-07-30T17:50:13.260Z","86143","2","1","0200","114","0","P1,0200,114cm,0dB"
"2026-07-30T17:50:13.360Z","86243","1","0","0100","92","17","P0,0100,92cm,17dB"
"2026-07-30T17:50:13.360Z","86243","2","1","0200","119","-3","P1,0200,119cm,-3dB"
"2026-07-30T17:50:13.460Z","86343","1","0","0100","88","17","P0,0100,88cm,17dB"
"2026-07-30T17:50:13.460Z","86343","2","1","0200","91","-3","P1,0200,91cm,-3dB"
"2026-07-30T17:50:13.560Z","86443","1","0","0100","90","17","P0,0100,90cm,17dB"
"2026-07-30T17:50:13.560Z","86443","2","1","0200","116","-3","P1,0200,116cm,-3dB"
"2026-07-30T17:50:13.660Z","86543","1","0","0100","102","16","P0,0100,102cm,16dB"
"2026-07-30T17:50:13.660Z","86543","2","1","0200","121","-2","P1,0200,121cm,-2dB"
"2026-07-30T17:50:13.760Z","86643","1","0","0100","0","18","P0,0100,0cm,18dB"
"2026-07-30T17:50:13.760Z","86643","2","1","0200","106","-5","P1,0200,106cm,-5dB"
"2026-07-30T17:50:13.860Z","86743","1","0","0100","99","15","P0,0100,99cm,15dB"
"2026-07-30T17:50:13.860Z","86743","2","1","0200","121","-4","P1,0200,121cm,-4dB"
"2026-07-30T17:50:13.960Z","86843","1","0","0100","100","16","P0,0100,100cm,16dB"
"2026-07-30T17:50:13.960Z","86843","2","1","0200","95","-3","P1,0200,95cm,-3dB"
"2026-07-30T17:50:14.060Z","86943","1","0","0100","88","17","P0,0100,88cm,17dB"
"2026-07-30T17:50:14.060Z","86943","2","1","0200","120","-4","P1,0200,120cm,-4dB"
"2026-07-30T17:50:14.160Z","87043","1","0","0100","98","18","P0,0100,98cm,18dB"
"2026-07-30T17:50:14.160Z","87043","2","1","0200","120","-4","P1,0200,120cm,-4dB"
"2026-07-30T17:50:14.260Z","87143","1","0","0100","93","15","P0,0100,93cm,15dB"
"2026-07-30T17:50:14.260Z","87143","2","1","0200","122","-4","P1,0200,122cm,-4dB"
"2026-07-30T17:50:14.360Z","87243","1","0","0100","89","14","P0,0100,89cm,14dB"
"2026-07-30T17:50:14.360Z","87243","2","1","0200","77","-1","P1,0200,77cm,-1dB"
"2026-07-30T17:50:14.460Z","87343","1","0","0100","77","13","P0,0100,77cm,13dB"
"2026-07-30T17:50:14.460Z","87343","2","1","0200","120","-4","P1,0200,120cm,-4dB"
"2026-07-30T17:50:14.560Z","87443","1","0","0100","89","14","P0,0100,89cm,14dB"
"2026-07-30T17:50:14.560Z","87443","2","1","0200","113","-2","P1,0200,113cm,-2dB"
"2026-07-30T17:50:14.660Z","87543","1","0","0100","81","14","P0,0100,81cm,14dB"
"2026-07-30T17:50:14.660Z","87543","2","1","0200","118","-3","P1,0200,118cm,-3dB"
"2026-07-30T17:50:14.760Z","87643","1","0","0100","90","17","P0,0100,90cm,17dB"
"2026-07-30T17:50:14.760Z","87643","2","1","0200","116","1","P1,0200,116cm,1dB"
"2026-07-30T17:50:14.860Z","87743","1","0","0100","96","18","P0,0100,96cm,18dB"
"2026-07-30T17:50:14.860Z","87743","2","1","0200","106","-2","P1,0200,106cm,-2dB"
"2026-07-30T17:50:14.960Z","87843","1","0","0100","103","19","P0,0100,103cm,19dB"
"2026-07-30T17:50:14.960Z","87843","2","1","0200","110","-3","P1,0200,110cm,-3dB"
"2026-07-30T17:50:15.060Z","87943","1","0","0100","96","11","P0,0100,96cm,11dB"
"2026-07-30T17:50:15.060Z","87943","2","1","0200","112","-2","P1,0200,112cm,-2dB"
"2026-07-30T17:50:15.160Z","88043","1","0","0100","91","13","P0,0100,91cm,13dB"
"2026-07-30T17:50:15.160Z","88043","2","1","0200","106","-5","P1,0200,106cm,-5dB"
"2026-07-30T17:50:15.260Z","88143","1","0","0100","92","15","P0,0100,92cm,15dB"
"2026-07-30T17:50:15.260Z","88143","2","1","0200","107","-2","P1,0200,107cm,-2dB"
"2026-07-30T17:50:15.360Z","88243","1","0","0100","90","18","P0,0100,90cm,18dB"
"2026-07-30T17:50:15.360Z","88243","2","1","0200","109","1","P1,0200,109cm,1dB"
"2026-07-30T17:50:15.460Z","88343","1","0","0100","92","14","P0,0100,92cm,14dB"
"2026-07-30T17:50:15.460Z","88343","2","1","0200","106","-3","P1,0200,106cm,-3dB"
"2026-07-30T17:50:15.560Z","88443","1","0","0100","91","18","P0,0100,91cm,18dB"
"2026-07-30T17:50:15.560Z","88443","2","1","0200","108","-2","P1,0200,108cm,-2dB"
"2026-07-30T17:50:15.660Z","88543","1","0","0100","92","16","P0,0100,92cm,16dB"
"2026-07-30T17:50:15.660Z","88543","2","1","0200","110","-2","P1,0200,110cm,-2dB"
"2026-07-30T17:50:15.760Z","88643","1","0","0100","99","16","P0,0100,99cm,16dB"
"2026-07-30T17:50:15.760Z","88643","2","1","0200","97","-3","P1,0200,97cm,-3dB"
"2026-07-30T17:50:15.860Z","88743","1","0","0100","92","12","P0,0100,92cm,12dB"
"2026-07-30T17:50:15.860Z","88743","2","1","0200","103","-2","P1,0200,103cm,-2dB"
"2026-07-30T17:50:15.960Z","88843","1","0","0100","91","14","P0,0100,91cm,14dB"
"2026-07-30T17:50:15.960Z","88843","2","1","0200","111","-3","P1,0200,111cm,-3dB"
"2026-07-30T17:50:16.060Z","88943","1","0","0100","91","16","P0,0100,91cm,16dB"
"2026-07-30T17:50:16.060Z","88943","2","1","0200","112","-4","P1,0200,112cm,-4dB"
"2026-07-30T17:50:16.160Z","89043","1","0","0100","92","18","P0,0100,92cm,18dB"
"2026-07-30T17:50:16.160Z","89043","2","1","0200","109","-2","P1,0200,109cm,-2dB"
"2026-07-30T17:50:16.260Z","89143","1","0","0100","88","17","P0,0100,88cm,17dB"
"2026-07-30T17:50:16.260Z","89143","2","1","0200","110","-2","P1,0200,110cm,-2dB"
"2026-07-30T17:50:16.360Z","89243","1","0","0100","93","7","P0,0100,93cm,7dB"
"2026-07-30T17:50:16.360Z","89243","2","1","0200","103","1","P1,0200,103cm,1dB"
"2026-07-30T17:50:16.460Z","89343","1","0","0100","98","19","P0,0100,98cm,19dB"
"2026-07-30T17:50:16.460Z","89343","2","1","0200","107","-4","P1,0200,107cm,-4dB"
"2026-07-30T17:50:16.560Z","89443","1","0","0100","99","16","P0,0100,99cm,16dB"
"2026-07-30T17:50:16.560Z","89443","2","1","0200","109","-4","P1,0200,109cm,-4dB"
"2026-07-30T17:50:16.660Z","89543","1","0","0100","88","18","P0,0100,88cm,18dB"
"2026-07-30T17:50:16.660Z","89543","2","1","0200","105","-3","P1,0200,105cm,-3dB"
"2026-07-30T17:50:16.760Z","89643","1","0","0100","90","14","P0,0100,90cm,14dB"
"2026-07-30T17:50:16.760Z","89643","2","1","0200","106","-4","P1,0200,106cm,-4dB"
"2026-07-30T17:50:16.860Z","89743","1","0","0100","90","13","P0,0100,90cm,13dB"
"2026-07-30T17:50:16.860Z","89743","2","1","0200","97","-4","P1,0200,97cm,-4dB"
"2026-07-30T17:50:16.960Z","89843","1","0","0100","0","13","P0,0100,0cm,13dB"
"2026-07-30T17:50:16.960Z","89843","2","1","0200","96","-4","P1,0200,96cm,-4dB"
"2026-07-30T17:50:17.060Z","89943","1","0","0100","90","14","P0,0100,90cm,14dB"
"2026-07-30T17:50:17.060Z","89943","2","1","0200","110","-4","P1,0200,110cm,-4dB"
"2026-07-30T17:50:17.160Z","90043","1","0","0100","94","13","P0,0100,94cm,13dB"
"2026-07-30T17:50:17.160Z","90043","2","1","0200","102","2","P1,0200,102cm,2dB"
"2026-07-30T17:50:17.260Z","90143","1","0","0100","98","15","P0,0100,98cm,15dB"
"2026-07-30T17:50:17.260Z","90143","2","1","0200","106","0","P1,0200,106cm,0dB"
"2026-07-30T17:50:17.360Z","90243","1","0","0100","93","15","P0,0100,93cm,15dB"
"2026-07-30T17:50:17.360Z","90243","2","1","0200","107","-2","P1,0200,107cm,-2dB"
"2026-07-30T17:50:17.460Z","90343","1","0","0100","90","14","P0,0100,90cm,14dB"
"2026-07-30T17:50:17.460Z","90343","2","1","0200","99","-4","P1,0200,99cm,-4dB"
"2026-07-30T17:50:17.560Z","90443","1","0","0100","89","15","P0,0100,89cm,15dB"
"2026-07-30T17:50:17.560Z","90443","2","1","0200","87","-4","P1,0200,87cm,-4dB"
"2026-07-30T17:50:17.660Z","90543","1","0","0100","90","17","P0,0100,90cm,17dB"
"2026-07-30T17:50:17.660Z","90543","2","1","0200","106","-4","P1,0200,106cm,-4dB"
"2026-07-30T17:50:17.760Z","90643","1","0","0100","90","13","P0,0100,90cm,13dB"
"2026-07-30T17:50:17.760Z","90643","2","1","0200","102","-4","P1,0200,102cm,-4dB"
"2026-07-30T17:50:17.858Z","90741","2","1","0200","108","2","P1,0200,108cm,2dB"
"2026-07-30T17:50:17.960Z","90843","1","0","0100","88","16","P0,0100,88cm,16dB"
"2026-07-30T17:50:17.960Z","90843","2","1","0200","99","3","P1,0200,99cm,3dB"
"2026-07-30T17:50:18.060Z","90943","1","0","0100","90","13","P0,0100,90cm,13dB"
"2026-07-30T17:50:18.060Z","90943","2","1","0200","99","-4","P1,0200,99cm,-4dB"
"2026-07-30T17:50:18.160Z","91043","1","0","0100","90","15","P0,0100,90cm,15dB"
"2026-07-30T17:50:18.160Z","91043","2","1","0200","107","-4","P1,0200,107cm,-4dB"
"2026-07-30T17:50:18.260Z","91143","1","0","0100","95","13","P0,0100,95cm,13dB"
"2026-07-30T17:50:18.260Z","91143","2","1","0200","101","-4","P1,0200,101cm,-4dB"
"2026-07-30T17:50:18.360Z","91243","1","0","0100","82","13","P0,0100,82cm,13dB"
"2026-07-30T17:50:18.360Z","91243","2","1","0200","98","1","P1,0200,98cm,1dB"
"2026-07-30T17:50:18.460Z","91343","1","0","0100","91","13","P0,0100,91cm,13dB"
"2026-07-30T17:50:18.460Z","91343","2","1","0200","96","2","P1,0200,96cm,2dB"
"2026-07-30T17:50:18.560Z","91443","1","0","0100","90","15","P0,0100,90cm,15dB"
"2026-07-30T17:50:18.560Z","91443","2","1","0200","101","-4","P1,0200,101cm,-4dB"
"2026-07-30T17:50:18.660Z","91543","1","0","0100","90","16","P0,0100,90cm,16dB"
"2026-07-30T17:50:18.660Z","91543","2","1","0200","99","1","P1,0200,99cm,1dB"
"2026-07-30T17:50:18.760Z","91643","1","0","0100","92","16","P0,0100,92cm,16dB"
"2026-07-30T17:50:18.760Z","91643","2","1","0200","106","-4","P1,0200,106cm,-4dB"
"2026-07-30T17:50:18.860Z","91743","1","0","0100","90","17","P0,0100,90cm,17dB"
"2026-07-30T17:50:18.860Z","91743","2","1","0200","105","0","P1,0200,105cm,0dB"
"2026-07-30T17:50:18.960Z","91843","1","0","0100","86","16","P0,0100,86cm,16dB"
"2026-07-30T17:50:18.960Z","91843","2","1","0200","103","-4","P1,0200,103cm,-4dB"
"2026-07-30T17:50:19.060Z","91943","1","0","0100","89","15","P0,0100,89cm,15dB"
"2026-07-30T17:50:19.060Z","91943","2","1","0200","107","-7","P1,0200,107cm,-7dB"
"2026-07-30T17:50:19.158Z","92041","2","1","0200","94","3","P1,0200,94cm,3dB"
"2026-07-30T17:50:19.260Z","92143","1","0","0100","87","18","P0,0100,87cm,18dB"
"2026-07-30T17:50:19.260Z","92143","2","1","0200","106","-4","P1,0200,106cm,-4dB"
"2026-07-30T17:50:19.360Z","92243","1","0","0100","85","14","P0,0100,85cm,14dB"
"2026-07-30T17:50:19.360Z","92243","2","1","0200","94","0","P1,0200,94cm,0dB"
"2026-07-30T17:50:19.460Z","92343","1","0","0100","91","16","P0,0100,91cm,16dB"
"2026-07-30T17:50:19.460Z","92343","2","1","0200","103","-1","P1,0200,103cm,-1dB"
"2026-07-30T17:50:19.560Z","92443","1","0","0100","85","17","P0,0100,85cm,17dB"
"2026-07-30T17:50:19.560Z","92443","2","1","0200","102","-5","P1,0200,102cm,-5dB"
"2026-07-30T17:50:19.660Z","92543","1","0","0100","89","17","P0,0100,89cm,17dB"
"2026-07-30T17:50:19.660Z","92543","2","1","0200","109","-5","P1,0200,109cm,-5dB"
"2026-07-30T17:50:19.760Z","92643","1","0","0100","91","18","P0,0100,91cm,18dB"
"2026-07-30T17:50:19.760Z","92643","2","1","0200","105","-4","P1,0200,105cm,-4dB"
"2026-07-30T17:50:19.860Z","92743","1","0","0100","100","15","P0,0100,100cm,15dB"
"2026-07-30T17:50:19.860Z","92743","2","1","0200","108","-4","P1,0200,108cm,-4dB"
"2026-07-30T17:50:19.958Z","92841","2","1","0200","102","-3","P1,0200,102cm,-3dB"
"2026-07-30T17:50:20.060Z","92943","1","0","0100","87","19","P0,0100,87cm,19dB"
"2026-07-30T17:50:20.060Z","92943","2","1","0200","104","-4","P1,0200,104cm,-4dB"
"2026-07-30T17:50:20.160Z","93043","1","0","0100","90","18","P0,0100,90cm,18dB"
"2026-07-30T17:50:20.160Z","93043","2","1","0200","99","-3","P1,0200,99cm,-3dB"
"2026-07-30T17:50:20.260Z","93143","1","0","0100","86","16","P0,0100,86cm,16dB"
"2026-07-30T17:50:20.260Z","93143","2","1","0200","103","-4","P1,0200,103cm,-4dB"
"2026-07-30T17:50:20.360Z","93243","1","0","0100","94","18","P0,0100,94cm,18dB"
"2026-07-30T17:50:20.360Z","93243","2","1","0200","96","-4","P1,0200,96cm,-4dB"
"2026-07-30T17:50:20.460Z","93343","1","0","0100","91","15","P0,0100,91cm,15dB"
"2026-07-30T17:50:20.460Z","93343","2","1","0200","96","-4","P1,0200,96cm,-4dB"
"2026-07-30T17:50:20.560Z","93443","1","0","0100","100","17","P0,0100,100cm,17dB"
"2026-07-30T17:50:20.560Z","93443","2","1","0200","91","-1","P1,0200,91cm,-1dB"
"2026-07-30T17:50:20.660Z","93543","1","0","0100","90","17","P0,0100,90cm,17dB"
"2026-07-30T17:50:20.660Z","93543","2","1","0200","94","-5","P1,0200,94cm,-5dB"
"2026-07-30T17:50:20.760Z","93643","1","0","0100","85","17","P0,0100,85cm,17dB"
"2026-07-30T17:50:20.760Z","93643","2","1","0200","98","-2","P1,0200,98cm,-2dB"
"2026-07-30T17:50:20.860Z","93743","1","0","0100","91","18","P0,0100,91cm,18dB"
"2026-07-30T17:50:20.860Z","93743","2","1","0200","102","-4","P1,0200,102cm,-4dB"
"2026-07-30T17:50:20.960Z","93843","1","0","0100","99","16","P0,0100,99cm,16dB"
"2026-07-30T17:50:20.960Z","93843","2","1","0200","123","-2","P1,0200,123cm,-2dB"
"2026-07-30T17:50:21.060Z","93943","1","0","0100","95","18","P0,0100,95cm,18dB"
"2026-07-30T17:50:21.060Z","93943","2","1","0200","242","-4","P1,0200,242cm,-4dB"
"2026-07-30T17:50:21.160Z","94043","1","0","0100","78","16","P0,0100,78cm,16dB"
"2026-07-30T17:50:21.160Z","94043","2","1","0200","192","0","P1,0200,192cm,0dB"
"2026-07-30T17:50:21.260Z","94143","1","0","0100","87","17","P0,0100,87cm,17dB"
"2026-07-30T17:50:21.260Z","94143","2","1","0200","94","-3","P1,0200,94cm,-3dB"
"2026-07-30T17:50:21.358Z","94241","2","1","0200","123","-6","P1,0200,123cm,-6dB"
"2026-07-30T17:50:21.460Z","94343","1","0","0100","87","15","P0,0100,87cm,15dB"
"2026-07-30T17:50:21.460Z","94343","2","1","0200","76","-3","P1,0200,76cm,-3dB"
"2026-07-30T17:50:21.560Z","94443","1","0","0100","97","16","P0,0100,97cm,16dB"
"2026-07-30T17:50:21.560Z","94443","2","1","0200","82","-1","P1,0200,82cm,-1dB"
"2026-07-30T17:50:21.660Z","94543","1","0","0100","85","17","P0,0100,85cm,17dB"
"2026-07-30T17:50:21.660Z","94543","2","1","0200","48","-6","P1,0200,48cm,-6dB"
"2026-07-30T17:50:21.760Z","94643","1","0","0100","104","17","P0,0100,104cm,17dB"
"2026-07-30T17:50:21.760Z","94643","2","1","0200","100","-5","P1,0200,100cm,-5dB"
"2026-07-30T17:50:21.860Z","94743","1","0","0100","80","14","P0,0100,80cm,14dB"
"2026-07-30T17:50:21.860Z","94743","2","1","0200","68","-5","P1,0200,68cm,-5dB"
"2026-07-30T17:50:21.960Z","94843","1","0","0100","90","17","P0,0100,90cm,17dB"
"2026-07-30T17:50:21.960Z","94843","2","1","0200","83","-4","P1,0200,83cm,-4dB"
"2026-07-30T17:50:22.060Z","94943","1","0","0100","91","15","P0,0100,91cm,15dB"
"2026-07-30T17:50:22.060Z","94943","2","1","0200","101","-4","P1,0200,101cm,-4dB"
"2026-07-30T17:50:22.160Z","95043","1","0","0100","92","20","P0,0100,92cm,20dB"
"2026-07-30T17:50:22.160Z","95043","2","1","0200","103","-5","P1,0200,103cm,-5dB"
"2026-07-30T17:50:22.260Z","95143","1","0","0100","102","15","P0,0100,102cm,15dB"
"2026-07-30T17:50:22.260Z","95143","2","1","0200","102","-2","P1,0200,102cm,-2dB"
"2026-07-30T17:50:22.360Z","95243","1","0","0100","92","8","P0,0100,92cm,8dB"
"2026-07-30T17:50:22.360Z","95243","2","1","0200","112","-4","P1,0200,112cm,-4dB"
"2026-07-30T17:50:22.460Z","95343","1","0","0100","90","15","P0,0100,90cm,15dB"
"2026-07-30T17:50:22.460Z","95343","2","1","0200","106","-2","P1,0200,106cm,-2dB"
"2026-07-30T17:50:22.560Z","95443","1","0","0100","94","15","P0,0100,94cm,15dB"
"2026-07-30T17:50:22.560Z","95443","2","1","0200","120","-3","P1,0200,120cm,-3dB"
"2026-07-30T17:50:22.660Z","95543","1","0","0100","89","16","P0,0100,89cm,16dB"
"2026-07-30T17:50:22.660Z","95543","2","1","0200","121","0","P1,0200,121cm,0dB"
"2026-07-30T17:50:22.760Z","95643","1","0","0100","88","17","P0,0100,88cm,17dB"
"2026-07-30T17:50:22.760Z","95643","2","1","0200","124","-6","P1,0200,124cm,-6dB"
"2026-07-30T17:50:22.860Z","95743","1","0","0100","96","19","P0,0100,96cm,19dB"
"2026-07-30T17:50:22.860Z","95743","2","1","0200","123","-4","P1,0200,123cm,-4dB"
"2026-07-30T17:50:22.960Z","95843","1","0","0100","88","18","P0,0100,88cm,18dB"
"2026-07-30T17:50:22.960Z","95843","2","1","0200","110","-3","P1,0200,110cm,-3dB"
"2026-07-30T17:50:23.060Z","95943","1","0","0100","98","21","P0,0100,98cm,21dB"
"2026-07-30T17:50:23.060Z","95943","2","1","0200","114","-5","P1,0200,114cm,-5dB"
"2026-07-30T17:50:23.160Z","96043","1","0","0100","98","19","P0,0100,98cm,19dB"
"2026-07-30T17:50:23.160Z","96043","2","1","0200","127","-5","P1,0200,127cm,-5dB"
"2026-07-30T17:50:23.260Z","96143","1","0","0100","94","14","P0,0100,94cm,14dB"
"2026-07-30T17:50:23.260Z","96143","2","1","0200","110","-5","P1,0200,110cm,-5dB"
"2026-07-30T17:50:23.360Z","96243","1","0","0100","90","16","P0,0100,90cm,16dB"
"2026-07-30T17:50:23.360Z","96243","2","1","0200","116","-4","P1,0200,116cm,-4dB"
"2026-07-30T17:50:23.460Z","96343","1","0","0100","114","16","P0,0100,114cm,16dB"
"2026-07-30T17:50:23.460Z","96343","2","1","0200","119","-2","P1,0200,119cm,-2dB"
"2026-07-30T17:50:23.560Z","96443","1","0","0100","96","16","P0,0100,96cm,16dB"
"2026-07-30T17:50:23.560Z","96443","2","1","0200","110","-3","P1,0200,110cm,-3dB"
"2026-07-30T17:50:23.660Z","96543","1","0","0100","103","15","P0,0100,103cm,15dB"
"2026-07-30T17:50:23.660Z","96543","2","1","0200","120","-4","P1,0200,120cm,-4dB"
"2026-07-30T17:50:23.760Z","96643","1","0","0100","87","17","P0,0100,87cm,17dB"
"2026-07-30T17:50:23.760Z","96643","2","1","0200","115","-5","P1,0200,115cm,-5dB"
"2026-07-30T17:50:23.860Z","96743","1","0","0100","103","19","P0,0100,103cm,19dB"
"2026-07-30T17:50:23.860Z","96743","2","1","0200","125","-4","P1,0200,125cm,-4dB"
"2026-07-30T17:50:23.960Z","96843","1","0","0100","99","17","P0,0100,99cm,17dB"
"2026-07-30T17:50:23.960Z","96843","2","1","0200","113","-1","P1,0200,113cm,-1dB"
"2026-07-30T17:50:24.060Z","96943","1","0","0100","105","15","P0,0100,105cm,15dB"
"2026-07-30T17:50:24.060Z","96943","2","1","0200","81","-4","P1,0200,81cm,-4dB"
"2026-07-30T17:50:24.160Z","97043","1","0","0100","90","15","P0,0100,90cm,15dB"
"2026-07-30T17:50:24.160Z","97043","2","1","0200","95","-3","P1,0200,95cm,-3dB"
"2026-07-30T17:50:24.260Z","97143","1","0","0100","110","15","P0,0100,110cm,15dB"
"2026-07-30T17:50:24.260Z","97143","2","1","0200","122","-3","P1,0200,122cm,-3dB"
"2026-07-30T17:50:24.360Z","97243","1","0","0100","98","16","P0,0100,98cm,16dB"
"2026-07-30T17:50:24.360Z","97243","2","1","0200","130","-3","P1,0200,130cm,-3dB"
"2026-07-30T17:50:24.460Z","97343","1","0","0100","91","18","P0,0100,91cm,18dB"
"2026-07-30T17:50:24.460Z","97343","2","1","0200","130","-6","P1,0200,130cm,-6dB"
"2026-07-30T17:50:24.560Z","97443","1","0","0100","98","18","P0,0100,98cm,18dB"
"2026-07-30T17:50:24.560Z","97443","2","1","0200","114","-4","P1,0200,114cm,-4dB"
"2026-07-30T17:50:24.660Z","97543","1","0","0100","96","18","P0,0100,96cm,18dB"
"2026-07-30T17:50:24.660Z","97543","2","1","0200","117","-5","P1,0200,117cm,-5dB"
"2026-07-30T17:50:24.760Z","97643","1","0","0100","100","14","P0,0100,100cm,14dB"
"2026-07-30T17:50:24.760Z","97643","2","1","0200","120","-5","P1,0200,120cm,-5dB"
"2026-07-30T17:50:24.860Z","97743","1","0","0100","106","15","P0,0100,106cm,15dB"
"2026-07-30T17:50:24.860Z","97743","2","1","0200","108","-4","P1,0200,108cm,-4dB"
"2026-07-30T17:50:24.960Z","97843","1","0","0100","100","16","P0,0100,100cm,16dB"
"2026-07-30T17:50:24.960Z","97843","2","1","0200","113","-4","P1,0200,113cm,-4dB"
"2026-07-30T17:50:25.060Z","97943","1","0","0100","101","16","P0,0100,101cm,16dB"
"2026-07-30T17:50:25.060Z","97943","2","1","0200","121","-3","P1,0200,121cm,-3dB"
"2026-07-30T17:50:25.160Z","98043","1","0","0100","88","19","P0,0100,88cm,19dB"
"2026-07-30T17:50:25.160Z","98043","2","1","0200","119","-4","P1,0200,119cm,-4dB"
"2026-07-30T17:50:25.260Z","98143","1","0","0100","88","22","P0,0100,88cm,22dB"
"2026-07-30T17:50:25.260Z","98143","2","1","0200","113","-2","P1,0200,113cm,-2dB"
"2026-07-30T17:50:25.360Z","98243","1","0","0100","108","16","P0,0100,108cm,16dB"
"2026-07-30T17:50:25.360Z","98243","2","1","0200","121","0","P1,0200,121cm,0dB"
"2026-07-30T17:50:25.460Z","98343","1","0","0100","85","16","P0,0100,85cm,16dB"
"2026-07-30T17:50:25.460Z","98343","2","1","0200","116","-4","P1,0200,116cm,-4dB"
"2026-07-30T17:50:25.563Z","98446","1","0","0100","88","17","P0,0100,88cm,17dB"
"2026-07-30T17:50:25.563Z","98446","2","1","0200","107","-9","P1,0200,107cm,-9dB"
"2026-07-30T17:50:25.660Z","98543","1","0","0100","97","17","P0,0100,97cm,17dB"
"2026-07-30T17:50:25.660Z","98543","2","1","0200","119","-4","P1,0200,119cm,-4dB"
"2026-07-30T17:50:25.760Z","98643","1","0","0100","98","17","P0,0100,98cm,17dB"
"2026-07-30T17:50:25.760Z","98643","2","1","0200","111","-1","P1,0200,111cm,-1dB"
"2026-07-30T17:50:25.860Z","98743","1","0","0100","84","15","P0,0100,84cm,15dB"
"2026-07-30T17:50:25.860Z","98743","2","1","0200","102","-4","P1,0200,102cm,-4dB"
"2026-07-30T17:50:25.960Z","98843","1","0","0100","95","16","P0,0100,95cm,16dB"
"2026-07-30T17:50:25.960Z","98843","2","1","0200","108","-4","P1,0200,108cm,-4dB"
"2026-07-30T17:50:26.060Z","98943","1","0","0100","106","16","P0,0100,106cm,16dB"
"2026-07-30T17:50:26.060Z","98943","2","1","0200","101","0","P1,0200,101cm,0dB"
"2026-07-30T17:50:26.160Z","99043","1","0","0100","97","16","P0,0100,97cm,16dB"
"2026-07-30T17:50:26.160Z","99043","2","1","0200","112","-5","P1,0200,112cm,-5dB"
"2026-07-30T17:50:26.260Z","99143","1","0","0100","119","16","P0,0100,119cm,16dB"
"2026-07-30T17:50:26.260Z","99143","2","1","0200","112","-5","P1,0200,112cm,-5dB"
"2026-07-30T17:50:26.360Z","99243","1","0","0100","99","16","P0,0100,99cm,16dB"
"2026-07-30T17:50:26.360Z","99243","2","1","0200","113","-5","P1,0200,113cm,-5dB"
"2026-07-30T17:50:26.460Z","99343","1","0","0100","116","15","P0,0100,116cm,15dB"
"2026-07-30T17:50:26.460Z","99343","2","1","0200","112","-3","P1,0200,112cm,-3dB"
"2026-07-30T17:50:26.560Z","99443","1","0","0100","106","16","P0,0100,106cm,16dB"
"2026-07-30T17:50:26.560Z","99443","2","1","0200","112","-5","P1,0200,112cm,-5dB"
"2026-07-30T17:50:26.660Z","99543","1","0","0100","115","18","P0,0100,115cm,18dB"
"2026-07-30T17:50:26.660Z","99543","2","1","0200","111","-5","P1,0200,111cm,-5dB"
"2026-07-30T17:50:26.760Z","99643","1","0","0100","105","15","P0,0100,105cm,15dB"
"2026-07-30T17:50:26.760Z","99643","2","1","0200","113","-3","P1,0200,113cm,-3dB"
"2026-07-30T17:50:26.860Z","99743","1","0","0100","98","19","P0,0100,98cm,19dB"
"2026-07-30T17:50:26.860Z","99743","2","1","0200","106","-9","P1,0200,106cm,-9dB"
"2026-07-30T17:50:26.960Z","99843","1","0","0100","85","16","P0,0100,85cm,16dB"
"2026-07-30T17:50:26.960Z","99843","2","1","0200","113","-3","P1,0200,113cm,-3dB"
"2026-07-30T17:50:27.060Z","99943","1","0","0100","84","16","P0,0100,84cm,16dB"
"2026-07-30T17:50:27.060Z","99943","2","1","0200","114","-3","P1,0200,114cm,-3dB"
"2026-07-30T17:50:27.160Z","100043","1","0","0100","102","16","P0,0100,102cm,16dB"
"2026-07-30T17:50:27.160Z","100043","2","1","0200","116","-4","P1,0200,116cm,-4dB"
"2026-07-30T17:50:27.260Z","100143","1","0","0100","106","15","P0,0100,106cm,15dB"
"2026-07-30T17:50:27.260Z","100143","2","1","0200","115","-5","P1,0200,115cm,-5dB"
"2026-07-30T17:50:27.360Z","100243","1","0","0100","99","16","P0,0100,99cm,16dB"
"2026-07-30T17:50:27.360Z","100243","2","1","0200","110","-4","P1,0200,110cm,-4dB"
"2026-07-30T17:50:27.460Z","100343","1","0","0100","109","16","P0,0100,109cm,16dB"
"2026-07-30T17:50:27.460Z","100343","2","1","0200","104","-5","P1,0200,104cm,-5dB"
"2026-07-30T17:50:27.560Z","100443","1","0","0100","87","17","P0,0100,87cm,17dB"
"2026-07-30T17:50:27.560Z","100443","2","1","0200","119","-5","P1,0200,119cm,-5dB"
"2026-07-30T17:50:27.668Z","100551","1","0","0100","98","18","P0,0100,98cm,18dB"
"2026-07-30T17:50:27.668Z","100551","2","1","0200","113","-4","P1,0200,113cm,-4dB"
"2026-07-30T17:50:27.760Z","100643","1","0","0100","90","18","P0,0100,90cm,18dB"
"2026-07-30T17:50:27.760Z","100643","2","1","0200","120","-5","P1,0200,120cm,-5dB"
"2026-07-30T17:50:27.860Z","100743","1","0","0100","103","17","P0,0100,103cm,17dB"
"2026-07-30T17:50:27.860Z","100743","2","1","0200","103","-4","P1,0200,103cm,-4dB"
"2026-07-30T17:50:27.960Z","100843","1","0","0100","105","14","P0,0100,105cm,14dB"
"2026-07-30T17:50:27.960Z","100843","2","1","0200","120","-3","P1,0200,120cm,-3dB"
"2026-07-30T17:50:28.060Z","100943","1","0","0100","114","18","P0,0100,114cm,18dB"
"2026-07-30T17:50:28.060Z","100943","2","1","0200","120","-4","P1,0200,120cm,-4dB"
"2026-07-30T17:50:28.160Z","101043","1","0","0100","112","14","P0,0100,112cm,14dB"
"2026-07-30T17:50:28.160Z","101043","2","1","0200","123","-2","P1,0200,123cm,-2dB"
"2026-07-30T17:50:28.260Z","101143","1","0","0100","120","16","P0,0100,120cm,16dB"
"2026-07-30T17:50:28.260Z","101143","2","1","0200","120","-5","P1,0200,120cm,-5dB"
"2026-07-30T17:50:28.360Z","101243","1","0","0100","83","16","P0,0100,83cm,16dB"
"2026-07-30T17:50:28.360Z","101243","2","1","0200","120","1","P1,0200,120cm,1dB"
"2026-07-30T17:50:28.460Z","101343","1","0","0100","102","17","P0,0100,102cm,17dB"
"2026-07-30T17:50:28.460Z","101343","2","1","0200","121","-5","P1,0200,121cm,-5dB"
"2026-07-30T17:50:28.560Z","101443","1","0","0100","102","16","P0,0100,102cm,16dB"
"2026-07-30T17:50:28.560Z","101443","2","1","0200","119","-1","P1,0200,119cm,-1dB"
"2026-07-30T17:50:28.660Z","101543","1","0","0100","92","17","P0,0100,92cm,17dB"
"2026-07-30T17:50:28.660Z","101543","2","1","0200","120","-4","P1,0200,120cm,-4dB"
"2026-07-30T17:50:28.760Z","101643","1","0","0100","108","15","P0,0100,108cm,15dB"
"2026-07-30T17:50:28.760Z","101643","2","1","0200","107","-10","P1,0200,107cm,-10dB"
"2026-07-30T17:50:28.860Z","101743","1","0","0100","108","16","P0,0100,108cm,16dB"
"2026-07-30T17:50:28.860Z","101743","2","1","0200","121","-4","P1,0200,121cm,-4dB"
"2026-07-30T17:50:28.960Z","101843","1","0","0100","98","14","P0,0100,98cm,14dB"
"2026-07-30T17:50:28.960Z","101843","2","1","0200","115","-4","P1,0200,115cm,-4dB"
"2026-07-30T17:50:29.060Z","101943","1","0","0100","81","16","P0,0100,81cm,16dB"
"2026-07-30T17:50:29.060Z","101943","2","1","0200","110","-4","P1,0200,110cm,-4dB"
"2026-07-30T17:50:29.160Z","102043","1","0","0100","90","14","P0,0100,90cm,14dB"
"2026-07-30T17:50:29.160Z","102043","2","1","0200","123","-4","P1,0200,123cm,-4dB"
"2026-07-30T17:50:29.260Z","102143","1","0","0100","77","17","P0,0100,77cm,17dB"
"2026-07-30T17:50:29.260Z","102143","2","1","0200","121","-5","P1,0200,121cm,-5dB"
"2026-07-30T17:50:29.360Z","102243","1","0","0100","85","18","P0,0100,85cm,18dB"
"2026-07-30T17:50:29.360Z","102243","2","1","0200","120","-2","P1,0200,120cm,-2dB"
"2026-07-30T17:50:29.460Z","102343","1","0","0100","101","17","P0,0100,101cm,17dB"
"2026-07-30T17:50:29.460Z","102343","2","1","0200","112","-5","P1,0200,112cm,-5dB"
"2026-07-30T17:50:29.562Z","102445","1","0","0100","115","18","P0,0100,115cm,18dB"
"2026-07-30T17:50:29.569Z","102452","2","1","0200","124","-4","P1,0200,124cm,-4dB"
"2026-07-30T17:50:29.660Z","102543","1","0","0100","102","18","P0,0100,102cm,18dB"
"2026-07-30T17:50:29.660Z","102543","2","1","0200","122","0","P1,0200,122cm,0dB"
"2026-07-30T17:50:29.760Z","102643","1","0","0100","88","17","P0,0100,88cm,17dB"
"2026-07-30T17:50:29.760Z","102643","2","1","0200","122","-3","P1,0200,122cm,-3dB"
"2026-07-30T17:50:29.860Z","102743","1","0","0100","82","20","P0,0100,82cm,20dB"
"2026-07-30T17:50:29.860Z","102743","2","1","0200","123","-6","P1,0200,123cm,-6dB"
"2026-07-30T17:50:29.960Z","102843","1","0","0100","83","19","P0,0100,83cm,19dB"
"2026-07-30T17:50:29.960Z","102843","2","1","0200","124","-5","P1,0200,124cm,-5dB"
"2026-07-30T17:50:30.060Z","102943","1","0","0100","92","14","P0,0100,92cm,14dB"
"2026-07-30T17:50:30.060Z","102943","2","1","0200","120","-3","P1,0200,120cm,-3dB"
"2026-07-30T17:50:30.160Z","103043","1","0","0100","108","17","P0,0100,108cm,17dB"
"2026-07-30T17:50:30.160Z","103043","2","1","0200","120","-4","P1,0200,120cm,-4dB"
"2026-07-30T17:50:30.260Z","103143","1","0","0100","89","19","P0,0100,89cm,19dB"
"2026-07-30T17:50:30.260Z","103143","2","1","0200","120","-4","P1,0200,120cm,-4dB"
"2026-07-30T17:50:30.360Z","103243","1","0","0100","98","17","P0,0100,98cm,17dB"
"2026-07-30T17:50:30.360Z","103243","2","1","0200","123","0","P1,0200,123cm,0dB"
"2026-07-30T17:50:30.460Z","103343","1","0","0100","90","18","P0,0100,90cm,18dB"
"2026-07-30T17:50:30.460Z","103343","2","1","0200","116","-4","P1,0200,116cm,-4dB"
"2026-07-30T17:50:30.560Z","103443","1","0","0100","95","17","P0,0100,95cm,17dB"
"2026-07-30T17:50:30.560Z","103443","2","1","0200","122","-4","P1,0200,122cm,-4dB"
"2026-07-30T17:50:30.660Z","103543","1","0","0100","87","16","P0,0100,87cm,16dB"
"2026-07-30T17:50:30.660Z","103543","2","1","0200","124","-1","P1,0200,124cm,-1dB"
"2026-07-30T17:50:30.760Z","103643","1","0","0100","88","19","P0,0100,88cm,19dB"
"2026-07-30T17:50:30.760Z","103643","2","1","0200","122","-4","P1,0200,122cm,-4dB"
"2026-07-30T17:50:30.860Z","103743","1","0","0100","114","18","P0,0100,114cm,18dB"
"2026-07-30T17:50:30.860Z","103743","2","1","0200","122","-4","P1,0200,122cm,-4dB"
"2026-07-30T17:50:30.960Z","103843","1","0","0100","84","13","P0,0100,84cm,13dB"
"2026-07-30T17:50:30.960Z","103843","2","1","0200","119","-4","P1,0200,119cm,-4dB"
"2026-07-30T17:50:31.060Z","103943","1","0","0100","104","16","P0,0100,104cm,16dB"
"2026-07-30T17:50:31.060Z","103943","2","1","0200","121","-3","P1,0200,121cm,-3dB"
"2026-07-30T17:50:31.160Z","104043","1","0","0100","90","19","P0,0100,90cm,19dB"
"2026-07-30T17:50:31.160Z","104043","2","1","0200","125","-4","P1,0200,125cm,-4dB"
"2026-07-30T17:50:31.260Z","104143","1","0","0100","88","16","P0,0100,88cm,16dB"
"2026-07-30T17:50:31.260Z","104143","2","1","0200","122","-5","P1,0200,122cm,-5dB"
"2026-07-30T17:50:31.360Z","104243","1","0","0100","99","16","P0,0100,99cm,16dB"
"2026-07-30T17:50:31.360Z","104243","2","1","0200","121","-3","P1,0200,121cm,-3dB"
"2026-07-30T17:50:31.460Z","104343","1","0","0100","96","16","P0,0100,96cm,16dB"
"2026-07-30T17:50:31.460Z","104343","2","1","0200","123","0","P1,0200,123cm,0dB"
"2026-07-30T17:50:31.560Z","104443","1","0","0100","87","13","P0,0100,87cm,13dB"
"2026-07-30T17:50:31.560Z","104443","2","1","0200","122","0","P1,0200,122cm,0dB"
"2026-07-30T17:50:31.660Z","104543","1","0","0100","94","17","P0,0100,94cm,17dB"
"2026-07-30T17:50:31.660Z","104543","2","1","0200","121","-4","P1,0200,121cm,-4dB"
"2026-07-30T17:50:31.760Z","104643","1","0","0100","98","17","P0,0100,98cm,17dB"
"2026-07-30T17:50:31.760Z","104643","2","1","0200","112","-4","P1,0200,112cm,-4dB"
"2026-07-30T17:50:31.860Z","104743","1","0","0100","93","15","P0,0100,93cm,15dB"
"2026-07-30T17:50:31.860Z","104743","2","1","0200","115","-5","P1,0200,115cm,-5dB"
"2026-07-30T17:50:31.960Z","104843","1","0","0100","110","19","P0,0100,110cm,19dB"
"2026-07-30T17:50:31.960Z","104843","2","1","0200","108","-5","P1,0200,108cm,-5dB"
"2026-07-30T17:50:32.060Z","104943","1","0","0100","115","16","P0,0100,115cm,16dB"
"2026-07-30T17:50:32.060Z","104943","2","1","0200","103","-3","P1,0200,103cm,-3dB"
"2026-07-30T17:50:32.160Z","105043","1","0","0100","91","13","P0,0100,91cm,13dB"
"2026-07-30T17:50:32.160Z","105043","2","1","0200","89","-5","P1,0200,89cm,-5dB"
"2026-07-30T17:50:32.260Z","105143","1","0","0100","88","18","P0,0100,88cm,18dB"
"2026-07-30T17:50:32.260Z","105143","2","1","0200","101","-3","P1,0200,101cm,-3dB"
"2026-07-30T17:50:32.360Z","105243","1","0","0100","97","17","P0,0100,97cm,17dB"
"2026-07-30T17:50:32.360Z","105243","2","1","0200","106","-3","P1,0200,106cm,-3dB"
"2026-07-30T17:50:32.460Z","105343","1","0","0100","105","19","P0,0100,105cm,19dB"
"2026-07-30T17:50:32.460Z","105343","2","1","0200","70","-1","P1,0200,70cm,-1dB"
"2026-07-30T17:50:32.560Z","105443","1","0","0100","93","12","P0,0100,93cm,12dB"
"2026-07-30T17:50:32.560Z","105443","2","1","0200","113","-4","P1,0200,113cm,-4dB"
"2026-07-30T17:50:32.660Z","105543","1","0","0100","82","16","P0,0100,82cm,16dB"
"2026-07-30T17:50:32.660Z","105543","2","1","0200","113","-2","P1,0200,113cm,-2dB"
"2026-07-30T17:50:32.761Z","105644","1","0","0100","98","17","P0,0100,98cm,17dB"
"2026-07-30T17:50:32.762Z","105645","2","1","0200","105","-5","P1,0200,105cm,-5dB"
"2026-07-30T17:50:32.874Z","105757","1","0","0100","91","15","P0,0100,91cm,15dB"
"2026-07-30T17:50:32.878Z","105761","2","1","0200","81","-2","P1,0200,81cm,-2dB"
"2026-07-30T17:50:32.960Z","105843","1","0","0100","106","13","P0,0100,106cm,13dB"
"2026-07-30T17:50:32.960Z","105843","2","1","0200","108","-5","P1,0200,108cm,-5dB"
"2026-07-30T17:50:33.058Z","105941","2","1","0200","103","-5","P1,0200,103cm,-5dB"
"2026-07-30T17:50:33.160Z","106043","1","0","0100","88","21","P0,0100,88cm,21dB"
"2026-07-30T17:50:33.160Z","106043","2","1","0200","109","-1","P1,0200,109cm,-1dB"
"2026-07-30T17:50:33.260Z","106143","1","0","0100","106","18","P0,0100,106cm,18dB"
"2026-07-30T17:50:33.260Z","106143","2","1","0200","106","-1","P1,0200,106cm,-1dB"
"2026-07-30T17:50:33.360Z","106243","1","0","0100","84","15","P0,0100,84cm,15dB"
"2026-07-30T17:50:33.360Z","106243","2","1","0200","101","-3","P1,0200,101cm,-3dB"
"2026-07-30T17:50:33.458Z","106341","2","1","0200","83","-4","P1,0200,83cm,-4dB"
"2026-07-30T17:50:33.560Z","106443","1","0","0100","98","14","P0,0100,98cm,14dB"
"2026-07-30T17:50:33.560Z","106443","2","1","0200","112","-4","P1,0200,112cm,-4dB"
"2026-07-30T17:50:33.660Z","106543","1","0","0100","89","12","P0,0100,89cm,12dB"
"2026-07-30T17:50:33.660Z","106543","2","1","0200","115","-5","P1,0200,115cm,-5dB"
"2026-07-30T17:50:33.760Z","106643","1","0","0100","92","18","P0,0100,92cm,18dB"
"2026-07-30T17:50:33.760Z","106643","2","1","0200","113","-2","P1,0200,113cm,-2dB"
"2026-07-30T17:50:33.860Z","106743","1","0","0100","89","18","P0,0100,89cm,18dB"
"2026-07-30T17:50:33.861Z","106744","2","1","0200","117","-2","P1,0200,117cm,-2dB"
"2026-07-30T17:50:33.960Z","106843","1","0","0100","90","17","P0,0100,90cm,17dB"
"2026-07-30T17:50:33.960Z","106843","2","1","0200","98","-6","P1,0200,98cm,-6dB"
"2026-07-30T17:50:34.060Z","106943","1","0","0100","89","17","P0,0100,89cm,17dB"
"2026-07-30T17:50:34.060Z","106943","2","1","0200","89","-2","P1,0200,89cm,-2dB"
"2026-07-30T17:50:34.160Z","107043","1","0","0100","114","17","P0,0100,114cm,17dB"
"2026-07-30T17:50:34.160Z","107043","2","1","0200","115","-4","P1,0200,115cm,-4dB"
"2026-07-30T17:50:34.260Z","107143","1","0","0100","92","18","P0,0100,92cm,18dB"
"2026-07-30T17:50:34.260Z","107143","2","1","0200","128","-4","P1,0200,128cm,-4dB"
"2026-07-30T17:50:34.360Z","107243","1","0","0100","102","15","P0,0100,102cm,15dB"
"2026-07-30T17:50:34.360Z","107243","2","1","0200","89","-1","P1,0200,89cm,-1dB"
"2026-07-30T17:50:34.460Z","107343","1","0","0100","110","16","P0,0100,110cm,16dB"
"2026-07-30T17:50:34.460Z","107343","2","1","0200","104","1","P1,0200,104cm,1dB"
"2026-07-30T17:50:34.560Z","107443","1","0","0100","91","18","P0,0100,91cm,18dB"
"2026-07-30T17:50:34.560Z","107443","2","1","0200","106","-3","P1,0200,106cm,-3dB"
"2026-07-30T17:50:34.660Z","107543","1","0","0100","95","17","P0,0100,95cm,17dB"
"2026-07-30T17:50:34.660Z","107543","2","1","0200","110","-4","P1,0200,110cm,-4dB"
"2026-07-30T17:50:34.760Z","107643","1","0","0100","127","13","P0,0100,127cm,13dB"
"2026-07-30T17:50:34.760Z","107643","2","1","0200","113","-4","P1,0200,113cm,-4dB"
"2026-07-30T17:50:34.860Z","107743","1","0","0100","109","14","P0,0100,109cm,14dB"
"2026-07-30T17:50:34.860Z","107743","2","1","0200","110","-4","P1,0200,110cm,-4dB"
"2026-07-30T17:50:34.960Z","107843","1","0","0100","85","17","P0,0100,85cm,17dB"
"2026-07-30T17:50:34.960Z","107843","2","1","0200","109","-3","P1,0200,109cm,-3dB"
"2026-07-30T17:50:35.060Z","107943","1","0","0100","90","11","P0,0100,90cm,11dB"
"2026-07-30T17:50:35.060Z","107943","2","1","0200","109","-2","P1,0200,109cm,-2dB"
"2026-07-30T17:50:35.160Z","108043","1","0","0100","91","15","P0,0100,91cm,15dB"
"2026-07-30T17:50:35.160Z","108043","2","1","0200","93","-5","P1,0200,93cm,-5dB"
"2026-07-30T17:50:35.260Z","108143","1","0","0100","99","16","P0,0100,99cm,16dB"
"2026-07-30T17:50:35.260Z","108143","2","1","0200","81","-3","P1,0200,81cm,-3dB"
"2026-07-30T17:50:35.360Z","108243","1","0","0100","103","17","P0,0100,103cm,17dB"
"2026-07-30T17:50:35.360Z","108243","2","1","0200","89","-3","P1,0200,89cm,-3dB"
"2026-07-30T17:50:35.460Z","108343","1","0","0100","98","17","P0,0100,98cm,17dB"
"2026-07-30T17:50:35.460Z","108343","2","1","0200","92","-4","P1,0200,92cm,-4dB"
"2026-07-30T17:50:35.560Z","108443","1","0","0100","85","14","P0,0100,85cm,14dB"
"2026-07-30T17:50:35.560Z","108443","2","1","0200","90","-6","P1,0200,90cm,-6dB"
"2026-07-30T17:50:35.660Z","108543","1","0","0100","108","17","P0,0100,108cm,17dB"
"2026-07-30T17:50:35.660Z","108543","2","1","0200","96","0","P1,0200,96cm,0dB"
"2026-07-30T17:50:35.760Z","108643","1","0","0100","92","18","P0,0100,92cm,18dB"
"2026-07-30T17:50:35.760Z","108643","2","1","0200","113","-3","P1,0200,113cm,-3dB"
"2026-07-30T17:50:35.860Z","108743","1","0","0100","92","12","P0,0100,92cm,12dB"
"2026-07-30T17:50:35.860Z","108743","2","1","0200","112","-4","P1,0200,112cm,-4dB"
"2026-07-30T17:50:35.960Z","108843","1","0","0100","106","17","P0,0100,106cm,17dB"
"2026-07-30T17:50:35.960Z","108843","2","1","0200","101","-5","P1,0200,101cm,-5dB"
"2026-07-30T17:50:36.058Z","108941","2","1","0200","108","-4","P1,0200,108cm,-4dB"
"2026-07-30T17:50:36.160Z","109043","1","0","0100","107","14","P0,0100,107cm,14dB"
"2026-07-30T17:50:36.160Z","109043","2","1","0200","119","-5","P1,0200,119cm,-5dB"
"2026-07-30T17:50:36.260Z","109143","1","0","0100","115","17","P0,0100,115cm,17dB"
"2026-07-30T17:50:36.260Z","109143","2","1","0200","119","-2","P1,0200,119cm,-2dB"
"2026-07-30T17:50:36.360Z","109243","1","0","0100","98","15","P0,0100,98cm,15dB"
"2026-07-30T17:50:36.360Z","109243","2","1","0200","108","-4","P1,0200,108cm,-4dB"
"2026-07-30T17:50:36.460Z","109343","1","0","0100","110","15","P0,0100,110cm,15dB"
"2026-07-30T17:50:36.460Z","109343","2","1","0200","105","-3","P1,0200,105cm,-3dB"
"2026-07-30T17:50:36.561Z","109444","1","0","0100","95","17","P0,0100,95cm,17dB"
"2026-07-30T17:50:36.562Z","109445","2","1","0200","103","-9","P1,0200,103cm,-9dB"
"2026-07-30T17:50:36.660Z","109543","1","0","0100","92","17","P0,0100,92cm,17dB"
"2026-07-30T17:50:36.660Z","109543","2","1","0200","110","-4","P1,0200,110cm,-4dB"
"2026-07-30T17:50:36.760Z","109643","1","0","0100","94","17","P0,0100,94cm,17dB"
"2026-07-30T17:50:36.760Z","109643","2","1","0200","93","-3","P1,0200,93cm,-3dB"
"2026-07-30T17:50:36.860Z","109743","1","0","0100","105","17","P0,0100,105cm,17dB"
"2026-07-30T17:50:36.860Z","109743","2","1","0200","120","1","P1,0200,120cm,1dB"
"2026-07-30T17:50:36.960Z","109843","1","0","0100","0","11","P0,0100,0cm,11dB"
"2026-07-30T17:50:36.960Z","109843","2","1","0200","100","-3","P1,0200,100cm,-3dB"
"2026-07-30T17:50:37.060Z","109943","1","0","0100","85","10","P0,0100,85cm,10dB"
"2026-07-30T17:50:37.060Z","109943","2","1","0200","109","-4","P1,0200,109cm,-4dB"
"2026-07-30T17:50:37.160Z","110043","1","0","0100","103","14","P0,0100,103cm,14dB"
"2026-07-30T17:50:37.160Z","110043","2","1","0200","115","-4","P1,0200,115cm,-4dB"
"2026-07-30T17:50:37.260Z","110143","1","0","0100","100","14","P0,0100,100cm,14dB"
"2026-07-30T17:50:37.260Z","110143","2","1","0200","118","-3","P1,0200,118cm,-3dB"
"2026-07-30T17:50:37.360Z","110243","1","0","0100","94","15","P0,0100,94cm,15dB"
"2026-07-30T17:50:37.360Z","110243","2","1","0200","103","-4","P1,0200,103cm,-4dB"
"2026-07-30T17:50:37.460Z","110343","1","0","0100","108","16","P0,0100,108cm,16dB"
"2026-07-30T17:50:37.460Z","110343","2","1","0200","113","-3","P1,0200,113cm,-3dB"
"2026-07-30T17:50:37.560Z","110443","1","0","0100","101","15","P0,0100,101cm,15dB"
"2026-07-30T17:50:37.560Z","110443","2","1","0200","94","-4","P1,0200,94cm,-4dB"
"2026-07-30T17:50:37.660Z","110543","1","0","0100","94","17","P0,0100,94cm,17dB"
"2026-07-30T17:50:37.660Z","110543","2","1","0200","105","0","P1,0200,105cm,0dB"
"2026-07-30T17:50:37.760Z","110643","1","0","0100","88","11","P0,0100,88cm,11dB"
"2026-07-30T17:50:37.760Z","110643","2","1","0200","98","-4","P1,0200,98cm,-4dB"
"2026-07-30T17:50:37.860Z","110743","1","0","0100","93","13","P0,0100,93cm,13dB"
"2026-07-30T17:50:37.860Z","110743","2","1","0200","104","-2","P1,0200,104cm,-2dB"
"2026-07-30T17:50:37.960Z","110843","1","0","0100","92","17","P0,0100,92cm,17dB"
"2026-07-30T17:50:37.960Z","110843","2","1","0200","107","-4","P1,0200,107cm,-4dB"
"2026-07-30T17:50:38.060Z","110943","1","0","0100","96","18","P0,0100,96cm,18dB"
"2026-07-30T17:50:38.060Z","110943","2","1","0200","113","-1","P1,0200,113cm,-1dB"
"2026-07-30T17:50:38.160Z","111043","1","0","0100","79","16","P0,0100,79cm,16dB"
"2026-07-30T17:50:38.160Z","111043","2","1","0200","111","-1","P1,0200,111cm,-1dB"
"2026-07-30T17:50:38.260Z","111143","1","0","0100","91","19","P0,0100,91cm,19dB"
"2026-07-30T17:50:38.260Z","111143","2","1","0200","117","1","P1,0200,117cm,1dB"
"2026-07-30T17:50:38.360Z","111243","1","0","0100","98","8","P0,0100,98cm,8dB"
"2026-07-30T17:50:38.360Z","111243","2","1","0200","106","-4","P1,0200,106cm,-4dB"
"2026-07-30T17:50:38.460Z","111343","1","0","0100","91","15","P0,0100,91cm,15dB"
"2026-07-30T17:50:38.460Z","111343","2","1","0200","105","-3","P1,0200,105cm,-3dB"
"2026-07-30T17:50:38.560Z","111443","1","0","0100","98","16","P0,0100,98cm,16dB"
"2026-07-30T17:50:38.560Z","111443","2","1","0200","116","-4","P1,0200,116cm,-4dB"
"2026-07-30T17:50:38.658Z","111541","2","1","0200","107","-4","P1,0200,107cm,-4dB"
"2026-07-30T17:50:38.760Z","111643","1","0","0100","98","17","P0,0100,98cm,17dB"
"2026-07-30T17:50:38.760Z","111643","2","1","0200","104","-4","P1,0200,104cm,-4dB"
"2026-07-30T17:50:38.860Z","111743","1","0","0100","92","16","P0,0100,92cm,16dB"
"2026-07-30T17:50:38.860Z","111743","2","1","0200","111","0","P1,0200,111cm,0dB"
"2026-07-30T17:50:38.960Z","111843","1","0","0100","109","15","P0,0100,109cm,15dB"
"2026-07-30T17:50:38.960Z","111843","2","1","0200","112","-4","P1,0200,112cm,-4dB"
"2026-07-30T17:50:39.060Z","111943","1","0","0100","105","17","P0,0100,105cm,17dB"
"2026-07-30T17:50:39.060Z","111943","2","1","0200","111","-4","P1,0200,111cm,-4dB"
"2026-07-30T17:50:39.160Z","112043","1","0","0100","100","15","P0,0100,100cm,15dB"
"2026-07-30T17:50:39.160Z","112043","2","1","0200","115","-4","P1,0200,115cm,-4dB"
"2026-07-30T17:50:39.260Z","112143","1","0","0100","110","16","P0,0100,110cm,16dB"
"2026-07-30T17:50:39.260Z","112143","2","1","0200","115","2","P1,0200,115cm,2dB"
"2026-07-30T17:50:39.360Z","112243","1","0","0100","99","15","P0,0100,99cm,15dB"
"2026-07-30T17:50:39.360Z","112243","2","1","0200","118","-4","P1,0200,118cm,-4dB"
"2026-07-30T17:50:39.460Z","112343","1","0","0100","92","14","P0,0100,92cm,14dB"
"2026-07-30T17:50:39.460Z","112343","2","1","0200","111","-3","P1,0200,111cm,-3dB"
"2026-07-30T17:50:39.560Z","112443","1","0","0100","107","17","P0,0100,107cm,17dB"
"2026-07-30T17:50:39.560Z","112443","2","1","0200","114","-4","P1,0200,114cm,-4dB"
"2026-07-30T17:50:39.660Z","112543","1","0","0100","87","16","P0,0100,87cm,16dB"
"2026-07-30T17:50:39.660Z","112543","2","1","0200","113","-4","P1,0200,113cm,-4dB"
"2026-07-30T17:50:39.758Z","112641","2","1","0200","116","-4","P1,0200,116cm,-4dB"
"2026-07-30T17:50:39.860Z","112743","1","0","0100","100","17","P0,0100,100cm,17dB"
"2026-07-30T17:50:39.860Z","112743","2","1","0200","117","-4","P1,0200,117cm,-4dB"
"2026-07-30T17:50:39.960Z","112843","1","0","0100","111","15","P0,0100,111cm,15dB"
"2026-07-30T17:50:39.960Z","112843","2","1","0200","112","-4","P1,0200,112cm,-4dB"
"2026-07-30T17:50:40.060Z","112943","1","0","0100","99","18","P0,0100,99cm,18dB"
"2026-07-30T17:50:40.060Z","112943","2","1","0200","115","-4","P1,0200,115cm,-4dB"
"2026-07-30T17:50:40.160Z","113043","1","0","0100","98","17","P0,0100,98cm,17dB"
"2026-07-30T17:50:40.160Z","113043","2","1","0200","123","-2","P1,0200,123cm,-2dB"
"2026-07-30T17:50:40.260Z","113143","1","0","0100","92","17","P0,0100,92cm,17dB"
"2026-07-30T17:50:40.260Z","113143","2","1","0200","100","-4","P1,0200,100cm,-4dB"
"2026-07-30T17:50:40.360Z","113243","1","0","0100","90","17","P0,0100,90cm,17dB"
"2026-07-30T17:50:40.360Z","113243","2","1","0200","114","-4","P1,0200,114cm,-4dB"
"2026-07-30T17:50:40.460Z","113343","1","0","0100","91","14","P0,0100,91cm,14dB"
"2026-07-30T17:50:40.460Z","113343","2","1","0200","113","0","P1,0200,113cm,0dB"
"2026-07-30T17:50:40.560Z","113443","1","0","0100","103","16","P0,0100,103cm,16dB"
"2026-07-30T17:50:40.560Z","113443","2","1","0200","108","-5","P1,0200,108cm,-5dB"
"2026-07-30T17:50:40.660Z","113543","1","0","0100","87","11","P0,0100,87cm,11dB"
"2026-07-30T17:50:40.660Z","113543","2","1","0200","98","1","P1,0200,98cm,1dB"
"2026-07-30T17:50:40.760Z","113643","1","0","0100","99","17","P0,0100,99cm,17dB"
"2026-07-30T17:50:40.760Z","113643","2","1","0200","105","-3","P1,0200,105cm,-3dB"
"2026-07-30T17:50:40.860Z","113743","1","0","0100","95","16","P0,0100,95cm,16dB"
"2026-07-30T17:50:40.860Z","113743","2","1","0200","79","-4","P1,0200,79cm,-4dB"
"2026-07-30T17:50:40.960Z","113843","1","0","0100","110","18","P0,0100,110cm,18dB"
"2026-07-30T17:50:40.960Z","113843","2","1","0200","108","-4","P1,0200,108cm,-4dB"
"2026-07-30T17:50:41.060Z","113943","1","0","0100","90","16","P0,0100,90cm,16dB"
"2026-07-30T17:50:41.060Z","113943","2","1","0200","81","0","P1,0200,81cm,0dB"
"2026-07-30T17:50:41.160Z","114043","1","0","0100","97","14","P0,0100,97cm,14dB"
"2026-07-30T17:50:41.160Z","114043","2","1","0200","112","-4","P1,0200,112cm,-4dB"
"2026-07-30T17:50:41.260Z","114143","1","0","0100","92","12","P0,0100,92cm,12dB"
"2026-07-30T17:50:41.260Z","114143","2","1","0200","90","-3","P1,0200,90cm,-3dB"
"2026-07-30T17:50:41.360Z","114243","1","0","0100","99","15","P0,0100,99cm,15dB"
"2026-07-30T17:50:41.360Z","114243","2","1","0200","122","-4","P1,0200,122cm,-4dB"
"2026-07-30T17:50:41.460Z","114343","1","0","0100","97","19","P0,0100,97cm,19dB"
"2026-07-30T17:50:41.460Z","114343","2","1","0200","110","-4","P1,0200,110cm,-4dB"
"2026-07-30T17:50:41.560Z","114443","1","0","0100","91","14","P0,0100,91cm,14dB"
"2026-07-30T17:50:41.560Z","114443","2","1","0200","107","-3","P1,0200,107cm,-3dB"
"2026-07-30T17:50:41.660Z","114543","1","0","0100","93","19","P0,0100,93cm,19dB"
"2026-07-30T17:50:41.660Z","114543","2","1","0200","109","-5","P1,0200,109cm,-5dB"
"2026-07-30T17:50:41.760Z","114643","1","0","0100","121","16","P0,0100,121cm,16dB"
"2026-07-30T17:50:41.760Z","114643","2","1","0200","105","-5","P1,0200,105cm,-5dB"
"2026-07-30T17:50:41.860Z","114743","1","0","0100","107","18","P0,0100,107cm,18dB"
"2026-07-30T17:50:41.860Z","114743","2","1","0200","116","-4","P1,0200,116cm,-4dB"
"2026-07-30T17:50:41.960Z","114843","1","0","0100","104","17","P0,0100,104cm,17dB"
"2026-07-30T17:50:41.960Z","114843","2","1","0200","83","-3","P1,0200,83cm,-3dB"
"2026-07-30T17:50:42.060Z","114943","1","0","0100","101","18","P0,0100,101cm,18dB"
"2026-07-30T17:50:42.060Z","114943","2","1","0200","90","-3","P1,0200,90cm,-3dB"
"2026-07-30T17:50:42.160Z","115043","1","0","0100","85","16","P0,0100,85cm,16dB"
"2026-07-30T17:50:42.160Z","115043","2","1","0200","83","-5","P1,0200,83cm,-5dB"
"2026-07-30T17:50:42.260Z","115143","1","0","0100","101","19","P0,0100,101cm,19dB"
"2026-07-30T17:50:42.260Z","115143","2","1","0200","114","-4","P1,0200,114cm,-4dB"
"2026-07-30T17:50:42.360Z","115243","1","0","0100","98","18","P0,0100,98cm,18dB"
"2026-07-30T17:50:42.360Z","115243","2","1","0200","100","-5","P1,0200,100cm,-5dB"
"2026-07-30T17:50:42.460Z","115343","1","0","0100","90","19","P0,0100,90cm,19dB"
"2026-07-30T17:50:42.460Z","115343","2","1","0200","80","-4","P1,0200,80cm,-4dB"
"2026-07-30T17:50:42.560Z","115443","1","0","0100","99","16","P0,0100,99cm,16dB"
"2026-07-30T17:50:42.560Z","115443","2","1","0200","77","-5","P1,0200,77cm,-5dB"
"2026-07-30T17:50:42.660Z","115543","1","0","0100","89","16","P0,0100,89cm,16dB"
"2026-07-30T17:50:42.660Z","115543","2","1","0200","104","0","P1,0200,104cm,0dB"
"2026-07-30T17:50:42.760Z","115643","1","0","0100","94","19","P0,0100,94cm,19dB"
"2026-07-30T17:50:42.760Z","115643","2","1","0200","106","-4","P1,0200,106cm,-4dB"
"2026-07-30T17:50:42.860Z","115743","1","0","0100","101","17","P0,0100,101cm,17dB"
"2026-07-30T17:50:42.860Z","115743","2","1","0200","101","-1","P1,0200,101cm,-1dB"
"2026-07-30T17:50:42.960Z","115843","1","0","0100","90","19","P0,0100,90cm,19dB"
"2026-07-30T17:50:42.960Z","115843","2","1","0200","106","-4","P1,0200,106cm,-4dB"
"2026-07-30T17:50:43.060Z","115943","1","0","0100","93","19","P0,0100,93cm,19dB"
"2026-07-30T17:50:43.060Z","115943","2","1","0200","95","-4","P1,0200,95cm,-4dB"
"2026-07-30T17:50:43.160Z","116043","1","0","0100","92","17","P0,0100,92cm,17dB"
"2026-07-30T17:50:43.160Z","116043","2","1","0200","60","-4","P1,0200,60cm,-4dB"
"2026-07-30T17:50:43.260Z","116143","1","0","0100","102","19","P0,0100,102cm,19dB"
"2026-07-30T17:50:43.260Z","116143","2","1","0200","79","-5","P1,0200,79cm,-5dB"
"2026-07-30T17:50:43.360Z","116243","1","0","0100","93","19","P0,0100,93cm,19dB"
"2026-07-30T17:50:43.360Z","116243","2","1","0200","102","-5","P1,0200,102cm,-5dB"
"2026-07-30T17:50:43.460Z","116343","1","0","0100","99","17","P0,0100,99cm,17dB"
"2026-07-30T17:50:43.460Z","116343","2","1","0200","95","-4","P1,0200,95cm,-4dB"
"2026-07-30T17:50:43.560Z","116443","1","0","0100","91","19","P0,0100,91cm,19dB"
"2026-07-30T17:50:43.560Z","116443","2","1","0200","88","-2","P1,0200,88cm,-2dB"
"2026-07-30T17:50:43.660Z","116543","1","0","0100","85","13","P0,0100,85cm,13dB"
"2026-07-30T17:50:43.660Z","116543","2","1","0200","90","-5","P1,0200,90cm,-5dB"
"2026-07-30T17:50:43.760Z","116643","1","0","0100","86","16","P0,0100,86cm,16dB"
"2026-07-30T17:50:43.760Z","116643","2","1","0200","87","-3","P1,0200,87cm,-3dB"
"2026-07-30T17:50:43.860Z","116743","1","0","0100","84","15","P0,0100,84cm,15dB"
"2026-07-30T17:50:43.860Z","116743","2","1","0200","73","-3","P1,0200,73cm,-3dB"
"2026-07-30T17:50:43.960Z","116843","1","0","0100","93","16","P0,0100,93cm,16dB"
"2026-07-30T17:50:43.960Z","116843","2","1","0200","97","-2","P1,0200,97cm,-2dB"
"2026-07-30T17:50:44.060Z","116943","1","0","0100","116","18","P0,0100,116cm,18dB"
"2026-07-30T17:50:44.060Z","116943","2","1","0200","94","-2","P1,0200,94cm,-2dB"
"2026-07-30T17:50:44.160Z","117043","1","0","0100","93","18","P0,0100,93cm,18dB"
"2026-07-30T17:50:44.160Z","117043","2","1","0200","96","-5","P1,0200,96cm,-5dB"
"2026-07-30T17:50:44.360Z","117243","1","0","0100","89","14","P0,0100,89cm,14dB"
"2026-07-30T17:50:44.360Z","117243","2","1","0200","107","-5","P1,0200,107cm,-5dB"
"2026-07-30T17:50:44.460Z","117343","1","0","0100","91","12","P0,0100,91cm,12dB"
"2026-07-30T17:50:44.460Z","117343","2","1","0200","120","-2","P1,0200,120cm,-2dB"
"2026-07-30T17:50:44.560Z","117443","1","0","0100","94","15","P0,0100,94cm,15dB"
"2026-07-30T17:50:44.560Z","117443","2","1","0200","103","-5","P1,0200,103cm,-5dB"
"2026-07-30T17:50:44.660Z","117543","1","0","0100","102","16","P0,0100,102cm,16dB"
"2026-07-30T17:50:44.660Z","117543","2","1","0200","107","0","P1,0200,107cm,0dB"
"2026-07-30T17:50:44.760Z","117643","1","0","0100","91","15","P0,0100,91cm,15dB"
"2026-07-30T17:50:44.760Z","117643","2","1","0200","105","-5","P1,0200,105cm,-5dB"
"2026-07-30T17:50:44.860Z","117743","1","0","0100","98","19","P0,0100,98cm,19dB"
"2026-07-30T17:50:44.860Z","117743","2","1","0200","101","-1","P1,0200,101cm,-1dB"
"2026-07-30T17:50:44.960Z","117843","1","0","0100","89","19","P0,0100,89cm,19dB"
"2026-07-30T17:50:44.960Z","117843","2","1","0200","89","-4","P1,0200,89cm,-4dB"
"2026-07-30T17:50:45.060Z","117943","1","0","0100","101","16","P0,0100,101cm,16dB"
"2026-07-30T17:50:45.060Z","117943","2","1","0200","119","0","P1,0200,119cm,0dB"
"2026-07-30T17:50:45.160Z","118043","1","0","0100","90","13","P0,0100,90cm,13dB"
"2026-07-30T17:50:45.160Z","118043","2","1","0200","108","-4","P1,0200,108cm,-4dB"
"2026-07-30T17:50:45.260Z","118143","1","0","0100","92","16","P0,0100,92cm,16dB"
"2026-07-30T17:50:45.260Z","118143","2","1","0200","83","1","P1,0200,83cm,1dB"
"2026-07-30T17:50:45.360Z","118243","1","0","0100","94","15","P0,0100,94cm,15dB"
"2026-07-30T17:50:45.360Z","118243","2","1","0200","124","-2","P1,0200,124cm,-2dB"
"2026-07-30T17:50:45.460Z","118343","1","0","0100","94","12","P0,0100,94cm,12dB"
"2026-07-30T17:50:45.460Z","118343","2","1","0200","96","-5","P1,0200,96cm,-5dB"
"2026-07-30T17:50:45.560Z","118443","1","0","0100","97","17","P0,0100,97cm,17dB"
"2026-07-30T17:50:45.560Z","118443","2","1","0200","110","-4","P1,0200,110cm,-4dB"
"2026-07-30T17:50:45.660Z","118543","1","0","0100","96","16","P0,0100,96cm,16dB"
"2026-07-30T17:50:45.660Z","118543","2","1","0200","111","-2","P1,0200,111cm,-2dB"
"2026-07-30T17:50:45.760Z","118643","1","0","0100","90","11","P0,0100,90cm,11dB"
"2026-07-30T17:50:45.760Z","118643","2","1","0200","119","-5","P1,0200,119cm,-5dB"
"2026-07-30T17:50:45.860Z","118743","1","0","0100","86","16","P0,0100,86cm,16dB"
"2026-07-30T17:50:45.860Z","118743","2","1","0200","80","-6","P1,0200,80cm,-6dB"
"2026-07-30T17:50:45.958Z","118841","2","1","0200","99","-3","P1,0200,99cm,-3dB"
"2026-07-30T17:50:46.060Z","118943","1","0","0100","94","16","P0,0100,94cm,16dB"
"2026-07-30T17:50:46.060Z","118943","2","1","0200","96","-4","P1,0200,96cm,-4dB"
"2026-07-30T17:50:46.160Z","119043","1","0","0100","100","18","P0,0100,100cm,18dB"
"2026-07-30T17:50:46.160Z","119043","2","1","0200","97","-4","P1,0200,97cm,-4dB"
"2026-07-30T17:50:46.260Z","119143","1","0","0100","96","16","P0,0100,96cm,16dB"
"2026-07-30T17:50:46.260Z","119143","2","1","0200","103","-5","P1,0200,103cm,-5dB"
"2026-07-30T17:50:46.360Z","119243","1","0","0100","96","15","P0,0100,96cm,15dB"
"2026-07-30T17:50:46.360Z","119243","2","1","0200","110","-2","P1,0200,110cm,-2dB"
"2026-07-30T17:50:46.460Z","119343","1","0","0100","103","16","P0,0100,103cm,16dB"
"2026-07-30T17:50:46.460Z","119343","2","1","0200","98","-5","P1,0200,98cm,-5dB"
"2026-07-30T17:50:46.560Z","119443","1","0","0100","95","18","P0,0100,95cm,18dB"
"2026-07-30T17:50:46.560Z","119443","2","1","0200","99","-5","P1,0200,99cm,-5dB"
"2026-07-30T17:50:46.660Z","119543","1","0","0100","93","13","P0,0100,93cm,13dB"
"2026-07-30T17:50:46.660Z","119543","2","1","0200","102","2","P1,0200,102cm,2dB"
"2026-07-30T17:50:46.760Z","119643","1","0","0100","94","15","P0,0100,94cm,15dB"
"2026-07-30T17:50:46.760Z","119643","2","1","0200","92","-7","P1,0200,92cm,-7dB"
"2026-07-30T17:50:46.860Z","119743","1","0","0100","89","15","P0,0100,89cm,15dB"
"2026-07-30T17:50:46.860Z","119743","2","1","0200","98","-5","P1,0200,98cm,-5dB"
"2026-07-30T17:50:46.960Z","119843","1","0","0100","104","17","P0,0100,104cm,17dB"
"2026-07-30T17:50:46.960Z","119843","2","1","0200","91","-3","P1,0200,91cm,-3dB"
"2026-07-30T17:50:47.060Z","119943","1","0","0100","92","14","P0,0100,92cm,14dB"
"2026-07-30T17:50:47.060Z","119943","2","1","0200","95","-5","P1,0200,95cm,-5dB"
"2026-07-30T17:50:47.160Z","120043","1","0","0100","88","17","P0,0100,88cm,17dB"
"2026-07-30T17:50:47.160Z","120043","2","1","0200","83","-4","P1,0200,83cm,-4dB"
"2026-07-30T17:50:47.260Z","120143","1","0","0100","98","18","P0,0100,98cm,18dB"
"2026-07-30T17:50:47.260Z","120143","2","1","0200","91","-5","P1,0200,91cm,-5dB"
"2026-07-30T17:50:47.360Z","120243","1","0","0100","98","16","P0,0100,98cm,16dB"
"2026-07-30T17:50:47.360Z","120243","2","1","0200","89","-5","P1,0200,89cm,-5dB"
"2026-07-30T17:50:47.460Z","120343","1","0","0100","95","14","P0,0100,95cm,14dB"
"2026-07-30T17:50:47.460Z","120343","2","1","0200","91","-5","P1,0200,91cm,-5dB"
"2026-07-30T17:50:47.560Z","120443","1","0","0100","93","14","P0,0100,93cm,14dB"
"2026-07-30T17:50:47.560Z","120443","2","1","0200","82","-4","P1,0200,82cm,-4dB"
"2026-07-30T17:50:47.660Z","120543","1","0","0100","94","17","P0,0100,94cm,17dB"
"2026-07-30T17:50:47.660Z","120543","2","1","0200","94","-2","P1,0200,94cm,-2dB"
"2026-07-30T17:50:47.760Z","120643","1","0","0100","96","17","P0,0100,96cm,17dB"
"2026-07-30T17:50:47.760Z","120643","2","1","0200","82","-4","P1,0200,82cm,-4dB"
"2026-07-30T17:50:47.859Z","120742","1","0","0100","94","14","P0,0100,94cm,14dB"
"2026-07-30T17:50:47.860Z","120743","2","1","0200","88","-2","P1,0200,88cm,-2dB"
"2026-07-30T17:50:47.960Z","120843","1","0","0100","93","17","P0,0100,93cm,17dB"
"2026-07-30T17:50:47.960Z","120843","2","1","0200","91","-5","P1,0200,91cm,-5dB"
"2026-07-30T17:50:48.060Z","120943","1","0","0100","89","17","P0,0100,89cm,17dB"
"2026-07-30T17:50:48.060Z","120943","2","1","0200","86","-4","P1,0200,86cm,-4dB"
"2026-07-30T17:50:48.158Z","121041","2","1","0200","96","-2","P1,0200,96cm,-2dB"
"2026-07-30T17:50:48.259Z","121142","1","0","0100","98","14","P0,0100,98cm,14dB"
"2026-07-30T17:50:48.260Z","121143","2","1","0200","99","-5","P1,0200,99cm,-5dB"
"2026-07-30T17:50:48.360Z","121243","1","0","0100","102","14","P0,0100,102cm,14dB"
"2026-07-30T17:50:48.360Z","121243","2","1","0200","102","-2","P1,0200,102cm,-2dB"
"2026-07-30T17:50:48.460Z","121343","1","0","0100","99","18","P0,0100,99cm,18dB"
"2026-07-30T17:50:48.460Z","121343","2","1","0200","89","-4","P1,0200,89cm,-4dB"
"2026-07-30T17:50:48.560Z","121443","1","0","0100","76","14","P0,0100,76cm,14dB"
"2026-07-30T17:50:48.560Z","121443","2","1","0200","101","-4","P1,0200,101cm,-4dB"
"2026-07-30T17:50:48.660Z","121543","1","0","0100","95","14","P0,0100,95cm,14dB"
"2026-07-30T17:50:48.660Z","121543","2","1","0200","100","-5","P1,0200,100cm,-5dB"
"2026-07-30T17:50:48.759Z","121642","1","0","0100","95","16","P0,0100,95cm,16dB"
"2026-07-30T17:50:48.760Z","121643","2","1","0200","90","-3","P1,0200,90cm,-3dB"
"2026-07-30T17:50:48.860Z","121743","1","0","0100","115","17","P0,0100,115cm,17dB"
"2026-07-30T17:50:48.860Z","121743","2","1","0200","102","-3","P1,0200,102cm,-3dB"
"2026-07-30T17:50:48.960Z","121843","1","0","0100","106","16","P0,0100,106cm,16dB"
"2026-07-30T17:50:48.960Z","121843","2","1","0200","99","-2","P1,0200,99cm,-2dB"
"2026-07-30T17:50:49.060Z","121943","1","0","0100","110","15","P0,0100,110cm,15dB"
"2026-07-30T17:50:49.060Z","121943","2","1","0200","92","-3","P1,0200,92cm,-3dB"
"2026-07-30T17:50:49.159Z","122042","1","0","0100","94","16","P0,0100,94cm,16dB"
"2026-07-30T17:50:49.160Z","122043","2","1","0200","89","-6","P1,0200,89cm,-6dB"
"2026-07-30T17:50:49.260Z","122143","1","0","0100","92","16","P0,0100,92cm,16dB"
"2026-07-30T17:50:49.260Z","122143","2","1","0200","96","-5","P1,0200,96cm,-5dB"
"2026-07-30T17:50:49.360Z","122243","1","0","0100","92","14","P0,0100,92cm,14dB"
"2026-07-30T17:50:49.360Z","122243","2","1","0200","115","-3","P1,0200,115cm,-3dB"
"2026-07-30T17:50:49.460Z","122343","1","0","0100","91","13","P0,0100,91cm,13dB"
"2026-07-30T17:50:49.460Z","122343","2","1","0200","101","-5","P1,0200,101cm,-5dB"
"2026-07-30T17:50:49.559Z","122442","1","0","0100","91","14","P0,0100,91cm,14dB"
"2026-07-30T17:50:49.560Z","122443","2","1","0200","95","-3","P1,0200,95cm,-3dB"
"2026-07-30T17:50:49.659Z","122542","1","0","0100","89","15","P0,0100,89cm,15dB"
"2026-07-30T17:50:49.660Z","122543","2","1","0200","92","-3","P1,0200,92cm,-3dB"
"2026-07-30T17:50:49.759Z","122642","1","0","0100","94","16","P0,0100,94cm,16dB"
"2026-07-30T17:50:49.759Z","122642","2","1","0200","96","-4","P1,0200,96cm,-4dB"
"2026-07-30T17:50:49.859Z","122742","1","0","0100","93","17","P0,0100,93cm,17dB"
"2026-07-30T17:50:49.859Z","122742","2","1","0200","98","-5","P1,0200,98cm,-5dB"
"2026-07-30T17:50:49.960Z","122843","1","0","0100","92","18","P0,0100,92cm,18dB"
"2026-07-30T17:50:49.960Z","122843","2","1","0200","110","-4","P1,0200,110cm,-4dB"
"2026-07-30T17:50:50.060Z","122943","1","0","0100","83","15","P0,0100,83cm,15dB"
"2026-07-30T17:50:50.060Z","122943","2","1","0200","98","-4","P1,0200,98cm,-4dB"
"2026-07-30T17:50:50.158Z","123041","2","1","0200","100","-4","P1,0200,100cm,-4dB"
"2026-07-30T17:50:50.259Z","123142","1","0","0100","89","15","P0,0100,89cm,15dB"
"2026-07-30T17:50:50.259Z","123142","2","1","0200","95","-5","P1,0200,95cm,-5dB"
"2026-07-30T17:50:50.359Z","123242","1","0","0100","95","16","P0,0100,95cm,16dB"
"2026-07-30T17:50:50.359Z","123242","2","1","0200","98","-3","P1,0200,98cm,-3dB"
"2026-07-30T17:50:50.459Z","123342","1","0","0100","98","14","P0,0100,98cm,14dB"
"2026-07-30T17:50:50.459Z","123342","2","1","0200","78","0","P1,0200,78cm,0dB"
"2026-07-30T17:50:50.560Z","123443","1","0","0100","93","13","P0,0100,93cm,13dB"
"2026-07-30T17:50:50.560Z","123443","2","1","0200","100","-2","P1,0200,100cm,-2dB"
"2026-07-30T17:50:50.658Z","123541","2","1","0200","112","-3","P1,0200,112cm,-3dB"
"2026-07-30T17:50:50.758Z","123641","2","1","0200","100","-2","P1,0200,100cm,-2dB"
"2026-07-30T17:50:50.859Z","123742","1","0","0100","93","13","P0,0100,93cm,13dB"
"2026-07-30T17:50:50.860Z","123743","2","1","0200","106","-4","P1,0200,106cm,-4dB"
"2026-07-30T17:50:50.959Z","123842","1","0","0100","90","16","P0,0100,90cm,16dB"
"2026-07-30T17:50:50.959Z","123842","2","1","0200","98","-4","P1,0200,98cm,-4dB"
"2026-07-30T17:50:51.060Z","123943","1","0","0100","103","18","P0,0100,103cm,18dB"
"2026-07-30T17:50:51.060Z","123943","2","1","0200","98","-3","P1,0200,98cm,-3dB"
"2026-07-30T17:50:51.159Z","124042","1","0","0100","91","14","P0,0100,91cm,14dB"
"2026-07-30T17:50:51.160Z","124043","2","1","0200","102","-5","P1,0200,102cm,-5dB"
"2026-07-30T17:50:51.259Z","124142","1","0","0100","91","13","P0,0100,91cm,13dB"
"2026-07-30T17:50:51.260Z","124143","2","1","0200","102","-5","P1,0200,102cm,-5dB"
"2026-07-30T17:50:51.359Z","124242","1","0","0100","92","17","P0,0100,92cm,17dB"
"2026-07-30T17:50:51.360Z","124243","2","1","0200","101","-4","P1,0200,101cm,-4dB"
"2026-07-30T17:50:51.460Z","124343","1","0","0100","93","16","P0,0100,93cm,16dB"
"2026-07-30T17:50:51.460Z","124343","2","1","0200","100","-2","P1,0200,100cm,-2dB"
"2026-07-30T17:50:51.559Z","124442","1","0","0100","98","15","P0,0100,98cm,15dB"
"2026-07-30T17:50:51.560Z","124443","2","1","0200","104","-1","P1,0200,104cm,-1dB"
"2026-07-30T17:50:51.659Z","124542","1","0","0100","92","19","P0,0100,92cm,19dB"
"2026-07-30T17:50:51.660Z","124543","2","1","0200","106","-4","P1,0200,106cm,-4dB"
"2026-07-30T17:50:51.759Z","124642","1","0","0100","88","14","P0,0100,88cm,14dB"
"2026-07-30T17:50:51.759Z","124642","2","1","0200","99","-3","P1,0200,99cm,-3dB"
"2026-07-30T17:50:51.859Z","124742","1","0","0100","86","16","P0,0100,86cm,16dB"
"2026-07-30T17:50:51.859Z","124742","2","1","0200","99","-5","P1,0200,99cm,-5dB"
"2026-07-30T17:50:51.960Z","124843","1","0","0100","108","17","P0,0100,108cm,17dB"
"2026-07-30T17:50:51.960Z","124843","2","1","0200","111","-5","P1,0200,111cm,-5dB"
"2026-07-30T17:50:52.059Z","124942","1","0","0100","92","17","P0,0100,92cm,17dB"
"2026-07-30T17:50:52.059Z","124942","2","1","0200","97","-5","P1,0200,97cm,-5dB"
"2026-07-30T17:50:52.159Z","125042","1","0","0100","104","16","P0,0100,104cm,16dB"
"2026-07-30T17:50:52.160Z","125043","2","1","0200","89","-3","P1,0200,89cm,-3dB"
"2026-07-30T17:50:52.259Z","125142","1","0","0100","93","15","P0,0100,93cm,15dB"
"2026-07-30T17:50:52.259Z","125142","2","1","0200","100","-3","P1,0200,100cm,-3dB"
"2026-07-30T17:50:52.359Z","125242","1","0","0100","94","16","P0,0100,94cm,16dB"
"2026-07-30T17:50:52.359Z","125242","2","1","0200","98","-5","P1,0200,98cm,-5dB"
"2026-07-30T17:50:52.459Z","125342","1","0","0100","99","17","P0,0100,99cm,17dB"
"2026-07-30T17:50:52.459Z","125342","2","1","0200","96","-5","P1,0200,96cm,-5dB"
"2026-07-30T17:50:52.559Z","125442","1","0","0100","94","15","P0,0100,94cm,15dB"
"2026-07-30T17:50:52.559Z","125442","2","1","0200","98","-5","P1,0200,98cm,-5dB"
"2026-07-30T17:50:52.659Z","125542","1","0","0100","97","19","P0,0100,97cm,19dB"
"2026-07-30T17:50:52.659Z","125542","2","1","0200","94","-2","P1,0200,94cm,-2dB"
"2026-07-30T17:50:52.759Z","125642","1","0","0100","100","17","P0,0100,100cm,17dB"
"2026-07-30T17:50:52.760Z","125643","2","1","0200","95","-2","P1,0200,95cm,-2dB"
"2026-07-30T17:50:52.859Z","125742","1","0","0100","98","13","P0,0100,98cm,13dB"
"2026-07-30T17:50:52.859Z","125742","2","1","0200","99","-4","P1,0200,99cm,-4dB"
"2026-07-30T17:50:52.959Z","125842","1","0","0100","97","16","P0,0100,97cm,16dB"
"2026-07-30T17:50:52.959Z","125842","2","1","0200","98","-4","P1,0200,98cm,-4dB"
"2026-07-30T17:50:53.059Z","125942","1","0","0100","73","18","P0,0100,73cm,18dB"
"2026-07-30T17:50:53.059Z","125942","2","1","0200","98","-5","P1,0200,98cm,-5dB"
"2026-07-30T17:50:53.159Z","126042","1","0","0100","91","14","P0,0100,91cm,14dB"
"2026-07-30T17:50:53.159Z","126042","2","1","0200","94","-5","P1,0200,94cm,-5dB"
"2026-07-30T17:50:53.259Z","126142","1","0","0100","98","16","P0,0100,98cm,16dB"
"2026-07-30T17:50:53.260Z","126143","2","1","0200","99","-5","P1,0200,99cm,-5dB"
"2026-07-30T17:50:53.359Z","126242","1","0","0100","98","17","P0,0100,98cm,17dB"
"2026-07-30T17:50:53.359Z","126242","2","1","0200","97","-5","P1,0200,97cm,-5dB"
"2026-07-30T17:50:53.458Z","126341","2","1","0200","96","-5","P1,0200,96cm,-5dB"
"2026-07-30T17:50:53.559Z","126442","1","0","0100","90","14","P0,0100,90cm,14dB"
"2026-07-30T17:50:53.560Z","126443","2","1","0200","100","-2","P1,0200,100cm,-2dB"
"2026-07-30T17:50:53.659Z","126542","1","0","0100","99","15","P0,0100,99cm,15dB"
"2026-07-30T17:50:53.659Z","126542","2","1","0200","110","-5","P1,0200,110cm,-5dB"
"2026-07-30T17:50:53.759Z","126642","1","0","0100","109","17","P0,0100,109cm,17dB"
"2026-07-30T17:50:53.759Z","126642","2","1","0200","98","-1","P1,0200,98cm,-1dB"
"2026-07-30T17:50:53.859Z","126742","1","0","0100","96","18","P0,0100,96cm,18dB"
"2026-07-30T17:50:53.859Z","126742","2","1","0200","95","-5","P1,0200,95cm,-5dB"
"2026-07-30T17:50:53.959Z","126842","1","0","0100","98","20","P0,0100,98cm,20dB"
"2026-07-30T17:50:53.959Z","126842","2","1","0200","101","-4","P1,0200,101cm,-4dB"
"2026-07-30T17:50:54.060Z","126943","1","0","0100","96","13","P0,0100,96cm,13dB"
"2026-07-30T17:50:54.060Z","126943","2","1","0200","102","-2","P1,0200,102cm,-2dB"
"2026-07-30T17:50:54.159Z","127042","1","0","0100","97","16","P0,0100,97cm,16dB"
"2026-07-30T17:50:54.159Z","127042","2","1","0200","95","-5","P1,0200,95cm,-5dB"
"2026-07-30T17:50:54.259Z","127142","1","0","0100","82","17","P0,0100,82cm,17dB"
"2026-07-30T17:50:54.259Z","127142","2","1","0200","102","-5","P1,0200,102cm,-5dB"
"2026-07-30T17:50:54.359Z","127242","1","0","0100","90","15","P0,0100,90cm,15dB"
"2026-07-30T17:50:54.359Z","127242","2","1","0200","101","-3","P1,0200,101cm,-3dB"
"2026-07-30T17:50:54.459Z","127342","1","0","0100","96","14","P0,0100,96cm,14dB"
"2026-07-30T17:50:54.459Z","127342","2","1","0200","94","-5","P1,0200,94cm,-5dB"
"2026-07-30T17:50:54.560Z","127443","1","0","0100","108","18","P0,0100,108cm,18dB"
"2026-07-30T17:50:54.560Z","127443","2","1","0200","101","-1","P1,0200,101cm,-1dB"
"2026-07-30T17:50:54.659Z","127542","1","0","0100","90","15","P0,0100,90cm,15dB"
"2026-07-30T17:50:54.659Z","127542","2","1","0200","113","0","P1,0200,113cm,0dB"
"2026-07-30T17:50:54.759Z","127642","1","0","0100","95","19","P0,0100,95cm,19dB"
"2026-07-30T17:50:54.759Z","127642","2","1","0200","86","-3","P1,0200,86cm,-3dB"
"2026-07-30T17:50:54.859Z","127742","1","0","0100","88","19","P0,0100,88cm,19dB"
"2026-07-30T17:50:54.859Z","127742","2","1","0200","98","-5","P1,0200,98cm,-5dB"
"2026-07-30T17:50:54.959Z","127842","1","0","0100","88","14","P0,0100,88cm,14dB"
"2026-07-30T17:50:54.959Z","127842","2","1","0200","104","-4","P1,0200,104cm,-4dB"
"2026-07-30T17:50:55.059Z","127942","1","0","0100","96","18","P0,0100,96cm,18dB"
"2026-07-30T17:50:55.059Z","127942","2","1","0200","90","-4","P1,0200,90cm,-4dB"
"2026-07-30T17:50:55.159Z","128042","1","0","0100","97","19","P0,0100,97cm,19dB"
"2026-07-30T17:50:55.159Z","128042","2","1","0200","98","-2","P1,0200,98cm,-2dB"
"2026-07-30T17:50:55.259Z","128142","1","0","0100","97","16","P0,0100,97cm,16dB"
"2026-07-30T17:50:55.259Z","128142","2","1","0200","95","-4","P1,0200,95cm,-4dB"
"2026-07-30T17:50:55.357Z","128240","2","1","0200","99","-5","P1,0200,99cm,-5dB"
"2026-07-30T17:50:55.459Z","128342","1","0","0100","90","14","P0,0100,90cm,14dB"
"2026-07-30T17:50:55.459Z","128342","2","1","0200","99","-1","P1,0200,99cm,-1dB"
"2026-07-30T17:50:55.560Z","128443","1","0","0100","103","18","P0,0100,103cm,18dB"
"2026-07-30T17:50:55.560Z","128443","2","1","0200","92","-2","P1,0200,92cm,-2dB"
"2026-07-30T17:50:55.659Z","128542","1","0","0100","91","16","P0,0100,91cm,16dB"
"2026-07-30T17:50:55.659Z","128542","2","1","0200","105","0","P1,0200,105cm,0dB"
"2026-07-30T17:50:55.759Z","128642","1","0","0100","96","20","P0,0100,96cm,20dB"
"2026-07-30T17:50:55.759Z","128642","2","1","0200","92","-5","P1,0200,92cm,-5dB"
"2026-07-30T17:50:55.859Z","128742","1","0","0100","94","19","P0,0100,94cm,19dB"
"2026-07-30T17:50:55.859Z","128742","2","1","0200","93","2","P1,0200,93cm,2dB"
"2026-07-30T17:50:55.959Z","128842","1","0","0100","102","17","P0,0100,102cm,17dB"
"2026-07-30T17:50:55.959Z","128842","2","1","0200","95","-4","P1,0200,95cm,-4dB"
"2026-07-30T17:50:56.059Z","128942","1","0","0100","92","16","P0,0100,92cm,16dB"
"2026-07-30T17:50:56.059Z","128942","2","1","0200","96","-3","P1,0200,96cm,-3dB"
"2026-07-30T17:50:56.159Z","129042","1","0","0100","93","17","P0,0100,93cm,17dB"
"2026-07-30T17:50:56.159Z","129042","2","1","0200","112","-2","P1,0200,112cm,-2dB"
"2026-07-30T17:50:56.259Z","129142","1","0","0100","89","16","P0,0100,89cm,16dB"
"2026-07-30T17:50:56.259Z","129142","2","1","0200","74","-4","P1,0200,74cm,-4dB"
"2026-07-30T17:50:56.359Z","129242","1","0","0100","90","14","P0,0100,90cm,14dB"
"2026-07-30T17:50:56.359Z","129242","2","1","0200","94","-5","P1,0200,94cm,-5dB"
"2026-07-30T17:50:56.459Z","129342","1","0","0100","109","15","P0,0100,109cm,15dB"
"2026-07-30T17:50:56.459Z","129342","2","1","0200","96","-4","P1,0200,96cm,-4dB"
"2026-07-30T17:50:56.559Z","129442","1","0","0100","101","17","P0,0100,101cm,17dB"
"2026-07-30T17:50:56.559Z","129442","2","1","0200","95","-4","P1,0200,95cm,-4dB"
"2026-07-30T17:50:56.659Z","129542","1","0","0100","103","19","P0,0100,103cm,19dB"
"2026-07-30T17:50:56.659Z","129542","2","1","0200","97","-5","P1,0200,97cm,-5dB"
"2026-07-30T17:50:56.759Z","129642","1","0","0100","92","20","P0,0100,92cm,20dB"
"2026-07-30T17:50:56.759Z","129642","2","1","0200","91","1","P1,0200,91cm,1dB"
"2026-07-30T17:50:56.859Z","129742","1","0","0100","109","16","P0,0100,109cm,16dB"
"2026-07-30T17:50:56.859Z","129742","2","1","0200","97","-1","P1,0200,97cm,-1dB"
"2026-07-30T17:50:56.959Z","129842","1","0","0100","97","17","P0,0100,97cm,17dB"
"2026-07-30T17:50:56.959Z","129842","2","1","0200","92","-4","P1,0200,92cm,-4dB"
"2026-07-30T17:50:57.057Z","129940","2","1","0200","98","-4","P1,0200,98cm,-4dB"
"2026-07-30T17:50:57.159Z","130042","1","0","0100","99","16","P0,0100,99cm,16dB"
"2026-07-30T17:50:57.159Z","130042","2","1","0200","95","-4","P1,0200,95cm,-4dB"
"2026-07-30T17:50:57.259Z","130142","1","0","0100","93","16","P0,0100,93cm,16dB"
"2026-07-30T17:50:57.259Z","130142","2","1","0200","98","-4","P1,0200,98cm,-4dB"
"2026-07-30T17:50:57.359Z","130242","1","0","0100","90","14","P0,0100,90cm,14dB"
"2026-07-30T17:50:57.359Z","130242","2","1","0200","107","-5","P1,0200,107cm,-5dB"
"2026-07-30T17:50:57.459Z","130342","1","0","0100","106","17","P0,0100,106cm,17dB"
"2026-07-30T17:50:57.459Z","130342","2","1","0200","97","-5","P1,0200,97cm,-5dB"
"2026-07-30T17:50:57.557Z","130440","2","1","0200","98","-3","P1,0200,98cm,-3dB"
"2026-07-30T17:50:57.659Z","130542","1","0","0100","92","17","P0,0100,92cm,17dB"
"2026-07-30T17:50:57.659Z","130542","2","1","0200","97","-3","P1,0200,97cm,-3dB"
"2026-07-30T17:50:57.759Z","130642","1","0","0100","98","18","P0,0100,98cm,18dB"
"2026-07-30T17:50:57.759Z","130642","2","1","0200","97","-5","P1,0200,97cm,-5dB"
"2026-07-30T17:50:57.859Z","130742","1","0","0100","82","15","P0,0100,82cm,15dB"
"2026-07-30T17:50:57.859Z","130742","2","1","0200","97","-5","P1,0200,97cm,-5dB"
"2026-07-30T17:50:57.959Z","130842","1","0","0100","95","12","P0,0100,95cm,12dB"
"2026-07-30T17:50:57.959Z","130842","2","1","0200","100","-5","P1,0200,100cm,-5dB"
"2026-07-30T17:50:58.059Z","130942","1","0","0100","91","21","P0,0100,91cm,21dB"
"2026-07-30T17:50:58.059Z","130942","2","1","0200","93","-5","P1,0200,93cm,-5dB"
"2026-07-30T17:50:58.159Z","131042","1","0","0100","89","19","P0,0100,89cm,19dB"
"2026-07-30T17:50:58.159Z","131042","2","1","0200","98","-5","P1,0200,98cm,-5dB"
"2026-07-30T17:50:58.259Z","131142","1","0","0100","94","15","P0,0100,94cm,15dB"
"2026-07-30T17:50:58.259Z","131142","2","1","0200","104","-5","P1,0200,104cm,-5dB"
"2026-07-30T17:50:58.359Z","131242","1","0","0100","90","16","P0,0100,90cm,16dB"
"2026-07-30T17:50:58.359Z","131242","2","1","0200","100","-5","P1,0200,100cm,-5dB"
"2026-07-30T17:50:58.459Z","131342","1","0","0100","91","17","P0,0100,91cm,17dB"
"2026-07-30T17:50:58.459Z","131342","2","1","0200","98","-5","P1,0200,98cm,-5dB"
"2026-07-30T17:50:58.559Z","131442","1","0","0100","88","15","P0,0100,88cm,15dB"
"2026-07-30T17:50:58.559Z","131442","2","1","0200","102","-3","P1,0200,102cm,-3dB"
"2026-07-30T17:50:58.659Z","131542","1","0","0100","89","16","P0,0100,89cm,16dB"
"2026-07-30T17:50:58.659Z","131542","2","1","0200","99","-2","P1,0200,99cm,-2dB"
"2026-07-30T17:50:58.759Z","131642","1","0","0100","91","16","P0,0100,91cm,16dB"
"2026-07-30T17:50:58.759Z","131642","2","1","0200","96","-1","P1,0200,96cm,-1dB"
"2026-07-30T17:50:58.859Z","131742","1","0","0100","85","14","P0,0100,85cm,14dB"
"2026-07-30T17:50:58.859Z","131742","2","1","0200","102","-3","P1,0200,102cm,-3dB"
"2026-07-30T17:50:58.959Z","131842","1","0","0100","92","16","P0,0100,92cm,16dB"
"2026-07-30T17:50:58.959Z","131842","2","1","0200","110","-5","P1,0200,110cm,-5dB"
"2026-07-30T17:50:59.059Z","131942","1","0","0100","90","16","P0,0100,90cm,16dB"
"2026-07-30T17:50:59.059Z","131942","2","1","0200","81","-5","P1,0200,81cm,-5dB"
"2026-07-30T17:50:59.159Z","132042","1","0","0100","90","16","P0,0100,90cm,16dB"
"2026-07-30T17:50:59.159Z","132042","2","1","0200","98","-3","P1,0200,98cm,-3dB"
"2026-07-30T17:50:59.259Z","132142","1","0","0100","90","14","P0,0100,90cm,14dB"
"2026-07-30T17:50:59.259Z","132142","2","1","0200","96","-2","P1,0200,96cm,-2dB"
"2026-07-30T17:50:59.359Z","132242","1","0","0100","96","15","P0,0100,96cm,15dB"
"2026-07-30T17:50:59.359Z","132242","2","1","0200","99","-2","P1,0200,99cm,-2dB"
"2026-07-30T17:50:59.459Z","132342","1","0","0100","90","16","P0,0100,90cm,16dB"
"2026-07-30T17:50:59.459Z","132342","2","1","0200","99","-5","P1,0200,99cm,-5dB"
"2026-07-30T17:50:59.559Z","132442","1","0","0100","90","17","P0,0100,90cm,17dB"
"2026-07-30T17:50:59.559Z","132442","2","1","0200","99","-5","P1,0200,99cm,-5dB"
"2026-07-30T17:50:59.659Z","132542","1","0","0100","106","20","P0,0100,106cm,20dB"
"2026-07-30T17:50:59.659Z","132542","2","1","0200","99","-3","P1,0200,99cm,-3dB"
"2026-07-30T17:50:59.759Z","132642","1","0","0100","101","16","P0,0100,101cm,16dB"
"2026-07-30T17:50:59.759Z","132642","2","1","0200","105","-1","P1,0200,105cm,-1dB"
"2026-07-30T17:50:59.859Z","132742","1","0","0100","93","16","P0,0100,93cm,16dB"
"2026-07-30T17:50:59.859Z","132742","2","1","0200","100","-2","P1,0200,100cm,-2dB"
"2026-07-30T17:50:59.957Z","132840","2","1","0200","100","-5","P1,0200,100cm,-5dB"
"2026-07-30T17:51:00.059Z","132942","1","0","0100","90","15","P0,0100,90cm,15dB"
"2026-07-30T17:51:00.059Z","132942","2","1","0200","111","-5","P1,0200,111cm,-5dB"
"2026-07-30T17:51:00.159Z","133042","1","0","0100","95","16","P0,0100,95cm,16dB"
"2026-07-30T17:51:00.159Z","133042","2","1","0200","110","-2","P1,0200,110cm,-2dB"
"2026-07-30T17:51:00.259Z","133142","1","0","0100","89","17","P0,0100,89cm,17dB"
"2026-07-30T17:51:00.259Z","133142","2","1","0200","100","-2","P1,0200,100cm,-2dB"
"2026-07-30T17:51:00.359Z","133242","1","0","0100","98","19","P0,0100,98cm,19dB"
"2026-07-30T17:51:00.359Z","133242","2","1","0200","102","-5","P1,0200,102cm,-5dB"
"2026-07-30T17:51:00.459Z","133342","1","0","0100","92","13","P0,0100,92cm,13dB"
"2026-07-30T17:51:00.459Z","133342","2","1","0200","100","0","P1,0200,100cm,0dB"
"2026-07-30T17:51:00.559Z","133442","1","0","0100","90","17","P0,0100,90cm,17dB"
"2026-07-30T17:51:00.559Z","133442","2","1","0200","105","-6","P1,0200,105cm,-6dB"
"2026-07-30T17:51:00.659Z","133542","1","0","0100","103","17","P0,0100,103cm,17dB"
"2026-07-30T17:51:00.659Z","133542","2","1","0200","107","-4","P1,0200,107cm,-4dB"
"2026-07-30T17:51:00.759Z","133642","1","0","0100","91","16","P0,0100,91cm,16dB"
"2026-07-30T17:51:00.759Z","133642","2","1","0200","106","-4","P1,0200,106cm,-4dB"
"2026-07-30T17:51:00.859Z","133742","1","0","0100","91","17","P0,0100,91cm,17dB"
"2026-07-30T17:51:00.859Z","133742","2","1","0200","105","-5","P1,0200,105cm,-5dB"
"2026-07-30T17:51:00.959Z","133842","1","0","0100","86","13","P0,0100,86cm,13dB"
"2026-07-30T17:51:00.959Z","133842","2","1","0200","104","-4","P1,0200,104cm,-4dB"
"2026-07-30T17:51:01.059Z","133942","1","0","0100","96","17","P0,0100,96cm,17dB"
"2026-07-30T17:51:01.059Z","133942","2","1","0200","97","-1","P1,0200,97cm,-1dB"
"2026-07-30T17:51:01.159Z","134042","1","0","0100","85","17","P0,0100,85cm,17dB"
"2026-07-30T17:51:01.159Z","134042","2","1","0200","96","-4","P1,0200,96cm,-4dB"
"2026-07-30T17:51:01.259Z","134142","1","0","0100","91","15","P0,0100,91cm,15dB"
"2026-07-30T17:51:01.259Z","134142","2","1","0200","99","-4","P1,0200,99cm,-4dB"
"2026-07-30T17:51:01.359Z","134242","1","0","0100","97","17","P0,0100,97cm,17dB"
"2026-07-30T17:51:01.359Z","134242","2","1","0200","103","-4","P1,0200,103cm,-4dB"
"2026-07-30T17:51:01.458Z","134341","2","1","0200","99","-5","P1,0200,99cm,-5dB"
"2026-07-30T17:51:01.559Z","134442","1","0","0100","79","15","P0,0100,79cm,15dB"
"2026-07-30T17:51:01.559Z","134442","2","1","0200","95","-4","P1,0200,95cm,-4dB"
"2026-07-30T17:51:01.659Z","134542","1","0","0100","89","14","P0,0100,89cm,14dB"
"2026-07-30T17:51:01.659Z","134542","2","1","0200","93","-4","P1,0200,93cm,-4dB"
"2026-07-30T17:51:01.759Z","134642","1","0","0100","95","17","P0,0100,95cm,17dB"
"2026-07-30T17:51:01.759Z","134642","2","1","0200","94","-2","P1,0200,94cm,-2dB"
"2026-07-30T17:51:01.859Z","134742","1","0","0100","80","15","P0,0100,80cm,15dB"
"2026-07-30T17:51:01.859Z","134742","2","1","0200","101","-4","P1,0200,101cm,-4dB"
"2026-07-30T17:51:01.959Z","134842","1","0","0100","96","14","P0,0100,96cm,14dB"
"2026-07-30T17:51:01.959Z","134842","2","1","0200","99","-5","P1,0200,99cm,-5dB"
"2026-07-30T17:51:02.059Z","134942","1","0","0100","86","16","P0,0100,86cm,16dB"
"2026-07-30T17:51:02.059Z","134942","2","1","0200","98","-4","P1,0200,98cm,-4dB"
"2026-07-30T17:51:02.159Z","135042","1","0","0100","90","16","P0,0100,90cm,16dB"
"2026-07-30T17:51:02.159Z","135042","2","1","0200","99","-4","P1,0200,99cm,-4dB"
"2026-07-30T17:51:02.259Z","135142","1","0","0100","98","16","P0,0100,98cm,16dB"
"2026-07-30T17:51:02.259Z","135142","2","1","0200","104","-5","P1,0200,104cm,-5dB"
"2026-07-30T17:51:02.359Z","135242","1","0","0100","80","14","P0,0100,80cm,14dB"
"2026-07-30T17:51:02.359Z","135242","2","1","0200","98","-4","P1,0200,98cm,-4dB"
"2026-07-30T17:51:02.459Z","135342","1","0","0100","93","18","P0,0100,93cm,18dB"
"2026-07-30T17:51:02.459Z","135342","2","1","0200","104","-4","P1,0200,104cm,-4dB"
"2026-07-30T17:51:02.559Z","135442","1","0","0100","95","17","P0,0100,95cm,17dB"
"2026-07-30T17:51:02.559Z","135442","2","1","0200","103","-4","P1,0200,103cm,-4dB"
"2026-07-30T17:51:02.659Z","135542","1","0","0100","94","19","P0,0100,94cm,19dB"
"2026-07-30T17:51:02.659Z","135542","2","1","0200","106","-5","P1,0200,106cm,-5dB"
"2026-07-30T17:51:02.757Z","135640","2","1","0200","102","-4","P1,0200,102cm,-4dB"
"2026-07-30T17:51:02.859Z","135742","1","0","0100","101","15","P0,0100,101cm,15dB"
"2026-07-30T17:51:02.859Z","135742","2","1","0200","99","-6","P1,0200,99cm,-6dB"
"2026-07-30T17:51:02.959Z","135842","1","0","0100","89","16","P0,0100,89cm,16dB"
"2026-07-30T17:51:02.959Z","135842","2","1","0200","104","-1","P1,0200,104cm,-1dB"
"2026-07-30T17:51:03.059Z","135942","1","0","0100","97","18","P0,0100,97cm,18dB"
"2026-07-30T17:51:03.059Z","135942","2","1","0200","99","-5","P1,0200,99cm,-5dB"
"2026-07-30T17:51:03.159Z","136042","1","0","0100","103","12","P0,0100,103cm,12dB"
"2026-07-30T17:51:03.159Z","136042","2","1","0200","103","-4","P1,0200,103cm,-4dB"
"2026-07-30T17:51:03.259Z","136142","1","0","0100","99","16","P0,0100,99cm,16dB"
"2026-07-30T17:51:03.259Z","136142","2","1","0200","97","0","P1,0200,97cm,0dB"
"2026-07-30T17:51:03.359Z","136242","1","0","0100","97","14","P0,0100,97cm,14dB"
"2026-07-30T17:51:03.359Z","136242","2","1","0200","107","0","P1,0200,107cm,0dB"
"2026-07-30T17:51:03.459Z","136342","1","0","0100","85","15","P0,0100,85cm,15dB"
"2026-07-30T17:51:03.459Z","136342","2","1","0200","105","-4","P1,0200,105cm,-4dB"
"2026-07-30T17:51:03.559Z","136442","1","0","0100","85","15","P0,0100,85cm,15dB"
"2026-07-30T17:51:03.559Z","136442","2","1","0200","103","-5","P1,0200,103cm,-5dB"
"2026-07-30T17:51:03.659Z","136542","1","0","0100","83","18","P0,0100,83cm,18dB"
"2026-07-30T17:51:03.659Z","136542","2","1","0200","82","-4","P1,0200,82cm,-4dB"
"2026-07-30T17:51:03.759Z","136642","1","0","0100","88","16","P0,0100,88cm,16dB"
"2026-07-30T17:51:03.759Z","136642","2","1","0200","97","-3","P1,0200,97cm,-3dB"
"2026-07-30T17:51:03.859Z","136742","1","0","0100","82","18","P0,0100,82cm,18dB"
"2026-07-30T17:51:03.859Z","136742","2","1","0200","107","-5","P1,0200,107cm,-5dB"
"2026-07-30T17:51:03.959Z","136842","1","0","0100","86","19","P0,0100,86cm,19dB"
"2026-07-30T17:51:03.959Z","136842","2","1","0200","105","-1","P1,0200,105cm,-1dB"
"2026-07-30T17:51:04.059Z","136942","1","0","0100","97","17","P0,0100,97cm,17dB"
"2026-07-30T17:51:04.059Z","136942","2","1","0200","101","-4","P1,0200,101cm,-4dB"
"2026-07-30T17:51:04.159Z","137042","1","0","0100","90","17","P0,0100,90cm,17dB"
"2026-07-30T17:51:04.159Z","137042","2","1","0200","94","-2","P1,0200,94cm,-2dB"
"2026-07-30T17:51:04.259Z","137142","1","0","0100","92","13","P0,0100,92cm,13dB"
"2026-07-30T17:51:04.259Z","137142","2","1","0200","101","-4","P1,0200,101cm,-4dB"
"2026-07-30T17:51:04.359Z","137242","1","0","0100","102","18","P0,0100,102cm,18dB"
"2026-07-30T17:51:04.359Z","137242","2","1","0200","107","-4","P1,0200,107cm,-4dB"
"2026-07-30T17:51:04.459Z","137342","1","0","0100","84","17","P0,0100,84cm,17dB"
"2026-07-30T17:51:04.459Z","137342","2","1","0200","90","-1","P1,0200,90cm,-1dB"
"2026-07-30T17:51:04.559Z","137442","1","0","0100","101","20","P0,0100,101cm,20dB"
"2026-07-30T17:51:04.559Z","137442","2","1","0200","106","-5","P1,0200,106cm,-5dB"
"2026-07-30T17:51:04.659Z","137542","1","0","0100","93","13","P0,0100,93cm,13dB"
"2026-07-30T17:51:04.659Z","137542","2","1","0200","103","-4","P1,0200,103cm,-4dB"
"2026-07-30T17:51:04.759Z","137642","1","0","0100","102","16","P0,0100,102cm,16dB"
"2026-07-30T17:51:04.759Z","137642","2","1","0200","107","-5","P1,0200,107cm,-5dB"
"2026-07-30T17:51:04.859Z","137742","1","0","0100","80","14","P0,0100,80cm,14dB"
"2026-07-30T17:51:04.859Z","137742","2","1","0200","100","-3","P1,0200,100cm,-3dB"
"2026-07-30T17:51:04.959Z","137842","1","0","0100","71","15","P0,0100,71cm,15dB"
"2026-07-30T17:51:04.959Z","137842","2","1","0200","97","-3","P1,0200,97cm,-3dB"
"2026-07-30T17:51:05.059Z","137942","1","0","0100","110","16","P0,0100,110cm,16dB"
"2026-07-30T17:51:05.059Z","137942","2","1","0200","98","-6","P1,0200,98cm,-6dB"
"2026-07-30T17:51:05.159Z","138042","1","0","0100","99","16","P0,0100,99cm,16dB"
"2026-07-30T17:51:05.159Z","138042","2","1","0200","106","-4","P1,0200,106cm,-4dB"
"2026-07-30T17:51:05.259Z","138142","1","0","0100","85","14","P0,0100,85cm,14dB"
"2026-07-30T17:51:05.259Z","138142","2","1","0200","95","-3","P1,0200,95cm,-3dB"
"2026-07-30T17:51:05.359Z","138242","1","0","0100","103","17","P0,0100,103cm,17dB"
"2026-07-30T17:51:05.359Z","138242","2","1","0200","100","-5","P1,0200,100cm,-5dB"
"2026-07-30T17:51:05.459Z","138342","1","0","0100","94","16","P0,0100,94cm,16dB"
"2026-07-30T17:51:05.459Z","138342","2","1","0200","109","-3","P1,0200,109cm,-3dB"
"2026-07-30T17:51:05.559Z","138442","1","0","0100","90","14","P0,0100,90cm,14dB"
"2026-07-30T17:51:05.559Z","138442","2","1","0200","126","-2","P1,0200,126cm,-2dB"
"2026-07-30T17:51:05.659Z","138542","1","0","0100","92","19","P0,0100,92cm,19dB"
"2026-07-30T17:51:05.659Z","138542","2","1","0200","118","-3","P1,0200,118cm,-3dB"
"2026-07-30T17:51:05.759Z","138642","1","0","0100","95","18","P0,0100,95cm,18dB"
"2026-07-30T17:51:05.759Z","138642","2","1","0200","114","-5","P1,0200,114cm,-5dB"
"2026-07-30T17:51:05.859Z","138742","1","0","0100","95","17","P0,0100,95cm,17dB"
"2026-07-30T17:51:05.859Z","138742","2","1","0200","123","-4","P1,0200,123cm,-4dB"
"2026-07-30T17:51:05.959Z","138842","1","0","0100","96","14","P0,0100,96cm,14dB"
"2026-07-30T17:51:05.959Z","138842","2","1","0200","105","-2","P1,0200,105cm,-2dB"
"2026-07-30T17:51:06.059Z","138942","1","0","0100","90","18","P0,0100,90cm,18dB"
"2026-07-30T17:51:06.059Z","138942","2","1","0200","112","-4","P1,0200,112cm,-4dB"
"2026-07-30T17:51:06.159Z","139042","1","0","0100","93","15","P0,0100,93cm,15dB"
"2026-07-30T17:51:06.159Z","139042","2","1","0200","108","-3","P1,0200,108cm,-3dB"
"2026-07-30T17:51:06.259Z","139142","1","0","0100","93","15","P0,0100,93cm,15dB"
"2026-07-30T17:51:06.259Z","139142","2","1","0200","117","-4","P1,0200,117cm,-4dB"
"2026-07-30T17:51:06.359Z","139242","1","0","0100","92","15","P0,0100,92cm,15dB"
"2026-07-30T17:51:06.359Z","139242","2","1","0200","98","-2","P1,0200,98cm,-2dB"
"2026-07-30T17:51:06.459Z","139342","1","0","0100","93","18","P0,0100,93cm,18dB"
"2026-07-30T17:51:06.459Z","139342","2","1","0200","112","-4","P1,0200,112cm,-4dB"
"2026-07-30T17:51:06.559Z","139442","1","0","0100","93","18","P0,0100,93cm,18dB"
"2026-07-30T17:51:06.559Z","139442","2","1","0200","106","-1","P1,0200,106cm,-1dB"
"2026-07-30T17:51:06.659Z","139542","1","0","0100","95","15","P0,0100,95cm,15dB"
"2026-07-30T17:51:06.659Z","139542","2","1","0200","126","-3","P1,0200,126cm,-3dB"
"2026-07-30T17:51:06.759Z","139642","1","0","0100","94","15","P0,0100,94cm,15dB"
"2026-07-30T17:51:06.759Z","139642","2","1","0200","105","-4","P1,0200,105cm,-4dB"
"2026-07-30T17:51:06.859Z","139742","1","0","0100","94","20","P0,0100,94cm,20dB"
"2026-07-30T17:51:06.859Z","139742","2","1","0200","87","-4","P1,0200,87cm,-4dB"
"2026-07-30T17:51:06.959Z","139842","1","0","0100","91","16","P0,0100,91cm,16dB"
"2026-07-30T17:51:06.959Z","139842","2","1","0200","111","-4","P1,0200,111cm,-4dB"
"2026-07-30T17:51:07.059Z","139942","1","0","0100","94","15","P0,0100,94cm,15dB"
"2026-07-30T17:51:07.059Z","139942","2","1","0200","104","-4","P1,0200,104cm,-4dB"
"2026-07-30T17:51:07.159Z","140042","1","0","0100","96","17","P0,0100,96cm,17dB"
"2026-07-30T17:51:07.159Z","140042","2","1","0200","117","0","P1,0200,117cm,0dB"
"2026-07-30T17:51:07.259Z","140142","1","0","0100","95","14","P0,0100,95cm,14dB"
"2026-07-30T17:51:07.259Z","140142","2","1","0200","110","1","P1,0200,110cm,1dB"
"2026-07-30T17:51:07.359Z","140242","1","0","0100","91","8","P0,0100,91cm,8dB"
"2026-07-30T17:51:07.359Z","140242","2","1","0200","104","-4","P1,0200,104cm,-4dB"
"2026-07-30T17:51:07.459Z","140342","1","0","0100","92","14","P0,0100,92cm,14dB"
"2026-07-30T17:51:07.459Z","140342","2","1","0200","107","-4","P1,0200,107cm,-4dB"
"2026-07-30T17:51:07.559Z","140442","1","0","0100","96","18","P0,0100,96cm,18dB"
"2026-07-30T17:51:07.559Z","140442","2","1","0200","113","-6","P1,0200,113cm,-6dB"
"2026-07-30T17:51:07.659Z","140542","1","0","0100","95","16","P0,0100,95cm,16dB"
"2026-07-30T17:51:07.659Z","140542","2","1","0200","113","-4","P1,0200,113cm,-4dB"
"2026-07-30T17:51:07.759Z","140642","1","0","0100","92","17","P0,0100,92cm,17dB"
"2026-07-30T17:51:07.759Z","140642","2","1","0200","112","-1","P1,0200,112cm,-1dB"
"2026-07-30T17:51:07.859Z","140742","1","0","0100","92","16","P0,0100,92cm,16dB"
"2026-07-30T17:51:07.859Z","140742","2","1","0200","114","-4","P1,0200,114cm,-4dB"
"2026-07-30T17:51:07.959Z","140842","1","0","0100","94","13","P0,0100,94cm,13dB"
"2026-07-30T17:51:07.959Z","140842","2","1","0200","107","-4","P1,0200,107cm,-4dB"
"2026-07-30T17:51:08.059Z","140942","1","0","0100","104","14","P0,0100,104cm,14dB"
"2026-07-30T17:51:08.059Z","140942","2","1","0200","119","-5","P1,0200,119cm,-5dB"
"2026-07-30T17:51:08.159Z","141042","1","0","0100","92","14","P0,0100,92cm,14dB"
"2026-07-30T17:51:08.159Z","141042","2","1","0200","108","2","P1,0200,108cm,2dB"
"2026-07-30T17:51:08.259Z","141142","1","0","0100","94","16","P0,0100,94cm,16dB"
"2026-07-30T17:51:08.259Z","141142","2","1","0200","119","-2","P1,0200,119cm,-2dB"
"2026-07-30T17:51:08.359Z","141242","1","0","0100","93","16","P0,0100,93cm,16dB"
"2026-07-30T17:51:08.359Z","141242","2","1","0200","84","-5","P1,0200,84cm,-5dB"
"2026-07-30T17:51:08.459Z","141342","1","0","0100","93","15","P0,0100,93cm,15dB"
"2026-07-30T17:51:08.459Z","141342","2","1","0200","105","-5","P1,0200,105cm,-5dB"
"2026-07-30T17:51:08.559Z","141442","1","0","0100","95","20","P0,0100,95cm,20dB"
"2026-07-30T17:51:08.559Z","141442","2","1","0200","107","-4","P1,0200,107cm,-4dB"
"2026-07-30T17:51:08.659Z","141542","1","0","0100","92","16","P0,0100,92cm,16dB"
"2026-07-30T17:51:08.659Z","141542","2","1","0200","114","-4","P1,0200,114cm,-4dB"
"2026-07-30T17:51:08.759Z","141642","1","0","0100","91","17","P0,0100,91cm,17dB"
"2026-07-30T17:51:08.759Z","141642","2","1","0200","114","-4","P1,0200,114cm,-4dB"
"2026-07-30T17:51:08.859Z","141742","1","0","0100","91","17","P0,0100,91cm,17dB"
"2026-07-30T17:51:08.859Z","141742","2","1","0200","106","-4","P1,0200,106cm,-4dB"
"2026-07-30T17:51:08.959Z","141842","1","0","0100","90","17","P0,0100,90cm,17dB"
"2026-07-30T17:51:08.959Z","141842","2","1","0200","122","-3","P1,0200,122cm,-3dB"
"2026-07-30T17:51:09.059Z","141942","1","0","0100","92","12","P0,0100,92cm,12dB"
"2026-07-30T17:51:09.059Z","141942","2","1","0200","112","-4","P1,0200,112cm,-4dB"
"2026-07-30T17:51:09.157Z","142040","2","1","0200","114","-4","P1,0200,114cm,-4dB"
"2026-07-30T17:51:09.259Z","142142","1","0","0100","92","17","P0,0100,92cm,17dB"
"2026-07-30T17:51:09.259Z","142142","2","1","0200","114","-4","P1,0200,114cm,-4dB"
"2026-07-30T17:51:09.359Z","142242","1","0","0100","91","16","P0,0100,91cm,16dB"
"2026-07-30T17:51:09.359Z","142242","2","1","0200","121","-1","P1,0200,121cm,-1dB"
"2026-07-30T17:51:09.459Z","142342","1","0","0100","93","15","P0,0100,93cm,15dB"
"2026-07-30T17:51:09.459Z","142342","2","1","0200","108","2","P1,0200,108cm,2dB"
"2026-07-30T17:51:09.559Z","142442","1","0","0100","95","17","P0,0100,95cm,17dB"
"2026-07-30T17:51:09.559Z","142442","2","1","0200","100","-3","P1,0200,100cm,-3dB"
"2026-07-30T17:51:09.659Z","142542","1","0","0100","101","16","P0,0100,101cm,16dB"
"2026-07-30T17:51:09.659Z","142542","2","1","0200","110","-2","P1,0200,110cm,-2dB"
"2026-07-30T17:51:09.759Z","142642","1","0","0100","106","14","P0,0100,106cm,14dB"
"2026-07-30T17:51:09.759Z","142642","2","1","0200","95","-3","P1,0200,95cm,-3dB"
"2026-07-30T17:51:09.857Z","142740","2","1","0200","98","-3","P1,0200,98cm,-3dB"
"2026-07-30T17:51:09.959Z","142842","1","0","0100","104","16","P0,0100,104cm,16dB"
"2026-07-30T17:51:09.959Z","142842","2","1","0200","120","-4","P1,0200,120cm,-4dB"
"2026-07-30T17:51:10.059Z","142942","1","0","0100","88","15","P0,0100,88cm,15dB"
"2026-07-30T17:51:10.059Z","142942","2","1","0200","86","0","P1,0200,86cm,0dB"
"2026-07-30T17:51:10.159Z","143042","1","0","0100","94","15","P0,0100,94cm,15dB"
"2026-07-30T17:51:10.159Z","143042","2","1","0200","96","-2","P1,0200,96cm,-2dB"
"2026-07-30T17:51:10.259Z","143142","1","0","0100","95","14","P0,0100,95cm,14dB"
"2026-07-30T17:51:10.259Z","143142","2","1","0200","90","-5","P1,0200,90cm,-5dB"
"2026-07-30T17:51:10.359Z","143242","1","0","0100","113","13","P0,0100,113cm,13dB"
"2026-07-30T17:51:10.359Z","143242","2","1","0200","94","-1","P1,0200,94cm,-1dB"
"2026-07-30T17:51:10.459Z","143342","1","0","0100","100","17","P0,0100,100cm,17dB"
"2026-07-30T17:51:10.459Z","143342","2","1","0200","87","-4","P1,0200,87cm,-4dB"
"2026-07-30T17:51:10.559Z","143442","1","0","0100","105","16","P0,0100,105cm,16dB"
"2026-07-30T17:51:10.559Z","143442","2","1","0200","95","-5","P1,0200,95cm,-5dB"
"2026-07-30T17:51:10.659Z","143542","1","0","0100","111","18","P0,0100,111cm,18dB"
"2026-07-30T17:51:10.659Z","143542","2","1","0200","100","-3","P1,0200,100cm,-3dB"
"2026-07-30T17:51:10.759Z","143642","1","0","0100","103","15","P0,0100,103cm,15dB"
"2026-07-30T17:51:10.759Z","143642","2","1","0200","100","-2","P1,0200,100cm,-2dB"
"2026-07-30T17:51:10.859Z","143742","1","0","0100","121","17","P0,0100,121cm,17dB"
"2026-07-30T17:51:10.859Z","143742","2","1","0200","96","-5","P1,0200,96cm,-5dB"
"2026-07-30T17:51:10.959Z","143842","1","0","0100","94","16","P0,0100,94cm,16dB"
"2026-07-30T17:51:10.959Z","143842","2","1","0200","98","-5","P1,0200,98cm,-5dB"
"2026-07-30T17:51:11.059Z","143942","1","0","0100","118","15","P0,0100,118cm,15dB"
"2026-07-30T17:51:11.059Z","143942","2","1","0200","101","-5","P1,0200,101cm,-5dB"
"2026-07-30T17:51:11.159Z","144042","1","0","0100","84","13","P0,0100,84cm,13dB"
"2026-07-30T17:51:11.159Z","144042","2","1","0200","99","-4","P1,0200,99cm,-4dB"
"2026-07-30T17:51:11.259Z","144142","1","0","0100","107","19","P0,0100,107cm,19dB"
"2026-07-30T17:51:11.259Z","144142","2","1","0200","92","-6","P1,0200,92cm,-6dB"
"2026-07-30T17:51:11.359Z","144242","1","0","0100","92","13","P0,0100,92cm,13dB"
"2026-07-30T17:51:11.359Z","144242","2","1","0200","95","-3","P1,0200,95cm,-3dB"
"2026-07-30T17:51:11.459Z","144342","1","0","0100","92","15","P0,0100,92cm,15dB"
"2026-07-30T17:51:11.459Z","144342","2","1","0200","86","-1","P1,0200,86cm,-1dB"
"2026-07-30T17:51:11.559Z","144442","1","0","0100","98","15","P0,0100,98cm,15dB"
"2026-07-30T17:51:11.559Z","144442","2","1","0200","100","1","P1,0200,100cm,1dB"
"2026-07-30T17:51:11.659Z","144542","1","0","0100","97","19","P0,0100,97cm,19dB"
"2026-07-30T17:51:11.659Z","144542","2","1","0200","104","-5","P1,0200,104cm,-5dB"
"2026-07-30T17:51:11.759Z","144642","1","0","0100","96","15","P0,0100,96cm,15dB"
"2026-07-30T17:51:11.759Z","144642","2","1","0200","88","-3","P1,0200,88cm,-3dB"
"2026-07-30T17:51:11.859Z","144742","1","0","0100","101","18","P0,0100,101cm,18dB"
"2026-07-30T17:51:11.859Z","144742","2","1","0200","101","-5","P1,0200,101cm,-5dB"
"2026-07-30T17:51:11.959Z","144842","1","0","0100","101","17","P0,0100,101cm,17dB"
"2026-07-30T17:51:11.959Z","144842","2","1","0200","108","-5","P1,0200,108cm,-5dB"
"2026-07-30T17:51:12.059Z","144942","1","0","0100","107","14","P0,0100,107cm,14dB"
"2026-07-30T17:51:12.059Z","144942","2","1","0200","95","-4","P1,0200,95cm,-4dB"
"2026-07-30T17:51:12.159Z","145042","1","0","0100","113","17","P0,0100,113cm,17dB"
"2026-07-30T17:51:12.159Z","145042","2","1","0200","104","-2","P1,0200,104cm,-2dB"
"2026-07-30T17:51:12.259Z","145142","1","0","0100","106","16","P0,0100,106cm,16dB"
"2026-07-30T17:51:12.259Z","145142","2","1","0200","116","0","P1,0200,116cm,0dB"
"2026-07-30T17:51:12.359Z","145242","1","0","0100","95","16","P0,0100,95cm,16dB"
"2026-07-30T17:51:12.359Z","145242","2","1","0200","97","-5","P1,0200,97cm,-5dB"
"2026-07-30T17:51:12.459Z","145342","1","0","0100","99","17","P0,0100,99cm,17dB"
"2026-07-30T17:51:12.459Z","145342","2","1","0200","97","-4","P1,0200,97cm,-4dB"
"2026-07-30T17:51:12.559Z","145442","1","0","0100","90","14","P0,0100,90cm,14dB"
"2026-07-30T17:51:12.559Z","145442","2","1","0200","98","0","P1,0200,98cm,0dB"
"2026-07-30T17:51:12.659Z","145542","1","0","0100","113","17","P0,0100,113cm,17dB"
"2026-07-30T17:51:12.659Z","145542","2","1","0200","95","-5","P1,0200,95cm,-5dB"
"2026-07-30T17:51:12.759Z","145642","1","0","0100","89","16","P0,0100,89cm,16dB"
"2026-07-30T17:51:12.759Z","145642","2","1","0200","100","-5","P1,0200,100cm,-5dB"
"2026-07-30T17:51:12.859Z","145742","1","0","0100","90","13","P0,0100,90cm,13dB"
"2026-07-30T17:51:12.859Z","145742","2","1","0200","95","-4","P1,0200,95cm,-4dB"
"2026-07-30T17:51:12.957Z","145840","2","1","0200","88","-5","P1,0200,88cm,-5dB"
"2026-07-30T17:51:13.060Z","145943","1","0","0100","95","17","P0,0100,95cm,17dB"
"2026-07-30T17:51:13.060Z","145943","2","1","0200","98","-4","P1,0200,98cm,-4dB"
"2026-07-30T17:51:13.159Z","146042","1","0","0100","95","19","P0,0100,95cm,19dB"
"2026-07-30T17:51:13.159Z","146042","2","1","0200","96","-5","P1,0200,96cm,-5dB"
"2026-07-30T17:51:13.259Z","146142","1","0","0100","108","17","P0,0100,108cm,17dB"
"2026-07-30T17:51:13.259Z","146142","2","1","0200","98","-5","P1,0200,98cm,-5dB"
"2026-07-30T17:51:13.359Z","146242","1","0","0100","117","17","P0,0100,117cm,17dB"
"2026-07-30T17:51:13.359Z","146242","2","1","0200","99","-5","P1,0200,99cm,-5dB"
"2026-07-30T17:51:13.457Z","146340","2","1","0200","90","-3","P1,0200,90cm,-3dB"
"2026-07-30T17:51:13.559Z","146442","1","0","0100","106","14","P0,0100,106cm,14dB"
"2026-07-30T17:51:13.559Z","146442","2","1","0200","94","-2","P1,0200,94cm,-2dB"
"2026-07-30T17:51:13.659Z","146542","1","0","0100","90","16","P0,0100,90cm,16dB"
"2026-07-30T17:51:13.659Z","146542","2","1","0200","97","-5","P1,0200,97cm,-5dB"
"2026-07-30T17:51:13.759Z","146642","1","0","0100","89","15","P0,0100,89cm,15dB"
"2026-07-30T17:51:13.759Z","146642","2","1","0200","100","-3","P1,0200,100cm,-3dB"
"2026-07-30T17:51:13.859Z","146742","1","0","0100","92","17","P0,0100,92cm,17dB"
"2026-07-30T17:51:13.859Z","146742","2","1","0200","89","0","P1,0200,89cm,0dB"
"2026-07-30T17:51:13.959Z","146842","1","0","0100","90","14","P0,0100,90cm,14dB"
"2026-07-30T17:51:13.959Z","146842","2","1","0200","88","-6","P1,0200,88cm,-6dB"
"2026-07-30T17:51:14.059Z","146942","1","0","0100","90","14","P0,0100,90cm,14dB"
"2026-07-30T17:51:14.059Z","146942","2","1","0200","97","-5","P1,0200,97cm,-5dB"
"2026-07-30T17:51:14.159Z","147042","1","0","0100","96","18","P0,0100,96cm,18dB"
"2026-07-30T17:51:14.159Z","147042","2","1","0200","83","-4","P1,0200,83cm,-4dB"
"2026-07-30T17:51:14.257Z","147140","2","1","0200","95","-5","P1,0200,95cm,-5dB"
"2026-07-30T17:51:14.359Z","147242","1","0","0100","105","13","P0,0100,105cm,13dB"
"2026-07-30T17:51:14.359Z","147242","2","1","0200","101","-3","P1,0200,101cm,-3dB"
"2026-07-30T17:51:14.459Z","147342","1","0","0100","100","15","P0,0100,100cm,15dB"
"2026-07-30T17:51:14.459Z","147342","2","1","0200","94","-5","P1,0200,94cm,-5dB"
"2026-07-30T17:51:14.557Z","147440","2","1","0200","92","-3","P1,0200,92cm,-3dB"
"2026-07-30T17:51:14.659Z","147542","1","0","0100","99","16","P0,0100,99cm,16dB"
"2026-07-30T17:51:14.659Z","147542","2","1","0200","109","1","P1,0200,109cm,1dB"
"2026-07-30T17:51:14.759Z","147642","1","0","0100","107","20","P0,0100,107cm,20dB"
"2026-07-30T17:51:14.759Z","147642","2","1","0200","98","-5","P1,0200,98cm,-5dB"
"2026-07-30T17:51:14.859Z","147742","1","0","0100","97","15","P0,0100,97cm,15dB"
"2026-07-30T17:51:14.859Z","147742","2","1","0200","108","-3","P1,0200,108cm,-3dB"
"2026-07-30T17:51:14.957Z","147840","2","1","0200","92","-5","P1,0200,92cm,-5dB"
"2026-07-30T17:51:15.059Z","147942","1","0","0100","94","19","P0,0100,94cm,19dB"
"2026-07-30T17:51:15.059Z","147942","2","1","0200","85","-2","P1,0200,85cm,-2dB"
"2026-07-30T17:51:15.159Z","148042","1","0","0100","85","14","P0,0100,85cm,14dB"
"2026-07-30T17:51:15.159Z","148042","2","1","0200","94","-5","P1,0200,94cm,-5dB"
"2026-07-30T17:51:15.259Z","148142","1","0","0100","101","14","P0,0100,101cm,14dB"
"2026-07-30T17:51:15.259Z","148142","2","1","0200","85","-5","P1,0200,85cm,-5dB"
"2026-07-30T17:51:15.359Z","148242","1","0","0100","98","15","P0,0100,98cm,15dB"
"2026-07-30T17:51:15.359Z","148242","2","1","0200","90","-5","P1,0200,90cm,-5dB"
"2026-07-30T17:51:15.459Z","148342","1","0","0100","113","15","P0,0100,113cm,15dB"
"2026-07-30T17:51:15.459Z","148342","2","1","0200","105","-3","P1,0200,105cm,-3dB"
"2026-07-30T17:51:15.559Z","148442","1","0","0100","93","19","P0,0100,93cm,19dB"
"2026-07-30T17:51:15.559Z","148442","2","1","0200","76","-4","P1,0200,76cm,-4dB"
"2026-07-30T17:51:15.659Z","148542","1","0","0100","90","14","P0,0100,90cm,14dB"
"2026-07-30T17:51:15.659Z","148542","2","1","0200","90","-2","P1,0200,90cm,-2dB"
"2026-07-30T17:51:15.759Z","148642","1","0","0100","90","16","P0,0100,90cm,16dB"
"2026-07-30T17:51:15.759Z","148642","2","1","0200","98","-4","P1,0200,98cm,-4dB"
"2026-07-30T17:51:15.859Z","148742","1","0","0100","102","16","P0,0100,102cm,16dB"
"2026-07-30T17:51:15.859Z","148742","2","1","0200","89","0","P1,0200,89cm,0dB"
"2026-07-30T17:51:15.959Z","148842","1","0","0100","91","13","P0,0100,91cm,13dB"
"2026-07-30T17:51:15.959Z","148842","2","1","0200","93","-5","P1,0200,93cm,-5dB"
"2026-07-30T17:51:16.058Z","148941","1","0","0100","99","15","P0,0100,99cm,15dB"
"2026-07-30T17:51:16.059Z","148942","2","1","0200","86","0","P1,0200,86cm,0dB"
"2026-07-30T17:51:16.159Z","149042","1","0","0100","97","19","P0,0100,97cm,19dB"
"2026-07-30T17:51:16.159Z","149042","2","1","0200","90","-2","P1,0200,90cm,-2dB"
"2026-07-30T17:51:16.259Z","149142","1","0","0100","95","16","P0,0100,95cm,16dB"
"2026-07-30T17:51:16.259Z","149142","2","1","0200","96","-5","P1,0200,96cm,-5dB"
"2026-07-30T17:51:16.359Z","149242","1","0","0100","98","16","P0,0100,98cm,16dB"
"2026-07-30T17:51:16.359Z","149242","2","1","0200","75","-2","P1,0200,75cm,-2dB"
"2026-07-30T17:51:16.459Z","149342","1","0","0100","90","13","P0,0100,90cm,13dB"
"2026-07-30T17:51:16.459Z","149342","2","1","0200","97","-4","P1,0200,97cm,-4dB"
"2026-07-30T17:51:16.559Z","149442","1","0","0100","102","18","P0,0100,102cm,18dB"
"2026-07-30T17:51:16.559Z","149442","2","1","0200","98","-5","P1,0200,98cm,-5dB"
"2026-07-30T17:51:16.659Z","149542","1","0","0100","96","12","P0,0100,96cm,12dB"
"2026-07-30T17:51:16.659Z","149542","2","1","0200","78","-2","P1,0200,78cm,-2dB"
"2026-07-30T17:51:16.759Z","149642","1","0","0100","108","17","P0,0100,108cm,17dB"
"2026-07-30T17:51:16.759Z","149642","2","1","0200","100","-5","P1,0200,100cm,-5dB"
"2026-07-30T17:51:16.859Z","149742","1","0","0100","113","16","P0,0100,113cm,16dB"
"2026-07-30T17:51:16.859Z","149742","2","1","0200","98","-5","P1,0200,98cm,-5dB"
"2026-07-30T17:51:16.959Z","149842","1","0","0100","98","14","P0,0100,98cm,14dB"
"2026-07-30T17:51:16.959Z","149842","2","1","0200","98","-5","P1,0200,98cm,-5dB"
"2026-07-30T17:51:17.059Z","149942","1","0","0100","90","14","P0,0100,90cm,14dB"
"2026-07-30T17:51:17.059Z","149942","2","1","0200","93","-1","P1,0200,93cm,-1dB"
"2026-07-30T17:51:17.159Z","150042","1","0","0100","100","17","P0,0100,100cm,17dB"
"2026-07-30T17:51:17.159Z","150042","2","1","0200","92","-5","P1,0200,92cm,-5dB"
"2026-07-30T17:51:17.258Z","150141","1","0","0100","95","14","P0,0100,95cm,14dB"
"2026-07-30T17:51:17.258Z","150141","2","1","0200","95","0","P1,0200,95cm,0dB"
"2026-07-30T17:51:17.359Z","150242","1","0","0100","99","16","P0,0100,99cm,16dB"
"2026-07-30T17:51:17.359Z","150242","2","1","0200","97","-5","P1,0200,97cm,-5dB"
"2026-07-30T17:51:17.458Z","150341","1","0","0100","94","19","P0,0100,94cm,19dB"
"2026-07-30T17:51:17.458Z","150341","2","1","0200","93","0","P1,0200,93cm,0dB"
"2026-07-30T17:51:17.559Z","150442","1","0","0100","112","16","P0,0100,112cm,16dB"
"2026-07-30T17:51:17.559Z","150442","2","1","0200","99","-3","P1,0200,99cm,-3dB"
"2026-07-30T17:51:17.659Z","150542","1","0","0100","104","16","P0,0100,104cm,16dB"
"2026-07-30T17:51:17.659Z","150542","2","1","0200","96","-5","P1,0200,96cm,-5dB"
"2026-07-30T17:51:17.759Z","150642","1","0","0100","103","15","P0,0100,103cm,15dB"
"2026-07-30T17:51:17.759Z","150642","2","1","0200","90","-4","P1,0200,90cm,-4dB"
"2026-07-30T17:51:17.859Z","150742","1","0","0100","107","15","P0,0100,107cm,15dB"
"2026-07-30T17:51:17.859Z","150742","2","1","0200","94","-4","P1,0200,94cm,-4dB"
"2026-07-30T17:51:17.959Z","150842","1","0","0100","102","16","P0,0100,102cm,16dB"
"2026-07-30T17:51:17.959Z","150842","2","1","0200","88","-5","P1,0200,88cm,-5dB"
"2026-07-30T17:51:18.059Z","150942","1","0","0100","99","15","P0,0100,99cm,15dB"
"2026-07-30T17:51:18.059Z","150942","2","1","0200","90","-5","P1,0200,90cm,-5dB"
"2026-07-30T17:51:18.159Z","151042","1","0","0100","126","16","P0,0100,126cm,16dB"
"2026-07-30T17:51:18.159Z","151042","2","1","0200","97","-4","P1,0200,97cm,-4dB"
"2026-07-30T17:51:18.259Z","151142","1","0","0100","101","18","P0,0100,101cm,18dB"
"2026-07-30T17:51:18.259Z","151142","2","1","0200","95","1","P1,0200,95cm,1dB"
"2026-07-30T17:51:18.357Z","151240","2","1","0200","98","-5","P1,0200,98cm,-5dB"
"2026-07-30T17:51:18.459Z","151342","1","0","0100","101","17","P0,0100,101cm,17dB"
"2026-07-30T17:51:18.459Z","151342","2","1","0200","99","-1","P1,0200,99cm,-1dB"
"2026-07-30T17:51:18.559Z","151442","1","0","0100","105","15","P0,0100,105cm,15dB"
"2026-07-30T17:51:18.559Z","151442","2","1","0200","102","-4","P1,0200,102cm,-4dB"
"2026-07-30T17:51:18.659Z","151542","1","0","0100","113","15","P0,0100,113cm,15dB"
"2026-07-30T17:51:18.659Z","151542","2","1","0200","100","-4","P1,0200,100cm,-4dB"
"2026-07-30T17:51:18.759Z","151642","1","0","0100","89","17","P0,0100,89cm,17dB"
"2026-07-30T17:51:18.759Z","151642","2","1","0200","106","-5","P1,0200,106cm,-5dB"
"2026-07-30T17:51:18.859Z","151742","1","0","0100","105","17","P0,0100,105cm,17dB"
"2026-07-30T17:51:18.859Z","151742","2","1","0200","97","-5","P1,0200,97cm,-5dB"
"2026-07-30T17:51:18.959Z","151842","1","0","0100","119","19","P0,0100,119cm,19dB"
"2026-07-30T17:51:18.959Z","151842","2","1","0200","92","-5","P1,0200,92cm,-5dB"
"2026-07-30T17:51:19.059Z","151942","1","0","0100","86","16","P0,0100,86cm,16dB"
"2026-07-30T17:51:19.059Z","151942","2","1","0200","106","-4","P1,0200,106cm,-4dB"
"2026-07-30T17:51:19.159Z","152042","1","0","0100","111","15","P0,0100,111cm,15dB"
"2026-07-30T17:51:19.159Z","152042","2","1","0200","96","0","P1,0200,96cm,0dB"
"2026-07-30T17:51:19.258Z","152141","1","0","0100","97","17","P0,0100,97cm,17dB"
"2026-07-30T17:51:19.258Z","152141","2","1","0200","95","-5","P1,0200,95cm,-5dB"
"2026-07-30T17:51:19.358Z","152241","1","0","0100","93","15","P0,0100,93cm,15dB"
"2026-07-30T17:51:19.358Z","152241","2","1","0200","98","-4","P1,0200,98cm,-4dB"
"2026-07-30T17:51:19.459Z","152342","1","0","0100","100","18","P0,0100,100cm,18dB"
"2026-07-30T17:51:19.459Z","152342","2","1","0200","100","-5","P1,0200,100cm,-5dB"
"2026-07-30T17:51:19.559Z","152442","1","0","0100","102","16","P0,0100,102cm,16dB"
"2026-07-30T17:51:19.559Z","152442","2","1","0200","94","-4","P1,0200,94cm,-4dB"
"2026-07-30T17:51:19.658Z","152541","1","0","0100","89","13","P0,0100,89cm,13dB"
"2026-07-30T17:51:19.658Z","152541","2","1","0200","93","-4","P1,0200,93cm,-4dB"
"2026-07-30T17:51:19.758Z","152641","1","0","0100","95","12","P0,0100,95cm,12dB"
"2026-07-30T17:51:19.758Z","152641","2","1","0200","99","-5","P1,0200,99cm,-5dB"
"2026-07-30T17:51:19.859Z","152742","1","0","0100","97","19","P0,0100,97cm,19dB"
"2026-07-30T17:51:19.859Z","152742","2","1","0200","101","-5","P1,0200,101cm,-5dB"
"2026-07-30T17:51:19.959Z","152842","1","0","0100","103","16","P0,0100,103cm,16dB"
"2026-07-30T17:51:19.959Z","152842","2","1","0200","105","-2","P1,0200,105cm,-2dB"
"2026-07-30T17:51:20.059Z","152942","1","0","0100","97","16","P0,0100,97cm,16dB"
"2026-07-30T17:51:20.059Z","152942","2","1","0200","99","-5","P1,0200,99cm,-5dB"
"2026-07-30T17:51:20.159Z","153042","1","0","0100","96","19","P0,0100,96cm,19dB"
"2026-07-30T17:51:20.159Z","153042","2","1","0200","101","-1","P1,0200,101cm,-1dB"
"2026-07-30T17:51:20.257Z","153140","2","1","0200","108","-5","P1,0200,108cm,-5dB"
"2026-07-30T17:51:20.358Z","153241","1","0","0100","91","7","P0,0100,91cm,7dB"
"2026-07-30T17:51:20.358Z","153241","2","1","0200","105","-6","P1,0200,105cm,-6dB"
"2026-07-30T17:51:20.459Z","153342","1","0","0100","101","18","P0,0100,101cm,18dB"
"2026-07-30T17:51:20.459Z","153342","2","1","0200","88","-5","P1,0200,88cm,-5dB"
"2026-07-30T17:51:20.559Z","153442","1","0","0100","92","19","P0,0100,92cm,19dB"
"2026-07-30T17:51:20.559Z","153442","2","1","0200","104","-5","P1,0200,104cm,-5dB"
"2026-07-30T17:51:20.658Z","153541","1","0","0100","99","18","P0,0100,99cm,18dB"
"2026-07-30T17:51:20.658Z","153541","2","1","0200","78","-5","P1,0200,78cm,-5dB"
"2026-07-30T17:51:20.758Z","153641","1","0","0100","96","14","P0,0100,96cm,14dB"
"2026-07-30T17:51:20.758Z","153641","2","1","0200","87","-5","P1,0200,87cm,-5dB"
"2026-07-30T17:51:20.858Z","153741","1","0","0100","92","12","P0,0100,92cm,12dB"
"2026-07-30T17:51:20.858Z","153741","2","1","0200","96","-4","P1,0200,96cm,-4dB"
"2026-07-30T17:51:20.958Z","153841","1","0","0100","96","13","P0,0100,96cm,13dB"
"2026-07-30T17:51:20.959Z","153842","2","1","0200","106","-5","P1,0200,106cm,-5dB"
"2026-07-30T17:51:21.059Z","153942","1","0","0100","88","15","P0,0100,88cm,15dB"
"2026-07-30T17:51:21.059Z","153942","2","1","0200","102","-5","P1,0200,102cm,-5dB"
"2026-07-30T17:51:21.157Z","154040","2","1","0200","95","-4","P1,0200,95cm,-4dB"
"2026-07-30T17:51:21.258Z","154141","1","0","0100","95","16","P0,0100,95cm,16dB"
"2026-07-30T17:51:21.259Z","154142","2","1","0200","109","-5","P1,0200,109cm,-5dB"
"2026-07-30T17:51:21.358Z","154241","1","0","0100","90","13","P0,0100,90cm,13dB"
"2026-07-30T17:51:21.358Z","154241","2","1","0200","98","-4","P1,0200,98cm,-4dB"
"2026-07-30T17:51:21.458Z","154341","1","0","0100","113","18","P0,0100,113cm,18dB"
"2026-07-30T17:51:21.459Z","154342","2","1","0200","98","-4","P1,0200,98cm,-4dB"
"2026-07-30T17:51:21.558Z","154441","1","0","0100","93","18","P0,0100,93cm,18dB"
"2026-07-30T17:51:21.558Z","154441","2","1","0200","92","-2","P1,0200,92cm,-2dB"
"2026-07-30T17:51:21.658Z","154541","1","0","0100","95","17","P0,0100,95cm,17dB"
"2026-07-30T17:51:21.658Z","154541","2","1","0200","98","-6","P1,0200,98cm,-6dB"
"2026-07-30T17:51:21.758Z","154641","1","0","0100","91","16","P0,0100,91cm,16dB"
"2026-07-30T17:51:21.759Z","154642","2","1","0200","102","-5","P1,0200,102cm,-5dB"
"2026-07-30T17:51:21.858Z","154741","1","0","0100","93","15","P0,0100,93cm,15dB"
"2026-07-30T17:51:21.859Z","154742","2","1","0200","106","-3","P1,0200,106cm,-3dB"
"2026-07-30T17:51:21.958Z","154841","1","0","0100","111","16","P0,0100,111cm,16dB"
"2026-07-30T17:51:21.959Z","154842","2","1","0200","93","-5","P1,0200,93cm,-5dB"
"2026-07-30T17:51:22.058Z","154941","1","0","0100","108","16","P0,0100,108cm,16dB"
"2026-07-30T17:51:22.059Z","154942","2","1","0200","95","-4","P1,0200,95cm,-4dB"
"2026-07-30T17:51:22.158Z","155041","1","0","0100","96","17","P0,0100,96cm,17dB"
"2026-07-30T17:51:22.158Z","155041","2","1","0200","96","-6","P1,0200,96cm,-6dB"
"2026-07-30T17:51:22.258Z","155141","1","0","0100","86","14","P0,0100,86cm,14dB"
"2026-07-30T17:51:22.259Z","155142","2","1","0200","101","-2","P1,0200,101cm,-2dB"
"2026-07-30T17:51:22.358Z","155241","1","0","0100","97","11","P0,0100,97cm,11dB"
"2026-07-30T17:51:22.358Z","155241","2","1","0200","98","-4","P1,0200,98cm,-4dB"
"2026-07-30T17:51:22.458Z","155341","1","0","0100","106","17","P0,0100,106cm,17dB"
"2026-07-30T17:51:22.459Z","155342","2","1","0200","76","-4","P1,0200,76cm,-4dB"
"2026-07-30T17:51:22.558Z","155441","1","0","0100","90","16","P0,0100,90cm,16dB"
"2026-07-30T17:51:22.559Z","155442","2","1","0200","104","-5","P1,0200,104cm,-5dB"
"2026-07-30T17:51:22.658Z","155541","1","0","0100","95","18","P0,0100,95cm,18dB"
"2026-07-30T17:51:22.658Z","155541","2","1","0200","98","-6","P1,0200,98cm,-6dB"
"2026-07-30T17:51:22.759Z","155642","1","0","0100","90","17","P0,0100,90cm,17dB"
"2026-07-30T17:51:22.759Z","155642","2","1","0200","101","-5","P1,0200,101cm,-5dB"
"2026-07-30T17:51:22.858Z","155741","1","0","0100","97","16","P0,0100,97cm,16dB"
"2026-07-30T17:51:22.858Z","155741","2","1","0200","98","-1","P1,0200,98cm,-1dB"
"2026-07-30T17:51:22.959Z","155842","1","0","0100","106","17","P0,0100,106cm,17dB"
"2026-07-30T17:51:22.959Z","155842","2","1","0200","112","-1","P1,0200,112cm,-1dB"
"2026-07-30T17:51:23.058Z","155941","1","0","0100","98","14","P0,0100,98cm,14dB"
"2026-07-30T17:51:23.058Z","155941","2","1","0200","98","-1","P1,0200,98cm,-1dB"
"2026-07-30T17:51:23.158Z","156041","1","0","0100","98","17","P0,0100,98cm,17dB"
"2026-07-30T17:51:23.159Z","156042","2","1","0200","102","-4","P1,0200,102cm,-4dB"
"2026-07-30T17:51:23.258Z","156141","1","0","0100","101","19","P0,0100,101cm,19dB"
"2026-07-30T17:51:23.258Z","156141","2","1","0200","96","3","P1,0200,96cm,3dB"
"2026-07-30T17:51:23.358Z","156241","1","0","0100","95","17","P0,0100,95cm,17dB"
"2026-07-30T17:51:23.358Z","156241","2","1","0200","100","1","P1,0200,100cm,1dB"
"2026-07-30T17:51:23.458Z","156341","1","0","0100","92","17","P0,0100,92cm,17dB"
"2026-07-30T17:51:23.458Z","156341","2","1","0200","102","-5","P1,0200,102cm,-5dB"
"2026-07-30T17:51:23.558Z","156441","1","0","0100","81","13","P0,0100,81cm,13dB"
"2026-07-30T17:51:23.558Z","156441","2","1","0200","98","-5","P1,0200,98cm,-5dB"
"2026-07-30T17:51:23.658Z","156541","1","0","0100","114","17","P0,0100,114cm,17dB"
"2026-07-30T17:51:23.659Z","156542","2","1","0200","90","-5","P1,0200,90cm,-5dB"
"2026-07-30T17:51:23.757Z","156640","2","1","0200","116","-2","P1,0200,116cm,-2dB"
"2026-07-30T17:51:23.858Z","156741","1","0","0100","93","12","P0,0100,93cm,12dB"
"2026-07-30T17:51:23.858Z","156741","2","1","0200","98","-5","P1,0200,98cm,-5dB"
"2026-07-30T17:51:23.958Z","156841","1","0","0100","87","16","P0,0100,87cm,16dB"
"2026-07-30T17:51:23.959Z","156842","2","1","0200","104","-5","P1,0200,104cm,-5dB"
"2026-07-30T17:51:24.058Z","156941","1","0","0100","84","17","P0,0100,84cm,17dB"
"2026-07-30T17:51:24.058Z","156941","2","1","0200","107","-4","P1,0200,107cm,-4dB"
"2026-07-30T17:51:24.158Z","157041","1","0","0100","92","14","P0,0100,92cm,14dB"
"2026-07-30T17:51:24.158Z","157041","2","1","0200","104","-4","P1,0200,104cm,-4dB"
"2026-07-30T17:51:24.258Z","157141","1","0","0100","92","19","P0,0100,92cm,19dB"
"2026-07-30T17:51:24.258Z","157141","2","1","0200","97","-1","P1,0200,97cm,-1dB"
"2026-07-30T17:51:24.357Z","157240","2","1","0200","106","-4","P1,0200,106cm,-4dB"
"2026-07-30T17:51:24.458Z","157341","1","0","0100","93","17","P0,0100,93cm,17dB"
"2026-07-30T17:51:24.458Z","157341","2","1","0200","104","-1","P1,0200,104cm,-1dB"
"2026-07-30T17:51:24.558Z","157441","1","0","0100","94","13","P0,0100,94cm,13dB"
"2026-07-30T17:51:24.558Z","157441","2","1","0200","98","-2","P1,0200,98cm,-2dB"
"2026-07-30T17:51:24.658Z","157541","1","0","0100","109","18","P0,0100,109cm,18dB"
"2026-07-30T17:51:24.658Z","157541","2","1","0200","109","-5","P1,0200,109cm,-5dB"
"2026-07-30T17:51:24.758Z","157641","1","0","0100","90","9","P0,0100,90cm,9dB"
"2026-07-30T17:51:24.758Z","157641","2","1","0200","104","-4","P1,0200,104cm,-4dB"
"2026-07-30T17:51:24.858Z","157741","1","0","0100","91","15","P0,0100,91cm,15dB"
"2026-07-30T17:51:24.858Z","157741","2","1","0200","101","-4","P1,0200,101cm,-4dB"
"2026-07-30T17:51:24.958Z","157841","1","0","0100","93","18","P0,0100,93cm,18dB"
"2026-07-30T17:51:24.958Z","157841","2","1","0200","102","-5","P1,0200,102cm,-5dB"
"2026-07-30T17:51:25.058Z","157941","1","0","0100","94","14","P0,0100,94cm,14dB"
"2026-07-30T17:51:25.059Z","157942","2","1","0200","103","-3","P1,0200,103cm,-3dB"
"2026-07-30T17:51:25.158Z","158041","1","0","0100","92","15","P0,0100,92cm,15dB"
"2026-07-30T17:51:25.158Z","158041","2","1","0200","113","-4","P1,0200,113cm,-4dB"
"2026-07-30T17:51:25.258Z","158141","1","0","0100","98","20","P0,0100,98cm,20dB"
"2026-07-30T17:51:25.258Z","158141","2","1","0200","106","-4","P1,0200,106cm,-4dB"
"2026-07-30T17:51:25.358Z","158241","1","0","0100","92","14","P0,0100,92cm,14dB"
"2026-07-30T17:51:25.358Z","158241","2","1","0200","103","-1","P1,0200,103cm,-1dB"
"2026-07-30T17:51:25.458Z","158341","1","0","0100","102","15","P0,0100,102cm,15dB"
"2026-07-30T17:51:25.458Z","158341","2","1","0200","105","-4","P1,0200,105cm,-4dB"
"2026-07-30T17:51:25.558Z","158441","1","0","0100","91","14","P0,0100,91cm,14dB"
"2026-07-30T17:51:25.558Z","158441","2","1","0200","110","-4","P1,0200,110cm,-4dB"
"2026-07-30T17:51:25.658Z","158541","1","0","0100","86","16","P0,0100,86cm,16dB"
"2026-07-30T17:51:25.658Z","158541","2","1","0200","100","-4","P1,0200,100cm,-4dB"
"2026-07-30T17:51:25.758Z","158641","1","0","0100","92","18","P0,0100,92cm,18dB"
"2026-07-30T17:51:25.758Z","158641","2","1","0200","109","0","P1,0200,109cm,0dB"
"2026-07-30T17:51:25.858Z","158741","1","0","0100","90","15","P0,0100,90cm,15dB"
"2026-07-30T17:51:25.858Z","158741","2","1","0200","103","-4","P1,0200,103cm,-4dB"
"2026-07-30T17:51:25.958Z","158841","1","0","0100","90","15","P0,0100,90cm,15dB"
"2026-07-30T17:51:25.958Z","158841","2","1","0200","104","-5","P1,0200,104cm,-5dB"
"2026-07-30T17:51:26.058Z","158941","1","0","0100","92","16","P0,0100,92cm,16dB"
"2026-07-30T17:51:26.058Z","158941","2","1","0200","107","-4","P1,0200,107cm,-4dB"
"2026-07-30T17:51:26.158Z","159041","1","0","0100","91","15","P0,0100,91cm,15dB"
"2026-07-30T17:51:26.158Z","159041","2","1","0200","105","-4","P1,0200,105cm,-4dB"
"2026-07-30T17:51:26.258Z","159141","1","0","0100","92","16","P0,0100,92cm,16dB"
"2026-07-30T17:51:26.258Z","159141","2","1","0200","113","-4","P1,0200,113cm,-4dB"
"2026-07-30T17:51:26.358Z","159241","1","0","0100","113","18","P0,0100,113cm,18dB"
"2026-07-30T17:51:26.358Z","159241","2","1","0200","103","-4","P1,0200,103cm,-4dB"
"2026-07-30T17:51:26.458Z","159341","1","0","0100","92","16","P0,0100,92cm,16dB"
"2026-07-30T17:51:26.458Z","159341","2","1","0200","107","-4","P1,0200,107cm,-4dB"
"2026-07-30T17:51:26.558Z","159441","1","0","0100","90","15","P0,0100,90cm,15dB"
"2026-07-30T17:51:26.558Z","159441","2","1","0200","99","-3","P1,0200,99cm,-3dB"
"2026-07-30T17:51:26.658Z","159541","1","0","0100","91","12","P0,0100,91cm,12dB"
"2026-07-30T17:51:26.658Z","159541","2","1","0200","108","-4","P1,0200,108cm,-4dB"
"2026-07-30T17:51:26.758Z","159641","1","0","0100","91","16","P0,0100,91cm,16dB"
"2026-07-30T17:51:26.758Z","159641","2","1","0200","112","-5","P1,0200,112cm,-5dB"
"2026-07-30T17:51:26.858Z","159741","1","0","0100","92","16","P0,0100,92cm,16dB"
"2026-07-30T17:51:26.858Z","159741","2","1","0200","106","-4","P1,0200,106cm,-4dB"
"2026-07-30T17:51:26.958Z","159841","1","0","0100","100","7","P0,0100,100cm,7dB"
"2026-07-30T17:51:26.958Z","159841","2","1","0200","104","-5","P1,0200,104cm,-5dB"
"2026-07-30T17:51:27.058Z","159941","1","0","0100","92","14","P0,0100,92cm,14dB"
"2026-07-30T17:51:27.058Z","159941","2","1","0200","107","2","P1,0200,107cm,2dB"
"2026-07-30T17:51:27.158Z","160041","1","0","0100","92","12","P0,0100,92cm,12dB"
"2026-07-30T17:51:27.158Z","160041","2","1","0200","109","1","P1,0200,109cm,1dB"
"2026-07-30T17:51:27.258Z","160141","1","0","0100","94","17","P0,0100,94cm,17dB"
"2026-07-30T17:51:27.258Z","160141","2","1","0200","104","-4","P1,0200,104cm,-4dB"
"2026-07-30T17:51:27.358Z","160241","1","0","0100","89","14","P0,0100,89cm,14dB"
"2026-07-30T17:51:27.358Z","160241","2","1","0200","107","-4","P1,0200,107cm,-4dB"
"2026-07-30T17:51:27.458Z","160341","1","0","0100","93","17","P0,0100,93cm,17dB"
"2026-07-30T17:51:27.458Z","160341","2","1","0200","113","-5","P1,0200,113cm,-5dB"
"2026-07-30T17:51:27.558Z","160441","1","0","0100","81","18","P0,0100,81cm,18dB"
"2026-07-30T17:51:27.558Z","160441","2","1","0200","88","-4","P1,0200,88cm,-4dB"
"2026-07-30T17:51:27.658Z","160541","1","0","0100","104","16","P0,0100,104cm,16dB"
"2026-07-30T17:51:27.658Z","160541","2","1","0200","99","-1","P1,0200,99cm,-1dB"
"2026-07-30T17:51:27.757Z","160640","2","1","0200","103","-5","P1,0200,103cm,-5dB"
"2026-07-30T17:51:27.858Z","160741","1","0","0100","112","16","P0,0100,112cm,16dB"
"2026-07-30T17:51:27.858Z","160741","2","1","0200","118","0","P1,0200,118cm,0dB"
"2026-07-30T17:51:27.958Z","160841","1","0","0100","101","15","P0,0100,101cm,15dB"
"2026-07-30T17:51:27.958Z","160841","2","1","0200","95","-5","P1,0200,95cm,-5dB"
"2026-07-30T17:51:28.058Z","160941","1","0","0100","122","15","P0,0100,122cm,15dB"
"2026-07-30T17:51:28.058Z","160941","2","1","0200","93","0","P1,0200,93cm,0dB"
"2026-07-30T17:51:28.158Z","161041","1","0","0100","98","15","P0,0100,98cm,15dB"
"2026-07-30T17:51:28.158Z","161041","2","1","0200","102","-5","P1,0200,102cm,-5dB"
"2026-07-30T17:51:28.258Z","161141","1","0","0100","100","14","P0,0100,100cm,14dB"
"2026-07-30T17:51:28.258Z","161141","2","1","0200","108","-3","P1,0200,108cm,-3dB"
"2026-07-30T17:51:28.358Z","161241","1","0","0100","96","16","P0,0100,96cm,16dB"
"2026-07-30T17:51:28.358Z","161241","2","1","0200","98","-5","P1,0200,98cm,-5dB"
"2026-07-30T17:51:28.458Z","161341","1","0","0100","104","18","P0,0100,104cm,18dB"
"2026-07-30T17:51:28.458Z","161341","2","1","0200","103","-5","P1,0200,103cm,-5dB"
"2026-07-30T17:51:28.558Z","161441","1","0","0100","94","17","P0,0100,94cm,17dB"
"2026-07-30T17:51:28.558Z","161441","2","1","0200","89","-5","P1,0200,89cm,-5dB"
"2026-07-30T17:51:28.658Z","161541","1","0","0100","90","16","P0,0100,90cm,16dB"
"2026-07-30T17:51:28.658Z","161541","2","1","0200","105","-4","P1,0200,105cm,-4dB"
"2026-07-30T17:51:28.758Z","161641","1","0","0100","97","18","P0,0100,97cm,18dB"
"2026-07-30T17:51:28.758Z","161641","2","1","0200","108","2","P1,0200,108cm,2dB"
"2026-07-30T17:51:28.858Z","161741","1","0","0100","92","18","P0,0100,92cm,18dB"
"2026-07-30T17:51:28.858Z","161741","2","1","0200","99","-1","P1,0200,99cm,-1dB"
"2026-07-30T17:51:28.958Z","161841","1","0","0100","101","16","P0,0100,101cm,16dB"
"2026-07-30T17:51:28.958Z","161841","2","1","0200","102","-5","P1,0200,102cm,-5dB"
"2026-07-30T17:51:29.058Z","161941","1","0","0100","99","16","P0,0100,99cm,16dB"
"2026-07-30T17:51:29.058Z","161941","2","1","0200","102","-5","P1,0200,102cm,-5dB"
"2026-07-30T17:51:29.160Z","162043","1","0","0100","91","17","P0,0100,91cm,17dB"
"2026-07-30T17:51:29.160Z","162043","2","1","0200","103","-5","P1,0200,103cm,-5dB"
"2026-07-30T17:51:29.260Z","162143","1","0","0100","95","19","P0,0100,95cm,19dB"
"2026-07-30T17:51:29.260Z","162143","2","1","0200","110","-2","P1,0200,110cm,-2dB"
"2026-07-30T17:51:29.359Z","162242","1","0","0100","85","14","P0,0100,85cm,14dB"
"2026-07-30T17:51:29.359Z","162242","2","1","0200","99","-5","P1,0200,99cm,-5dB"
"2026-07-30T17:51:29.459Z","162342","1","0","0100","94","17","P0,0100,94cm,17dB"
"2026-07-30T17:51:29.460Z","162343","2","1","0200","101","-5","P1,0200,101cm,-5dB"
"2026-07-30T17:51:29.560Z","162443","1","0","0100","88","13","P0,0100,88cm,13dB"
"2026-07-30T17:51:29.560Z","162443","2","1","0200","94","-4","P1,0200,94cm,-4dB"
"2026-07-30T17:51:29.660Z","162543","1","0","0100","101","17","P0,0100,101cm,17dB"
"2026-07-30T17:51:29.660Z","162543","2","1","0200","81","-6","P1,0200,81cm,-6dB"
"2026-07-30T17:51:29.760Z","162643","1","0","0100","96","16","P0,0100,96cm,16dB"
"2026-07-30T17:51:29.760Z","162643","2","1","0200","99","-3","P1,0200,99cm,-3dB"
"2026-07-30T17:51:29.859Z","162742","1","0","0100","96","14","P0,0100,96cm,14dB"
"2026-07-30T17:51:29.859Z","162742","2","1","0200","98","-4","P1,0200,98cm,-4dB"
"2026-07-30T17:51:29.958Z","162841","2","1","0200","98","-5","P1,0200,98cm,-5dB"
"2026-07-30T17:51:30.060Z","162943","1","0","0100","97","14","P0,0100,97cm,14dB"
"2026-07-30T17:51:30.060Z","162943","2","1","0200","97","-5","P1,0200,97cm,-5dB"
"2026-07-30T17:51:30.159Z","163042","1","0","0100","91","16","P0,0100,91cm,16dB"
"2026-07-30T17:51:30.159Z","163042","2","1","0200","71","-2","P1,0200,71cm,-2dB"
"2026-07-30T17:51:30.259Z","163142","1","0","0100","103","16","P0,0100,103cm,16dB"
"2026-07-30T17:51:30.259Z","163142","2","1","0200","93","-3","P1,0200,93cm,-3dB"
"2026-07-30T17:51:30.359Z","163242","1","0","0100","98","15","P0,0100,98cm,15dB"
"2026-07-30T17:51:30.359Z","163242","2","1","0200","105","-6","P1,0200,105cm,-6dB"
"2026-07-30T17:51:30.459Z","163342","1","0","0100","103","13","P0,0100,103cm,13dB"
"2026-07-30T17:51:30.459Z","163342","2","1","0200","86","-3","P1,0200,86cm,-3dB"
"2026-07-30T17:51:30.559Z","163442","1","0","0100","91","18","P0,0100,91cm,18dB"
"2026-07-30T17:51:30.559Z","163442","2","1","0200","98","-4","P1,0200,98cm,-4dB"
"2026-07-30T17:51:30.659Z","163542","1","0","0100","113","16","P0,0100,113cm,16dB"
"2026-07-30T17:51:30.659Z","163542","2","1","0200","92","-5","P1,0200,92cm,-5dB"
"2026-07-30T17:51:30.759Z","163642","1","0","0100","102","16","P0,0100,102cm,16dB"
"2026-07-30T17:51:30.759Z","163642","2","1","0200","93","0","P1,0200,93cm,0dB"
"2026-07-30T17:51:30.859Z","163742","1","0","0100","92","15","P0,0100,92cm,15dB"
"2026-07-30T17:51:30.860Z","163743","2","1","0200","104","-3","P1,0200,104cm,-3dB"
"2026-07-30T17:51:30.959Z","163842","1","0","0100","95","13","P0,0100,95cm,13dB"
"2026-07-30T17:51:30.959Z","163842","2","1","0200","104","-2","P1,0200,104cm,-2dB"
"2026-07-30T17:51:31.060Z","163943","1","0","0100","90","14","P0,0100,90cm,14dB"
"2026-07-30T17:51:31.060Z","163943","2","1","0200","111","-5","P1,0200,111cm,-5dB"
"2026-07-30T17:51:31.159Z","164042","1","0","0100","95","15","P0,0100,95cm,15dB"
"2026-07-30T17:51:31.159Z","164042","2","1","0200","97","-4","P1,0200,97cm,-4dB"
"2026-07-30T17:51:31.259Z","164142","1","0","0100","88","12","P0,0100,88cm,12dB"
"2026-07-30T17:51:31.259Z","164142","2","1","0200","107","-3","P1,0200,107cm,-3dB"
"2026-07-30T17:51:31.359Z","164242","1","0","0100","90","15","P0,0100,90cm,15dB"
"2026-07-30T17:51:31.359Z","164242","2","1","0200","97","-4","P1,0200,97cm,-4dB"
"2026-07-30T17:51:31.460Z","164343","1","0","0100","95","21","P0,0100,95cm,21dB"
"2026-07-30T17:51:31.460Z","164343","2","1","0200","104","-3","P1,0200,104cm,-3dB"
"2026-07-30T17:51:31.559Z","164442","1","0","0100","87","16","P0,0100,87cm,16dB"
"2026-07-30T17:51:31.559Z","164442","2","1","0200","113","-4","P1,0200,113cm,-4dB"
"2026-07-30T17:51:31.659Z","164542","1","0","0100","93","15","P0,0100,93cm,15dB"
"2026-07-30T17:51:31.659Z","164542","2","1","0200","121","-4","P1,0200,121cm,-4dB"
"2026-07-30T17:51:31.759Z","164642","1","0","0100","93","18","P0,0100,93cm,18dB"
"2026-07-30T17:51:31.759Z","164642","2","1","0200","112","-4","P1,0200,112cm,-4dB"
"2026-07-30T17:51:31.859Z","164742","1","0","0100","109","15","P0,0100,109cm,15dB"
"2026-07-30T17:51:31.860Z","164743","2","1","0200","98","-3","P1,0200,98cm,-3dB"
"2026-07-30T17:51:31.959Z","164842","1","0","0100","91","17","P0,0100,91cm,17dB"
"2026-07-30T17:51:31.959Z","164842","2","1","0200","103","-4","P1,0200,103cm,-4dB"
"2026-07-30T17:51:32.059Z","164942","1","0","0100","90","19","P0,0100,90cm,19dB"
"2026-07-30T17:51:32.059Z","164942","2","1","0200","100","-5","P1,0200,100cm,-5dB"
"2026-07-30T17:51:32.159Z","165042","1","0","0100","94","15","P0,0100,94cm,15dB"
"2026-07-30T17:51:32.159Z","165042","2","1","0200","102","-1","P1,0200,102cm,-1dB"
"2026-07-30T17:51:32.259Z","165142","1","0","0100","89","10","P0,0100,89cm,10dB"
"2026-07-30T17:51:32.259Z","165142","2","1","0200","103","-5","P1,0200,103cm,-5dB"
"2026-07-30T17:51:32.359Z","165242","1","0","0100","99","17","P0,0100,99cm,17dB"
"2026-07-30T17:51:32.359Z","165242","2","1","0200","102","-5","P1,0200,102cm,-5dB"
"2026-07-30T17:51:32.459Z","165342","1","0","0100","96","17","P0,0100,96cm,17dB"
"2026-07-30T17:51:32.459Z","165342","2","1","0200","106","0","P1,0200,106cm,0dB"
"2026-07-30T17:51:32.559Z","165442","1","0","0100","95","17","P0,0100,95cm,17dB"
"2026-07-30T17:51:32.559Z","165442","2","1","0200","105","-4","P1,0200,105cm,-4dB"
"2026-07-30T17:51:32.659Z","165542","1","0","0100","90","19","P0,0100,90cm,19dB"
"2026-07-30T17:51:32.659Z","165542","2","1","0200","104","-5","P1,0200,104cm,-5dB"
"2026-07-30T17:51:32.759Z","165642","1","0","0100","101","17","P0,0100,101cm,17dB"
"2026-07-30T17:51:32.759Z","165642","2","1","0200","94","-5","P1,0200,94cm,-5dB"
"2026-07-30T17:51:32.859Z","165742","1","0","0100","99","18","P0,0100,99cm,18dB"
"2026-07-30T17:51:32.859Z","165742","2","1","0200","92","-6","P1,0200,92cm,-6dB"
"2026-07-30T17:51:32.959Z","165842","1","0","0100","99","19","P0,0100,99cm,19dB"
"2026-07-30T17:51:32.959Z","165842","2","1","0200","114","-2","P1,0200,114cm,-2dB"
"2026-07-30T17:51:33.059Z","165942","1","0","0100","112","20","P0,0100,112cm,20dB"
"2026-07-30T17:51:33.059Z","165942","2","1","0200","98","-5","P1,0200,98cm,-5dB"
"2026-07-30T17:51:33.159Z","166042","1","0","0100","93","13","P0,0100,93cm,13dB"
"2026-07-30T17:51:33.159Z","166042","2","1","0200","101","-5","P1,0200,101cm,-5dB"
"2026-07-30T17:51:33.259Z","166142","1","0","0100","97","14","P0,0100,97cm,14dB"
"2026-07-30T17:51:33.259Z","166142","2","1","0200","102","-2","P1,0200,102cm,-2dB"
"2026-07-30T17:51:33.359Z","166242","1","0","0100","106","16","P0,0100,106cm,16dB"
"2026-07-30T17:51:33.360Z","166243","2","1","0200","104","-5","P1,0200,104cm,-5dB"
"2026-07-30T17:51:33.459Z","166342","1","0","0100","102","11","P0,0100,102cm,11dB"
"2026-07-30T17:51:33.459Z","166342","2","1","0200","99","-6","P1,0200,99cm,-6dB"
"2026-07-30T17:51:33.559Z","166442","1","0","0100","97","16","P0,0100,97cm,16dB"
"2026-07-30T17:51:33.559Z","166442","2","1","0200","107","-5","P1,0200,107cm,-5dB"
"2026-07-30T17:51:33.659Z","166542","1","0","0100","99","16","P0,0100,99cm,16dB"
"2026-07-30T17:51:33.659Z","166542","2","1","0200","98","-6","P1,0200,98cm,-6dB"
"2026-07-30T17:51:33.759Z","166642","1","0","0100","100","17","P0,0100,100cm,17dB"
"2026-07-30T17:51:33.759Z","166642","2","1","0200","95","-5","P1,0200,95cm,-5dB"
"2026-07-30T17:51:33.859Z","166742","1","0","0100","112","15","P0,0100,112cm,15dB"
"2026-07-30T17:51:33.859Z","166742","2","1","0200","77","-3","P1,0200,77cm,-3dB"
"2026-07-30T17:51:33.959Z","166842","1","0","0100","101","16","P0,0100,101cm,16dB"
"2026-07-30T17:51:33.959Z","166842","2","1","0200","107","-2","P1,0200,107cm,-2dB"
"2026-07-30T17:51:34.059Z","166942","1","0","0100","98","18","P0,0100,98cm,18dB"
"2026-07-30T17:51:34.059Z","166942","2","1","0200","99","-5","P1,0200,99cm,-5dB"
"2026-07-30T17:51:34.159Z","167042","1","0","0100","111","16","P0,0100,111cm,16dB"
"2026-07-30T17:51:34.159Z","167042","2","1","0200","96","-3","P1,0200,96cm,-3dB"
"2026-07-30T17:51:34.259Z","167142","1","0","0100","113","12","P0,0100,113cm,12dB"
"2026-07-30T17:51:34.259Z","167142","2","1","0200","103","-5","P1,0200,103cm,-5dB"
"2026-07-30T17:51:34.359Z","167242","1","0","0100","95","16","P0,0100,95cm,16dB"
"2026-07-30T17:51:34.359Z","167242","2","1","0200","99","-5","P1,0200,99cm,-5dB"
"2026-07-30T17:51:34.459Z","167342","1","0","0100","97","17","P0,0100,97cm,17dB"
"2026-07-30T17:51:34.459Z","167342","2","1","0200","110","-3","P1,0200,110cm,-3dB"
"2026-07-30T17:51:34.559Z","167442","1","0","0100","97","15","P0,0100,97cm,15dB"
"2026-07-30T17:51:34.559Z","167442","2","1","0200","83","0","P1,0200,83cm,0dB"
"2026-07-30T17:51:34.659Z","167542","1","0","0100","90","18","P0,0100,90cm,18dB"
"2026-07-30T17:51:34.659Z","167542","2","1","0200","102","-4","P1,0200,102cm,-4dB"
"2026-07-30T17:51:34.759Z","167642","1","0","0100","104","14","P0,0100,104cm,14dB"
"2026-07-30T17:51:34.759Z","167642","2","1","0200","102","-2","P1,0200,102cm,-2dB"
"2026-07-30T17:51:34.859Z","167742","1","0","0100","95","14","P0,0100,95cm,14dB"
"2026-07-30T17:51:34.859Z","167742","2","1","0200","97","-5","P1,0200,97cm,-5dB"
"2026-07-30T17:51:34.959Z","167842","1","0","0100","96","17","P0,0100,96cm,17dB"
"2026-07-30T17:51:34.959Z","167842","2","1","0200","102","-1","P1,0200,102cm,-1dB"
"2026-07-30T17:51:35.059Z","167942","1","0","0100","95","17","P0,0100,95cm,17dB"
"2026-07-30T17:51:35.059Z","167942","2","1","0200","101","-4","P1,0200,101cm,-4dB"
"2026-07-30T17:51:35.159Z","168042","1","0","0100","90","18","P0,0100,90cm,18dB"
"2026-07-30T17:51:35.159Z","168042","2","1","0200","98","-5","P1,0200,98cm,-5dB"
"2026-07-30T17:51:35.259Z","168142","1","0","0100","93","18","P0,0100,93cm,18dB"
"2026-07-30T17:51:35.259Z","168142","2","1","0200","96","-4","P1,0200,96cm,-4dB"
"2026-07-30T17:51:35.359Z","168242","1","0","0100","110","12","P0,0100,110cm,12dB"
"2026-07-30T17:51:35.359Z","168242","2","1","0200","99","-4","P1,0200,99cm,-4dB"
"2026-07-30T17:51:35.459Z","168342","1","0","0100","102","15","P0,0100,102cm,15dB"
"2026-07-30T17:51:35.459Z","168342","2","1","0200","100","-5","P1,0200,100cm,-5dB"
"2026-07-30T17:51:35.559Z","168442","1","0","0100","104","17","P0,0100,104cm,17dB"
"2026-07-30T17:51:35.559Z","168442","2","1","0200","100","-3","P1,0200,100cm,-3dB"
"2026-07-30T17:51:35.659Z","168542","1","0","0100","97","14","P0,0100,97cm,14dB"
"2026-07-30T17:51:35.659Z","168542","2","1","0200","90","-3","P1,0200,90cm,-3dB"
"2026-07-30T17:51:35.759Z","168642","1","0","0100","95","16","P0,0100,95cm,16dB"
"2026-07-30T17:51:35.759Z","168642","2","1","0200","102","-5","P1,0200,102cm,-5dB"
"2026-07-30T17:51:35.859Z","168742","1","0","0100","108","15","P0,0100,108cm,15dB"
"2026-07-30T17:51:35.859Z","168742","2","1","0200","94","0","P1,0200,94cm,0dB"
"2026-07-30T17:51:35.959Z","168842","1","0","0100","105","15","P0,0100,105cm,15dB"
"2026-07-30T17:51:35.959Z","168842","2","1","0200","99","-5","P1,0200,99cm,-5dB"
"2026-07-30T17:51:36.059Z","168942","1","0","0100","106","15","P0,0100,106cm,15dB"
"2026-07-30T17:51:36.059Z","168942","2","1","0200","93","-2","P1,0200,93cm,-2dB"
"2026-07-30T17:51:36.159Z","169042","1","0","0100","123","12","P0,0100,123cm,12dB"
"2026-07-30T17:51:36.159Z","169042","2","1","0200","103","-5","P1,0200,103cm,-5dB"
"2026-07-30T17:51:36.259Z","169142","1","0","0100","90","16","P0,0100,90cm,16dB"
"2026-07-30T17:51:36.259Z","169142","2","1","0200","104","-4","P1,0200,104cm,-4dB"
"2026-07-30T17:51:36.359Z","169242","1","0","0100","90","16","P0,0100,90cm,16dB"
"2026-07-30T17:51:36.359Z","169242","2","1","0200","95","-5","P1,0200,95cm,-5dB"
"2026-07-30T17:51:36.459Z","169342","1","0","0100","90","15","P0,0100,90cm,15dB"
"2026-07-30T17:51:36.459Z","169342","2","1","0200","98","-5","P1,0200,98cm,-5dB"
"2026-07-30T17:51:36.559Z","169442","1","0","0100","113","19","P0,0100,113cm,19dB"
"2026-07-30T17:51:36.559Z","169442","2","1","0200","111","-5","P1,0200,111cm,-5dB"
"2026-07-30T17:51:36.659Z","169542","1","0","0100","103","15","P0,0100,103cm,15dB"
"2026-07-30T17:51:36.659Z","169542","2","1","0200","104","0","P1,0200,104cm,0dB"
"2026-07-30T17:51:36.759Z","169642","1","0","0100","103","16","P0,0100,103cm,16dB"
"2026-07-30T17:51:36.759Z","169642","2","1","0200","97","-4","P1,0200,97cm,-4dB"
"2026-07-30T17:51:36.859Z","169742","1","0","0100","85","13","P0,0100,85cm,13dB"
"2026-07-30T17:51:36.859Z","169742","2","1","0200","102","-4","P1,0200,102cm,-4dB"
"2026-07-30T17:51:36.959Z","169842","1","0","0100","111","14","P0,0100,111cm,14dB"
"2026-07-30T17:51:36.959Z","169842","2","1","0200","106","-1","P1,0200,106cm,-1dB"
"2026-07-30T17:51:37.059Z","169942","1","0","0100","96","18","P0,0100,96cm,18dB"
"2026-07-30T17:51:37.059Z","169942","2","1","0200","97","-1","P1,0200,97cm,-1dB"
"2026-07-30T17:51:37.159Z","170042","1","0","0100","90","13","P0,0100,90cm,13dB"
"2026-07-30T17:51:37.159Z","170042","2","1","0200","103","-5","P1,0200,103cm,-5dB"
"2026-07-30T17:51:37.259Z","170142","1","0","0100","94","17","P0,0100,94cm,17dB"
"2026-07-30T17:51:37.259Z","170142","2","1","0200","63","-4","P1,0200,63cm,-4dB"
"2026-07-30T17:51:37.359Z","170242","1","0","0100","99","16","P0,0100,99cm,16dB"
"2026-07-30T17:51:37.359Z","170242","2","1","0200","99","-4","P1,0200,99cm,-4dB"
"2026-07-30T17:51:37.459Z","170342","1","0","0100","103","12","P0,0100,103cm,12dB"
"2026-07-30T17:51:37.459Z","170342","2","1","0200","102","-5","P1,0200,102cm,-5dB"
"2026-07-30T17:51:37.559Z","170442","1","0","0100","79","13","P0,0100,79cm,13dB"
"2026-07-30T17:51:37.559Z","170442","2","1","0200","98","-5","P1,0200,98cm,-5dB"
"2026-07-30T17:51:37.659Z","170542","1","0","0100","98","16","P0,0100,98cm,16dB"
"2026-07-30T17:51:37.659Z","170542","2","1","0200","98","-5","P1,0200,98cm,-5dB"
"2026-07-30T17:51:37.759Z","170642","1","0","0100","88","15","P0,0100,88cm,15dB"
"2026-07-30T17:51:37.759Z","170642","2","1","0200","94","-5","P1,0200,94cm,-5dB"
"2026-07-30T17:51:37.859Z","170742","1","0","0100","98","15","P0,0100,98cm,15dB"
"2026-07-30T17:51:37.859Z","170742","2","1","0200","104","-5","P1,0200,104cm,-5dB"
"2026-07-30T17:51:37.959Z","170842","1","0","0100","104","16","P0,0100,104cm,16dB"
"2026-07-30T17:51:37.959Z","170842","2","1","0200","98","-5","P1,0200,98cm,-5dB"
"2026-07-30T17:51:38.059Z","170942","1","0","0100","94","17","P0,0100,94cm,17dB"
"2026-07-30T17:51:38.059Z","170942","2","1","0200","94","-3","P1,0200,94cm,-3dB"
"2026-07-30T17:51:38.159Z","171042","1","0","0100","114","19","P0,0100,114cm,19dB"
"2026-07-30T17:51:38.159Z","171042","2","1","0200","95","-5","P1,0200,95cm,-5dB"
"2026-07-30T17:51:38.259Z","171142","1","0","0100","118","14","P0,0100,118cm,14dB"
"2026-07-30T17:51:38.259Z","171142","2","1","0200","91","-2","P1,0200,91cm,-2dB"
"2026-07-30T17:51:38.359Z","171242","1","0","0100","91","14","P0,0100,91cm,14dB"
"2026-07-30T17:51:38.359Z","171242","2","1","0200","90","-5","P1,0200,90cm,-5dB"
"2026-07-30T17:51:38.459Z","171342","1","0","0100","121","16","P0,0100,121cm,16dB"
"2026-07-30T17:51:38.459Z","171342","2","1","0200","97","-5","P1,0200,97cm,-5dB"
"2026-07-30T17:51:38.559Z","171442","1","0","0100","106","11","P0,0100,106cm,11dB"
"2026-07-30T17:51:38.559Z","171442","2","1","0200","91","0","P1,0200,91cm,0dB"
"2026-07-30T17:51:38.659Z","171542","1","0","0100","86","15","P0,0100,86cm,15dB"
"2026-07-30T17:51:38.659Z","171542","2","1","0200","99","-1","P1,0200,99cm,-1dB"
"2026-07-30T17:51:38.759Z","171642","1","0","0100","119","12","P0,0100,119cm,12dB"
"2026-07-30T17:51:38.760Z","171643","2","1","0200","100","-5","P1,0200,100cm,-5dB"
"2026-07-30T17:51:38.859Z","171742","1","0","0100","95","16","P0,0100,95cm,16dB"
"2026-07-30T17:51:38.859Z","171742","2","1","0200","101","-2","P1,0200,101cm,-2dB"
"2026-07-30T17:51:38.959Z","171842","1","0","0100","107","15","P0,0100,107cm,15dB"
"2026-07-30T17:51:38.959Z","171842","2","1","0200","100","-5","P1,0200,100cm,-5dB"
"2026-07-30T17:51:39.059Z","171942","1","0","0100","101","16","P0,0100,101cm,16dB"
"2026-07-30T17:51:39.059Z","171942","2","1","0200","95","-3","P1,0200,95cm,-3dB"
"2026-07-30T17:51:39.159Z","172042","1","0","0100","98","14","P0,0100,98cm,14dB"
"2026-07-30T17:51:39.159Z","172042","2","1","0200","94","-2","P1,0200,94cm,-2dB"
"2026-07-30T17:51:39.259Z","172142","1","0","0100","111","20","P0,0100,111cm,20dB"
"2026-07-30T17:51:39.259Z","172142","2","1","0200","91","-5","P1,0200,91cm,-5dB"
"2026-07-30T17:51:39.359Z","172242","1","0","0100","97","13","P0,0100,97cm,13dB"
"2026-07-30T17:51:39.359Z","172242","2","1","0200","101","-5","P1,0200,101cm,-5dB"
"2026-07-30T17:51:39.459Z","172342","1","0","0100","89","16","P0,0100,89cm,16dB"
"2026-07-30T17:51:39.459Z","172342","2","1","0200","99","-5","P1,0200,99cm,-5dB"
"2026-07-30T17:51:39.559Z","172442","1","0","0100","86","18","P0,0100,86cm,18dB"
"2026-07-30T17:51:39.559Z","172442","2","1","0200","104","-1","P1,0200,104cm,-1dB"
"2026-07-30T17:51:39.659Z","172542","1","0","0100","98","16","P0,0100,98cm,16dB"
"2026-07-30T17:51:39.659Z","172542","2","1","0200","97","-5","P1,0200,97cm,-5dB"
"2026-07-30T17:51:39.759Z","172642","1","0","0100","102","16","P0,0100,102cm,16dB"
"2026-07-30T17:51:39.759Z","172642","2","1","0200","98","-5","P1,0200,98cm,-5dB"
"2026-07-30T17:51:39.859Z","172742","1","0","0100","125","14","P0,0100,125cm,14dB"
"2026-07-30T17:51:39.859Z","172742","2","1","0200","104","-5","P1,0200,104cm,-5dB"
"2026-07-30T17:51:39.959Z","172842","1","0","0100","98","14","P0,0100,98cm,14dB"
"2026-07-30T17:51:39.959Z","172842","2","1","0200","96","-5","P1,0200,96cm,-5dB"
"2026-07-30T17:51:40.059Z","172942","1","0","0100","90","15","P0,0100,90cm,15dB"
"2026-07-30T17:51:40.059Z","172942","2","1","0200","97","-5","P1,0200,97cm,-5dB"
"2026-07-30T17:51:40.159Z","173042","1","0","0100","103","16","P0,0100,103cm,16dB"
"2026-07-30T17:51:40.159Z","173042","2","1","0200","106","-5","P1,0200,106cm,-5dB"
"2026-07-30T17:51:40.259Z","173142","1","0","0100","107","12","P0,0100,107cm,12dB"
"2026-07-30T17:51:40.259Z","173142","2","1","0200","102","-5","P1,0200,102cm,-5dB"
"2026-07-30T17:51:40.359Z","173242","1","0","0100","113","19","P0,0100,113cm,19dB"
"2026-07-30T17:51:40.359Z","173242","2","1","0200","82","-5","P1,0200,82cm,-5dB"
"2026-07-30T17:51:40.459Z","173342","1","0","0100","101","14","P0,0100,101cm,14dB"
"2026-07-30T17:51:40.459Z","173342","2","1","0200","98","-5","P1,0200,98cm,-5dB"
"2026-07-30T17:51:40.559Z","173442","1","0","0100","119","15","P0,0100,119cm,15dB"
"2026-07-30T17:51:40.559Z","173442","2","1","0200","90","1","P1,0200,90cm,1dB"
"2026-07-30T17:51:40.659Z","173542","1","0","0100","94","17","P0,0100,94cm,17dB"
"2026-07-30T17:51:40.659Z","173542","2","1","0200","101","-4","P1,0200,101cm,-4dB"
"2026-07-30T17:51:40.759Z","173642","1","0","0100","116","17","P0,0100,116cm,17dB"
"2026-07-30T17:51:40.759Z","173642","2","1","0200","101","-5","P1,0200,101cm,-5dB"
"2026-07-30T17:51:40.859Z","173742","1","0","0100","95","18","P0,0100,95cm,18dB"
"2026-07-30T17:51:40.859Z","173742","2","1","0200","95","-5","P1,0200,95cm,-5dB"
"2026-07-30T17:51:40.959Z","173842","1","0","0100","93","16","P0,0100,93cm,16dB"
"2026-07-30T17:51:40.959Z","173842","2","1","0200","106","-5","P1,0200,106cm,-5dB"
"2026-07-30T17:51:41.059Z","173942","1","0","0100","91","16","P0,0100,91cm,16dB"
"2026-07-30T17:51:41.059Z","173942","2","1","0200","87","-3","P1,0200,87cm,-3dB"
"2026-07-30T17:51:41.159Z","174042","1","0","0100","120","16","P0,0100,120cm,16dB"
"2026-07-30T17:51:41.159Z","174042","2","1","0200","104","-2","P1,0200,104cm,-2dB"
"2026-07-30T17:51:41.259Z","174142","1","0","0100","106","12","P0,0100,106cm,12dB"
"2026-07-30T17:51:41.259Z","174142","2","1","0200","98","-5","P1,0200,98cm,-5dB"
"2026-07-30T17:51:41.359Z","174242","1","0","0100","117","16","P0,0100,117cm,16dB"
"2026-07-30T17:51:41.359Z","174242","2","1","0200","98","-3","P1,0200,98cm,-3dB"
"2026-07-30T17:51:41.459Z","174342","1","0","0100","104","14","P0,0100,104cm,14dB"
"2026-07-30T17:51:41.459Z","174342","2","1","0200","94","-5","P1,0200,94cm,-5dB"
"2026-07-30T17:51:41.559Z","174442","1","0","0100","105","16","P0,0100,105cm,16dB"
"2026-07-30T17:51:41.559Z","174442","2","1","0200","92","-4","P1,0200,92cm,-4dB"
"2026-07-30T17:51:41.659Z","174542","1","0","0100","110","17","P0,0100,110cm,17dB"
"2026-07-30T17:51:41.659Z","174542","2","1","0200","101","-1","P1,0200,101cm,-1dB"
"2026-07-30T17:51:41.759Z","174642","1","0","0100","93","15","P0,0100,93cm,15dB"
"2026-07-30T17:51:41.759Z","174642","2","1","0200","104","-2","P1,0200,104cm,-2dB"
"2026-07-30T17:51:41.859Z","174742","1","0","0100","98","13","P0,0100,98cm,13dB"
"2026-07-30T17:51:41.859Z","174742","2","1","0200","102","-5","P1,0200,102cm,-5dB"
"2026-07-30T17:51:41.959Z","174842","1","0","0100","97","16","P0,0100,97cm,16dB"
"2026-07-30T17:51:41.959Z","174842","2","1","0200","99","-5","P1,0200,99cm,-5dB"
"2026-07-30T17:51:42.059Z","174942","1","0","0100","96","16","P0,0100,96cm,16dB"
"2026-07-30T17:51:42.059Z","174942","2","1","0200","105","-5","P1,0200,105cm,-5dB"
"2026-07-30T17:51:42.159Z","175042","1","0","0100","91","17","P0,0100,91cm,17dB"
"2026-07-30T17:51:42.159Z","175042","2","1","0200","103","-2","P1,0200,103cm,-2dB"
"2026-07-30T17:51:42.259Z","175142","1","0","0100","110","18","P0,0100,110cm,18dB"
"2026-07-30T17:51:42.259Z","175142","2","1","0200","100","-2","P1,0200,100cm,-2dB"
"2026-07-30T17:51:42.359Z","175242","1","0","0100","80","16","P0,0100,80cm,16dB"
"2026-07-30T17:51:42.359Z","175242","2","1","0200","99","-5","P1,0200,99cm,-5dB"
"2026-07-30T17:51:42.459Z","175342","1","0","0100","115","13","P0,0100,115cm,13dB"
"2026-07-30T17:51:42.459Z","175342","2","1","0200","95","-5","P1,0200,95cm,-5dB"
"2026-07-30T17:51:42.559Z","175442","1","0","0100","90","15","P0,0100,90cm,15dB"
"2026-07-30T17:51:42.559Z","175442","2","1","0200","102","-4","P1,0200,102cm,-4dB"
"2026-07-30T17:51:42.659Z","175542","1","0","0100","97","15","P0,0100,97cm,15dB"
"2026-07-30T17:51:42.659Z","175542","2","1","0200","84","-1","P1,0200,84cm,-1dB"
"2026-07-30T17:51:42.759Z","175642","1","0","0100","121","18","P0,0100,121cm,18dB"
"2026-07-30T17:51:42.759Z","175642","2","1","0200","106","-5","P1,0200,106cm,-5dB"
"2026-07-30T17:51:42.859Z","175742","1","0","0100","96","16","P0,0100,96cm,16dB"
"2026-07-30T17:51:42.859Z","175742","2","1","0200","102","-3","P1,0200,102cm,-3dB"
"2026-07-30T17:51:42.959Z","175842","1","0","0100","93","18","P0,0100,93cm,18dB"
"2026-07-30T17:51:42.959Z","175842","2","1","0200","92","-6","P1,0200,92cm,-6dB"
"2026-07-30T17:51:43.059Z","175942","1","0","0100","106","13","P0,0100,106cm,13dB"
"2026-07-30T17:51:43.059Z","175942","2","1","0200","100","-3","P1,0200,100cm,-3dB"
"2026-07-30T17:51:43.159Z","176042","1","0","0100","120","14","P0,0100,120cm,14dB"
"2026-07-30T17:51:43.159Z","176042","2","1","0200","92","-2","P1,0200,92cm,-2dB"
"2026-07-30T17:51:43.259Z","176142","1","0","0100","114","15","P0,0100,114cm,15dB"
"2026-07-30T17:51:43.259Z","176142","2","1","0200","109","-5","P1,0200,109cm,-5dB"
"2026-07-30T17:51:43.359Z","176242","1","0","0100","95","14","P0,0100,95cm,14dB"
"2026-07-30T17:51:43.359Z","176242","2","1","0200","98","-5","P1,0200,98cm,-5dB"
"2026-07-30T17:51:43.459Z","176342","1","0","0100","89","15","P0,0100,89cm,15dB"
"2026-07-30T17:51:43.459Z","176342","2","1","0200","96","-5","P1,0200,96cm,-5dB"
"2026-07-30T17:51:43.559Z","176442","1","0","0100","98","16","P0,0100,98cm,16dB"
"2026-07-30T17:51:43.559Z","176442","2","1","0200","100","-5","P1,0200,100cm,-5dB"
"2026-07-30T17:51:43.659Z","176542","1","0","0100","110","17","P0,0100,110cm,17dB"
"2026-07-30T17:51:43.659Z","176542","2","1","0200","96","-4","P1,0200,96cm,-4dB"
"2026-07-30T17:51:43.759Z","176642","1","0","0100","87","14","P0,0100,87cm,14dB"
"2026-07-30T17:51:43.759Z","176642","2","1","0200","92","-5","P1,0200,92cm,-5dB"
"2026-07-30T17:51:43.859Z","176742","1","0","0100","111","15","P0,0100,111cm,15dB"
"2026-07-30T17:51:43.859Z","176742","2","1","0200","77","-2","P1,0200,77cm,-2dB"
"2026-07-30T17:51:43.959Z","176842","1","0","0100","108","14","P0,0100,108cm,14dB"
"2026-07-30T17:51:43.959Z","176842","2","1","0200","96","-5","P1,0200,96cm,-5dB"
"2026-07-30T17:51:44.059Z","176942","1","0","0100","96","16","P0,0100,96cm,16dB"
"2026-07-30T17:51:44.059Z","176942","2","1","0200","103","-5","P1,0200,103cm,-5dB"
"2026-07-30T17:51:44.159Z","177042","1","0","0100","91","11","P0,0100,91cm,11dB"
"2026-07-30T17:51:44.159Z","177042","2","1","0200","100","-2","P1,0200,100cm,-2dB"
"2026-07-30T17:51:44.259Z","177142","1","0","0100","88","12","P0,0100,88cm,12dB"
"2026-07-30T17:51:44.259Z","177142","2","1","0200","115","-4","P1,0200,115cm,-4dB"
"2026-07-30T17:51:44.359Z","177242","1","0","0100","97","17","P0,0100,97cm,17dB"
"2026-07-30T17:51:44.359Z","177242","2","1","0200","118","-4","P1,0200,118cm,-4dB"
"2026-07-30T17:51:44.459Z","177342","1","0","0100","90","14","P0,0100,90cm,14dB"
"2026-07-30T17:51:44.459Z","177342","2","1","0200","113","-4","P1,0200,113cm,-4dB"
"2026-07-30T17:51:44.559Z","177442","1","0","0100","94","14","P0,0100,94cm,14dB"
"2026-07-30T17:51:44.559Z","177442","2","1","0200","110","-2","P1,0200,110cm,-2dB"
"2026-07-30T17:51:44.659Z","177542","1","0","0100","102","16","P0,0100,102cm,16dB"
"2026-07-30T17:51:44.659Z","177542","2","1","0200","106","-5","P1,0200,106cm,-5dB"
"2026-07-30T17:51:44.759Z","177642","1","0","0100","106","16","P0,0100,106cm,16dB"
"2026-07-30T17:51:44.759Z","177642","2","1","0200","103","-5","P1,0200,103cm,-5dB"
"2026-07-30T17:51:44.859Z","177742","1","0","0100","96","16","P0,0100,96cm,16dB"
"2026-07-30T17:51:44.859Z","177742","2","1","0200","111","-3","P1,0200,111cm,-3dB"
"2026-07-30T17:51:44.959Z","177842","1","0","0100","98","13","P0,0100,98cm,13dB"
"2026-07-30T17:51:44.959Z","177842","2","1","0200","118","-6","P1,0200,118cm,-6dB"
"2026-07-30T17:51:45.059Z","177942","1","0","0100","111","16","P0,0100,111cm,16dB"
"2026-07-30T17:51:45.059Z","177942","2","1","0200","110","-4","P1,0200,110cm,-4dB"
"2026-07-30T17:51:45.159Z","178042","1","0","0100","114","18","P0,0100,114cm,18dB"
"2026-07-30T17:51:45.159Z","178042","2","1","0200","95","-3","P1,0200,95cm,-3dB"
"2026-07-30T17:51:45.259Z","178142","1","0","0100","98","15","P0,0100,98cm,15dB"
"2026-07-30T17:51:45.259Z","178142","2","1","0200","109","-5","P1,0200,109cm,-5dB"
"2026-07-30T17:51:45.359Z","178242","1","0","0100","127","14","P0,0100,127cm,14dB"
"2026-07-30T17:51:45.359Z","178242","2","1","0200","99","-3","P1,0200,99cm,-3dB"
"2026-07-30T17:51:45.459Z","178342","1","0","0100","102","16","P0,0100,102cm,16dB"
"2026-07-30T17:51:45.459Z","178342","2","1","0200","107","-5","P1,0200,107cm,-5dB"
"2026-07-30T17:51:45.559Z","178442","1","0","0100","103","17","P0,0100,103cm,17dB"
"2026-07-30T17:51:45.559Z","178442","2","1","0200","98","-5","P1,0200,98cm,-5dB"
"2026-07-30T17:51:45.657Z","178540","2","1","0200","93","-5","P1,0200,93cm,-5dB"
"2026-07-30T17:51:45.759Z","178642","1","0","0100","109","13","P0,0100,109cm,13dB"
"2026-07-30T17:51:45.759Z","178642","2","1","0200","99","-4","P1,0200,99cm,-4dB"
"2026-07-30T17:51:45.859Z","178742","1","0","0100","101","15","P0,0100,101cm,15dB"
"2026-07-30T17:51:45.859Z","178742","2","1","0200","96","-4","P1,0200,96cm,-4dB"
"2026-07-30T17:51:45.959Z","178842","1","0","0100","94","14","P0,0100,94cm,14dB"
"2026-07-30T17:51:45.959Z","178842","2","1","0200","106","-5","P1,0200,106cm,-5dB"
"2026-07-30T17:51:46.059Z","178942","1","0","0100","131","14","P0,0100,131cm,14dB"
"2026-07-30T17:51:46.059Z","178942","2","1","0200","99","-5","P1,0200,99cm,-5dB"
"2026-07-30T17:51:46.159Z","179042","1","0","0100","134","15","P0,0100,134cm,15dB"
"2026-07-30T17:51:46.159Z","179042","2","1","0200","97","-5","P1,0200,97cm,-5dB"
"2026-07-30T17:51:46.259Z","179142","1","0","0100","101","15","P0,0100,101cm,15dB"
"2026-07-30T17:51:46.259Z","179142","2","1","0200","95","-2","P1,0200,95cm,-2dB"
"2026-07-30T17:51:46.359Z","179242","1","0","0100","112","16","P0,0100,112cm,16dB"
"2026-07-30T17:51:46.359Z","179242","2","1","0200","94","-6","P1,0200,94cm,-6dB"
"2026-07-30T17:51:46.459Z","179342","1","0","0100","93","16","P0,0100,93cm,16dB"
"2026-07-30T17:51:46.459Z","179342","2","1","0200","93","-5","P1,0200,93cm,-5dB"
"2026-07-30T17:51:46.559Z","179442","1","0","0100","97","15","P0,0100,97cm,15dB"
"2026-07-30T17:51:46.559Z","179442","2","1","0200","91","-6","P1,0200,91cm,-6dB"
"2026-07-30T17:51:46.659Z","179542","1","0","0100","119","14","P0,0100,119cm,14dB"
"2026-07-30T17:51:46.659Z","179542","2","1","0200","97","-5","P1,0200,97cm,-5dB"
"2026-07-30T17:51:46.759Z","179642","1","0","0100","104","17","P0,0100,104cm,17dB"
"2026-07-30T17:51:46.759Z","179642","2","1","0200","104","-2","P1,0200,104cm,-2dB"
"2026-07-30T17:51:46.859Z","179742","1","0","0100","115","17","P0,0100,115cm,17dB"
"2026-07-30T17:51:46.859Z","179742","2","1","0200","100","-4","P1,0200,100cm,-4dB"
"2026-07-30T17:51:46.959Z","179842","1","0","0100","95","17","P0,0100,95cm,17dB"
"2026-07-30T17:51:46.959Z","179842","2","1","0200","104","-5","P1,0200,104cm,-5dB"
"2026-07-30T17:51:47.059Z","179942","1","0","0100","96","16","P0,0100,96cm,16dB"
"2026-07-30T17:51:47.059Z","179942","2","1","0200","117","-2","P1,0200,117cm,-2dB"
"2026-07-30T17:51:47.159Z","180042","1","0","0100","116","11","P0,0100,116cm,11dB"
"2026-07-30T17:51:47.159Z","180042","2","1","0200","101","-4","P1,0200,101cm,-4dB"
"2026-07-30T17:51:47.259Z","180142","1","0","0100","96","15","P0,0100,96cm,15dB"
"2026-07-30T17:51:47.259Z","180142","2","1","0200","101","-5","P1,0200,101cm,-5dB"
"2026-07-30T17:51:47.359Z","180242","1","0","0100","113","18","P0,0100,113cm,18dB"
"2026-07-30T17:51:47.359Z","180242","2","1","0200","99","-4","P1,0200,99cm,-4dB"
"2026-07-30T17:51:47.459Z","180342","1","0","0100","93","17","P0,0100,93cm,17dB"
"2026-07-30T17:51:47.459Z","180342","2","1","0200","103","-1","P1,0200,103cm,-1dB"
"2026-07-30T17:51:47.559Z","180442","1","0","0100","112","16","P0,0100,112cm,16dB"
"2026-07-30T17:51:47.559Z","180442","2","1","0200","103","-4","P1,0200,103cm,-4dB"
"2026-07-30T17:51:47.659Z","180542","1","0","0100","102","16","P0,0100,102cm,16dB"
"2026-07-30T17:51:47.659Z","180542","2","1","0200","102","-6","P1,0200,102cm,-6dB"
"2026-07-30T17:51:47.759Z","180642","1","0","0100","91","19","P0,0100,91cm,19dB"
"2026-07-30T17:51:47.759Z","180642","2","1","0200","108","-5","P1,0200,108cm,-5dB"
"2026-07-30T17:51:47.859Z","180742","1","0","0100","103","19","P0,0100,103cm,19dB"
"2026-07-30T17:51:47.859Z","180742","2","1","0200","105","-3","P1,0200,105cm,-3dB"
"2026-07-30T17:51:47.959Z","180842","1","0","0100","104","16","P0,0100,104cm,16dB"
"2026-07-30T17:51:47.959Z","180842","2","1","0200","102","-5","P1,0200,102cm,-5dB"
"2026-07-30T17:51:48.059Z","180942","1","0","0100","105","14","P0,0100,105cm,14dB"
"2026-07-30T17:51:48.059Z","180942","2","1","0200","98","-5","P1,0200,98cm,-5dB"
"2026-07-30T17:51:48.159Z","181042","1","0","0100","94","17","P0,0100,94cm,17dB"
"2026-07-30T17:51:48.159Z","181042","2","1","0200","99","-3","P1,0200,99cm,-3dB"
"2026-07-30T17:51:48.259Z","181142","1","0","0100","67","16","P0,0100,67cm,16dB"
"2026-07-30T17:51:48.259Z","181142","2","1","0200","106","0","P1,0200,106cm,0dB"
"2026-07-30T17:51:48.359Z","181242","1","0","0100","97","17","P0,0100,97cm,17dB"
"2026-07-30T17:51:48.359Z","181242","2","1","0200","92","-5","P1,0200,92cm,-5dB"
"2026-07-30T17:51:48.459Z","181342","1","0","0100","92","14","P0,0100,92cm,14dB"
"2026-07-30T17:51:48.459Z","181342","2","1","0200","94","-5","P1,0200,94cm,-5dB"
"2026-07-30T17:51:48.559Z","181442","1","0","0100","91","17","P0,0100,91cm,17dB"
"2026-07-30T17:51:48.559Z","181442","2","1","0200","103","-4","P1,0200,103cm,-4dB"
"2026-07-30T17:51:48.659Z","181542","1","0","0100","96","17","P0,0100,96cm,17dB"
"2026-07-30T17:51:48.659Z","181542","2","1","0200","95","-4","P1,0200,95cm,-4dB"
"2026-07-30T17:51:48.759Z","181642","1","0","0100","104","11","P0,0100,104cm,11dB"
"2026-07-30T17:51:48.759Z","181642","2","1","0200","103","-5","P1,0200,103cm,-5dB"
"2026-07-30T17:51:48.859Z","181742","1","0","0100","106","15","P0,0100,106cm,15dB"
"2026-07-30T17:51:48.859Z","181742","2","1","0200","98","-5","P1,0200,98cm,-5dB"
"2026-07-30T17:51:48.959Z","181842","1","0","0100","87","13","P0,0100,87cm,13dB"
"2026-07-30T17:51:48.959Z","181842","2","1","0200","98","-5","P1,0200,98cm,-5dB"
"2026-07-30T17:51:49.059Z","181942","1","0","0100","101","15","P0,0100,101cm,15dB"
"2026-07-30T17:51:49.059Z","181942","2","1","0200","93","-4","P1,0200,93cm,-4dB"
"2026-07-30T17:51:49.159Z","182042","1","0","0100","104","10","P0,0100,104cm,10dB"
"2026-07-30T17:51:49.159Z","182042","2","1","0200","94","-1","P1,0200,94cm,-1dB"
"2026-07-30T17:51:49.259Z","182142","1","0","0100","112","18","P0,0100,112cm,18dB"
"2026-07-30T17:51:49.259Z","182142","2","1","0200","94","-1","P1,0200,94cm,-1dB"
"2026-07-30T17:51:49.359Z","182242","1","0","0100","92","16","P0,0100,92cm,16dB"
"2026-07-30T17:51:49.359Z","182242","2","1","0200","94","-4","P1,0200,94cm,-4dB"
"2026-07-30T17:51:49.459Z","182342","1","0","0100","107","17","P0,0100,107cm,17dB"
"2026-07-30T17:51:49.459Z","182342","2","1","0200","78","0","P1,0200,78cm,0dB"
"2026-07-30T17:51:49.559Z","182442","1","0","0100","110","18","P0,0100,110cm,18dB"
"2026-07-30T17:51:49.559Z","182442","2","1","0200","100","-4","P1,0200,100cm,-4dB"
"2026-07-30T17:51:49.659Z","182542","1","0","0100","97","16","P0,0100,97cm,16dB"
"2026-07-30T17:51:49.659Z","182542","2","1","0200","98","-4","P1,0200,98cm,-4dB"
"2026-07-30T17:51:49.759Z","182642","1","0","0100","91","19","P0,0100,91cm,19dB"
"2026-07-30T17:51:49.759Z","182642","2","1","0200","105","-4","P1,0200,105cm,-4dB"
"2026-07-30T17:51:49.859Z","182742","1","0","0100","80","16","P0,0100,80cm,16dB"
"2026-07-30T17:51:49.859Z","182742","2","1","0200","99","-3","P1,0200,99cm,-3dB"
"2026-07-30T17:51:49.959Z","182842","1","0","0100","84","14","P0,0100,84cm,14dB"
"2026-07-30T17:51:49.959Z","182842","2","1","0200","98","-6","P1,0200,98cm,-6dB"
"2026-07-30T17:51:50.059Z","182942","1","0","0100","99","17","P0,0100,99cm,17dB"
"2026-07-30T17:51:50.059Z","182942","2","1","0200","108","-4","P1,0200,108cm,-4dB"
"2026-07-30T17:51:50.159Z","183042","1","0","0100","89","17","P0,0100,89cm,17dB"
"2026-07-30T17:51:50.159Z","183042","2","1","0200","105","2","P1,0200,105cm,2dB"
"2026-07-30T17:51:50.259Z","183142","1","0","0100","85","14","P0,0100,85cm,14dB"
"2026-07-30T17:51:50.259Z","183142","2","1","0200","108","-4","P1,0200,108cm,-4dB"
"2026-07-30T17:51:50.359Z","183242","1","0","0100","97","17","P0,0100,97cm,17dB"
"2026-07-30T17:51:50.359Z","183242","2","1","0200","104","-3","P1,0200,104cm,-3dB"
"2026-07-30T17:51:50.459Z","183342","1","0","0100","84","14","P0,0100,84cm,14dB"
"2026-07-30T17:51:50.459Z","183342","2","1","0200","106","-4","P1,0200,106cm,-4dB"
"2026-07-30T17:51:50.559Z","183442","1","0","0100","80","15","P0,0100,80cm,15dB"
"2026-07-30T17:51:50.559Z","183442","2","1","0200","106","-2","P1,0200,106cm,-2dB"
"2026-07-30T17:51:50.659Z","183542","1","0","0100","105","17","P0,0100,105cm,17dB"
"2026-07-30T17:51:50.659Z","183542","2","1","0200","98","-4","P1,0200,98cm,-4dB"
"2026-07-30T17:51:50.759Z","183642","1","0","0100","101","18","P0,0100,101cm,18dB"
"2026-07-30T17:51:50.759Z","183642","2","1","0200","110","-4","P1,0200,110cm,-4dB"
"2026-07-30T17:51:50.857Z","183740","2","1","0200","86","0","P1,0200,86cm,0dB"
"2026-07-30T17:51:50.959Z","183842","1","0","0100","94","16","P0,0100,94cm,16dB"
"2026-07-30T17:51:50.959Z","183842","2","1","0200","99","-5","P1,0200,99cm,-5dB"
"2026-07-30T17:51:51.059Z","183942","1","0","0100","115","15","P0,0100,115cm,15dB"
"2026-07-30T17:51:51.059Z","183942","2","1","0200","109","-4","P1,0200,109cm,-4dB"
"2026-07-30T17:51:51.159Z","184042","1","0","0100","83","15","P0,0100,83cm,15dB"
"2026-07-30T17:51:51.159Z","184042","2","1","0200","108","-4","P1,0200,108cm,-4dB"
"2026-07-30T17:51:51.259Z","184142","1","0","0100","88","16","P0,0100,88cm,16dB"
"2026-07-30T17:51:51.259Z","184142","2","1","0200","106","-5","P1,0200,106cm,-5dB"
"2026-07-30T17:51:51.359Z","184242","1","0","0100","93","15","P0,0100,93cm,15dB"
"2026-07-30T17:51:51.359Z","184242","2","1","0200","93","-5","P1,0200,93cm,-5dB"
"2026-07-30T17:51:51.459Z","184342","1","0","0100","100","16","P0,0100,100cm,16dB"
"2026-07-30T17:51:51.459Z","184342","2","1","0200","105","-4","P1,0200,105cm,-4dB"
"2026-07-30T17:51:51.559Z","184442","1","0","0100","94","19","P0,0100,94cm,19dB"
"2026-07-30T17:51:51.559Z","184442","2","1","0200","102","-4","P1,0200,102cm,-4dB"
"2026-07-30T17:51:51.659Z","184542","1","0","0100","112","13","P0,0100,112cm,13dB"
"2026-07-30T17:51:51.659Z","184542","2","1","0200","101","-4","P1,0200,101cm,-4dB"
"2026-07-30T17:51:51.759Z","184642","1","0","0100","88","16","P0,0100,88cm,16dB"
"2026-07-30T17:51:51.759Z","184642","2","1","0200","102","-2","P1,0200,102cm,-2dB"
"2026-07-30T17:51:51.859Z","184742","1","0","0100","93","19","P0,0100,93cm,19dB"
"2026-07-30T17:51:51.859Z","184742","2","1","0200","108","-5","P1,0200,108cm,-5dB"
"2026-07-30T17:51:51.959Z","184842","1","0","0100","118","13","P0,0100,118cm,13dB"
"2026-07-30T17:51:51.959Z","184842","2","1","0200","104","1","P1,0200,104cm,1dB"
"2026-07-30T17:51:52.059Z","184942","1","0","0100","83","14","P0,0100,83cm,14dB"
"2026-07-30T17:51:52.059Z","184942","2","1","0200","102","-3","P1,0200,102cm,-3dB"
"2026-07-30T17:51:52.159Z","185042","1","0","0100","83","14","P0,0100,83cm,14dB"
"2026-07-30T17:51:52.159Z","185042","2","1","0200","103","-3","P1,0200,103cm,-3dB"
"2026-07-30T17:51:52.259Z","185142","1","0","0100","115","17","P0,0100,115cm,17dB"
"2026-07-30T17:51:52.259Z","185142","2","1","0200","108","-4","P1,0200,108cm,-4dB"
"2026-07-30T17:51:52.359Z","185242","1","0","0100","83","17","P0,0100,83cm,17dB"
"2026-07-30T17:51:52.359Z","185242","2","1","0200","99","-3","P1,0200,99cm,-3dB"
"2026-07-30T17:51:52.459Z","185342","1","0","0100","91","16","P0,0100,91cm,16dB"
"2026-07-30T17:51:52.459Z","185342","2","1","0200","101","-4","P1,0200,101cm,-4dB"
"2026-07-30T17:51:52.559Z","185442","1","0","0100","104","16","P0,0100,104cm,16dB"
"2026-07-30T17:51:52.559Z","185442","2","1","0200","103","-4","P1,0200,103cm,-4dB"
"2026-07-30T17:51:52.659Z","185542","1","0","0100","92","18","P0,0100,92cm,18dB"
"2026-07-30T17:51:52.659Z","185542","2","1","0200","101","-5","P1,0200,101cm,-5dB"
"2026-07-30T17:51:52.759Z","185642","1","0","0100","100","18","P0,0100,100cm,18dB"
"2026-07-30T17:51:52.759Z","185642","2","1","0200","104","-4","P1,0200,104cm,-4dB"
"2026-07-30T17:51:52.857Z","185740","2","1","0200","105","-1","P1,0200,105cm,-1dB"
"2026-07-30T17:51:52.957Z","185840","2","1","0200","106","-3","P1,0200,106cm,-3dB"
"2026-07-30T17:51:53.059Z","185942","1","0","0100","89","18","P0,0100,89cm,18dB"
"2026-07-30T17:51:53.059Z","185942","2","1","0200","105","-5","P1,0200,105cm,-5dB"
"2026-07-30T17:51:53.157Z","186040","2","1","0200","96","-3","P1,0200,96cm,-3dB"
"2026-07-30T17:51:53.259Z","186142","1","0","0100","96","13","P0,0100,96cm,13dB"
"2026-07-30T17:51:53.259Z","186142","2","1","0200","104","-4","P1,0200,104cm,-4dB"
"2026-07-30T17:51:53.359Z","186242","1","0","0100","110","14","P0,0100,110cm,14dB"
"2026-07-30T17:51:53.359Z","186242","2","1","0200","110","-5","P1,0200,110cm,-5dB"
"2026-07-30T17:51:53.459Z","186342","1","0","0100","83","17","P0,0100,83cm,17dB"
"2026-07-30T17:51:53.459Z","186342","2","1","0200","101","-5","P1,0200,101cm,-5dB"
"2026-07-30T17:51:53.559Z","186442","1","0","0100","99","17","P0,0100,99cm,17dB"
"2026-07-30T17:51:53.559Z","186442","2","1","0200","99","-5","P1,0200,99cm,-5dB"
"2026-07-30T17:51:53.659Z","186542","1","0","0100","89","17","P0,0100,89cm,17dB"
"2026-07-30T17:51:53.659Z","186542","2","1","0200","100","-4","P1,0200,100cm,-4dB"
"2026-07-30T17:51:53.759Z","186642","1","0","0100","99","16","P0,0100,99cm,16dB"
"2026-07-30T17:51:53.759Z","186642","2","1","0200","106","-4","P1,0200,106cm,-4dB"
"2026-07-30T17:51:53.859Z","186742","1","0","0100","86","14","P0,0100,86cm,14dB"
"2026-07-30T17:51:53.859Z","186742","2","1","0200","108","-4","P1,0200,108cm,-4dB"
"2026-07-30T17:51:53.959Z","186842","1","0","0100","108","16","P0,0100,108cm,16dB"
"2026-07-30T17:51:53.959Z","186842","2","1","0200","101","-5","P1,0200,101cm,-5dB"
"2026-07-30T17:51:54.059Z","186942","1","0","0100","88","20","P0,0100,88cm,20dB"
"2026-07-30T17:51:54.059Z","186942","2","1","0200","113","-2","P1,0200,113cm,-2dB"
"2026-07-30T17:51:54.159Z","187042","1","0","0100","121","18","P0,0100,121cm,18dB"
"2026-07-30T17:51:54.159Z","187042","2","1","0200","109","-4","P1,0200,109cm,-4dB"
"2026-07-30T17:51:54.259Z","187142","1","0","0100","112","18","P0,0100,112cm,18dB"
"2026-07-30T17:51:54.259Z","187142","2","1","0200","109","-5","P1,0200,109cm,-5dB"
"2026-07-30T17:51:54.359Z","187242","1","0","0100","104","17","P0,0100,104cm,17dB"
"2026-07-30T17:51:54.359Z","187242","2","1","0200","97","-4","P1,0200,97cm,-4dB"
"2026-07-30T17:51:54.459Z","187342","1","0","0100","106","16","P0,0100,106cm,16dB"
"2026-07-30T17:51:54.459Z","187342","2","1","0200","106","-4","P1,0200,106cm,-4dB"
"2026-07-30T17:51:54.559Z","187442","1","0","0100","84","15","P0,0100,84cm,15dB"
"2026-07-30T17:51:54.559Z","187442","2","1","0200","101","-4","P1,0200,101cm,-4dB"
"2026-07-30T17:51:54.659Z","187542","1","0","0100","100","18","P0,0100,100cm,18dB"
"2026-07-30T17:51:54.659Z","187542","2","1","0200","101","-5","P1,0200,101cm,-5dB"
"2026-07-30T17:51:54.759Z","187642","1","0","0100","100","16","P0,0100,100cm,16dB"
"2026-07-30T17:51:54.759Z","187642","2","1","0200","105","-3","P1,0200,105cm,-3dB"
"2026-07-30T17:51:54.859Z","187742","1","0","0100","106","14","P0,0100,106cm,14dB"
"2026-07-30T17:51:54.859Z","187742","2","1","0200","98","-4","P1,0200,98cm,-4dB"
"2026-07-30T17:51:54.959Z","187842","1","0","0100","90","17","P0,0100,90cm,17dB"
"2026-07-30T17:51:54.959Z","187842","2","1","0200","103","-1","P1,0200,103cm,-1dB"
"2026-07-30T17:51:55.058Z","187941","1","0","0100","89","16","P0,0100,89cm,16dB"
"2026-07-30T17:51:55.059Z","187942","2","1","0200","107","0","P1,0200,107cm,0dB"
"2026-07-30T17:51:55.159Z","188042","1","0","0100","108","13","P0,0100,108cm,13dB"
"2026-07-30T17:51:55.159Z","188042","2","1","0200","106","-4","P1,0200,106cm,-4dB"
"2026-07-30T17:51:55.259Z","188142","1","0","0100","77","17","P0,0100,77cm,17dB"
"2026-07-30T17:51:55.259Z","188142","2","1","0200","108","-5","P1,0200,108cm,-5dB"
"2026-07-30T17:51:55.359Z","188242","1","0","0100","91","14","P0,0100,91cm,14dB"
"2026-07-30T17:51:55.359Z","188242","2","1","0200","105","-3","P1,0200,105cm,-3dB"
"2026-07-30T17:51:55.459Z","188342","1","0","0100","89","16","P0,0100,89cm,16dB"
"2026-07-30T17:51:55.459Z","188342","2","1","0200","108","-4","P1,0200,108cm,-4dB"
"2026-07-30T17:51:55.559Z","188442","1","0","0100","85","13","P0,0100,85cm,13dB"
"2026-07-30T17:51:55.559Z","188442","2","1","0200","105","-4","P1,0200,105cm,-4dB"
"2026-07-30T17:51:55.659Z","188542","1","0","0100","98","15","P0,0100,98cm,15dB"
"2026-07-30T17:51:55.659Z","188542","2","1","0200","107","-5","P1,0200,107cm,-5dB"
"2026-07-30T17:51:55.759Z","188642","1","0","0100","96","17","P0,0100,96cm,17dB"
"2026-07-30T17:51:55.759Z","188642","2","1","0200","110","-5","P1,0200,110cm,-5dB"
"2026-07-30T17:51:55.859Z","188742","1","0","0100","103","14","P0,0100,103cm,14dB"
"2026-07-30T17:51:55.859Z","188742","2","1","0200","107","-4","P1,0200,107cm,-4dB"
"2026-07-30T17:51:55.959Z","188842","1","0","0100","83","16","P0,0100,83cm,16dB"
"2026-07-30T17:51:55.959Z","188842","2","1","0200","104","-5","P1,0200,104cm,-5dB"
"2026-07-30T17:51:56.057Z","188940","2","1","0200","100","-4","P1,0200,100cm,-4dB"
"2026-07-30T17:51:56.159Z","189042","1","0","0100","97","16","P0,0100,97cm,16dB"
"2026-07-30T17:51:56.159Z","189042","2","1","0200","101","-5","P1,0200,101cm,-5dB"
"2026-07-30T17:51:56.258Z","189141","1","0","0100","81","16","P0,0100,81cm,16dB"
"2026-07-30T17:51:56.259Z","189142","2","1","0200","98","-5","P1,0200,98cm,-5dB"
"2026-07-30T17:51:56.359Z","189242","1","0","0100","104","19","P0,0100,104cm,19dB"
"2026-07-30T17:51:56.359Z","189242","2","1","0200","105","-5","P1,0200,105cm,-5dB"
"2026-07-30T17:51:56.459Z","189342","1","0","0100","107","15","P0,0100,107cm,15dB"
"2026-07-30T17:51:56.459Z","189342","2","1","0200","102","-5","P1,0200,102cm,-5dB"
"2026-07-30T17:51:56.559Z","189442","1","0","0100","104","17","P0,0100,104cm,17dB"
"2026-07-30T17:51:56.559Z","189442","2","1","0200","101","-4","P1,0200,101cm,-4dB"
"2026-07-30T17:51:56.658Z","189541","1","0","0100","98","15","P0,0100,98cm,15dB"
"2026-07-30T17:51:56.659Z","189542","2","1","0200","90","-4","P1,0200,90cm,-4dB"
"2026-07-30T17:51:56.759Z","189642","1","0","0100","107","15","P0,0100,107cm,15dB"
"2026-07-30T17:51:56.759Z","189642","2","1","0200","98","-4","P1,0200,98cm,-4dB"
"2026-07-30T17:51:56.859Z","189742","1","0","0100","90","18","P0,0100,90cm,18dB"
"2026-07-30T17:51:56.859Z","189742","2","1","0200","109","-3","P1,0200,109cm,-3dB"
"2026-07-30T17:51:56.959Z","189842","1","0","0100","109","15","P0,0100,109cm,15dB"
"2026-07-30T17:51:56.959Z","189842","2","1","0200","104","-4","P1,0200,104cm,-4dB"
"2026-07-30T17:51:57.059Z","189942","1","0","0100","100","12","P0,0100,100cm,12dB"
"2026-07-30T17:51:57.059Z","189942","2","1","0200","81","-2","P1,0200,81cm,-2dB"
"2026-07-30T17:51:57.159Z","190042","1","0","0100","106","18","P0,0100,106cm,18dB"
"2026-07-30T17:51:57.159Z","190042","2","1","0200","108","-5","P1,0200,108cm,-5dB"
"2026-07-30T17:51:57.259Z","190142","1","0","0100","88","18","P0,0100,88cm,18dB"
"2026-07-30T17:51:57.259Z","190142","2","1","0200","103","-4","P1,0200,103cm,-4dB"
"2026-07-30T17:51:57.358Z","190241","1","0","0100","90","16","P0,0100,90cm,16dB"
"2026-07-30T17:51:57.358Z","190241","2","1","0200","97","-4","P1,0200,97cm,-4dB"
"2026-07-30T17:51:57.459Z","190342","1","0","0100","99","15","P0,0100,99cm,15dB"
"2026-07-30T17:51:57.459Z","190342","2","1","0200","103","-2","P1,0200,103cm,-2dB"
"2026-07-30T17:51:57.559Z","190442","1","0","0100","93","17","P0,0100,93cm,17dB"
"2026-07-30T17:51:57.559Z","190442","2","1","0200","104","-4","P1,0200,104cm,-4dB"
"2026-07-30T17:51:57.659Z","190542","1","0","0100","110","15","P0,0100,110cm,15dB"
"2026-07-30T17:51:57.659Z","190542","2","1","0200","108","-4","P1,0200,108cm,-4dB"
"2026-07-30T17:51:57.758Z","190641","1","0","0100","95","17","P0,0100,95cm,17dB"
"2026-07-30T17:51:57.758Z","190641","2","1","0200","100","1","P1,0200,100cm,1dB"
"2026-07-30T17:51:57.858Z","190741","1","0","0100","94","17","P0,0100,94cm,17dB"
"2026-07-30T17:51:57.859Z","190742","2","1","0200","103","-4","P1,0200,103cm,-4dB"
"2026-07-30T17:51:57.958Z","190841","1","0","0100","92","14","P0,0100,92cm,14dB"
"2026-07-30T17:51:57.959Z","190842","2","1","0200","99","-2","P1,0200,99cm,-2dB"
"2026-07-30T17:51:58.058Z","190941","1","0","0100","80","15","P0,0100,80cm,15dB"
"2026-07-30T17:51:58.059Z","190942","2","1","0200","118","-4","P1,0200,118cm,-4dB"
"2026-07-30T17:51:58.158Z","191041","1","0","0100","79","16","P0,0100,79cm,16dB"
"2026-07-30T17:51:58.158Z","191041","2","1","0200","98","-5","P1,0200,98cm,-5dB"
"2026-07-30T17:51:58.258Z","191141","1","0","0100","83","16","P0,0100,83cm,16dB"
"2026-07-30T17:51:58.258Z","191141","2","1","0200","96","0","P1,0200,96cm,0dB"
"2026-07-30T17:51:58.359Z","191242","1","0","0100","109","18","P0,0100,109cm,18dB"
"2026-07-30T17:51:58.359Z","191242","2","1","0200","103","-2","P1,0200,103cm,-2dB"
"2026-07-30T17:51:58.458Z","191341","1","0","0100","76","15","P0,0100,76cm,15dB"
"2026-07-30T17:51:58.459Z","191342","2","1","0200","107","-4","P1,0200,107cm,-4dB"
"2026-07-30T17:51:58.558Z","191441","1","0","0100","79","18","P0,0100,79cm,18dB"
"2026-07-30T17:51:58.558Z","191441","2","1","0200","88","-2","P1,0200,88cm,-2dB"
"2026-07-30T17:51:58.658Z","191541","1","0","0100","96","17","P0,0100,96cm,17dB"
"2026-07-30T17:51:58.658Z","191541","2","1","0200","94","-5","P1,0200,94cm,-5dB"
"2026-07-30T17:51:58.758Z","191641","1","0","0100","99","16","P0,0100,99cm,16dB"
"2026-07-30T17:51:58.759Z","191642","2","1","0200","100","-4","P1,0200,100cm,-4dB"
"2026-07-30T17:51:58.858Z","191741","1","0","0100","105","16","P0,0100,105cm,16dB"
"2026-07-30T17:51:58.859Z","191742","2","1","0200","98","-3","P1,0200,98cm,-3dB"
"2026-07-30T17:51:58.958Z","191841","1","0","0100","108","17","P0,0100,108cm,17dB"
"2026-07-30T17:51:58.959Z","191842","2","1","0200","99","-5","P1,0200,99cm,-5dB"
"2026-07-30T17:51:59.059Z","191942","1","0","0100","100","20","P0,0100,100cm,20dB"
"2026-07-30T17:51:59.059Z","191942","2","1","0200","101","-4","P1,0200,101cm,-4dB"
"2026-07-30T17:51:59.158Z","192041","1","0","0100","100","16","P0,0100,100cm,16dB"
"2026-07-30T17:51:59.159Z","192042","2","1","0200","98","-5","P1,0200,98cm,-5dB"
"2026-07-30T17:51:59.258Z","192141","1","0","0100","92","17","P0,0100,92cm,17dB"
"2026-07-30T17:51:59.258Z","192141","2","1","0200","88","-2","P1,0200,88cm,-2dB"
"2026-07-30T17:51:59.358Z","192241","1","0","0100","99","15","P0,0100,99cm,15dB"
"2026-07-30T17:51:59.358Z","192241","2","1","0200","102","-2","P1,0200,102cm,-2dB"
"2026-07-30T17:51:59.458Z","192341","1","0","0100","96","17","P0,0100,96cm,17dB"
"2026-07-30T17:51:59.458Z","192341","2","1","0200","104","-4","P1,0200,104cm,-4dB"
"2026-07-30T17:51:59.558Z","192441","1","0","0100","112","14","P0,0100,112cm,14dB"
"2026-07-30T17:51:59.558Z","192441","2","1","0200","90","-4","P1,0200,90cm,-4dB"
"2026-07-30T17:51:59.658Z","192541","1","0","0100","88","17","P0,0100,88cm,17dB"
"2026-07-30T17:51:59.658Z","192541","2","1","0200","104","-5","P1,0200,104cm,-5dB"
"2026-07-30T17:51:59.758Z","192641","1","0","0100","109","18","P0,0100,109cm,18dB"
"2026-07-30T17:51:59.759Z","192642","2","1","0200","99","-4","P1,0200,99cm,-4dB"
"2026-07-30T17:51:59.858Z","192741","1","0","0100","93","17","P0,0100,93cm,17dB"
"2026-07-30T17:51:59.858Z","192741","2","1","0200","105","-4","P1,0200,105cm,-4dB"
"2026-07-30T17:51:59.958Z","192841","1","0","0100","80","16","P0,0100,80cm,16dB"
"2026-07-30T17:51:59.958Z","192841","2","1","0200","102","-5","P1,0200,102cm,-5dB"
"2026-07-30T17:52:00.058Z","192941","1","0","0100","91","15","P0,0100,91cm,15dB"
"2026-07-30T17:52:00.058Z","192941","2","1","0200","95","-3","P1,0200,95cm,-3dB"
"2026-07-30T17:52:00.158Z","193041","1","0","0100","103","15","P0,0100,103cm,15dB"
"2026-07-30T17:52:00.158Z","193041","2","1","0200","99","-4","P1,0200,99cm,-4dB"
"2026-07-30T17:52:00.258Z","193141","1","0","0100","85","16","P0,0100,85cm,16dB"
"2026-07-30T17:52:00.258Z","193141","2","1","0200","89","-1","P1,0200,89cm,-1dB"
"2026-07-30T17:52:00.358Z","193241","1","0","0100","104","16","P0,0100,104cm,16dB"
"2026-07-30T17:52:00.358Z","193241","2","1","0200","96","-5","P1,0200,96cm,-5dB"
"2026-07-30T17:52:00.458Z","193341","1","0","0100","84","13","P0,0100,84cm,13dB"
"2026-07-30T17:52:00.458Z","193341","2","1","0200","101","-3","P1,0200,101cm,-3dB"
"2026-07-30T17:52:00.558Z","193441","1","0","0100","81","12","P0,0100,81cm,12dB"
"2026-07-30T17:52:00.558Z","193441","2","1","0200","98","-4","P1,0200,98cm,-4dB"
"2026-07-30T17:52:00.658Z","193541","1","0","0100","90","18","P0,0100,90cm,18dB"
"2026-07-30T17:52:00.658Z","193541","2","1","0200","110","-4","P1,0200,110cm,-4dB"
"2026-07-30T17:52:00.758Z","193641","1","0","0100","90","17","P0,0100,90cm,17dB"
"2026-07-30T17:52:00.758Z","193641","2","1","0200","94","-1","P1,0200,94cm,-1dB"
"2026-07-30T17:52:00.858Z","193741","1","0","0100","83","16","P0,0100,83cm,16dB"
"2026-07-30T17:52:00.858Z","193741","2","1","0200","103","-4","P1,0200,103cm,-4dB"
"2026-07-30T17:52:00.958Z","193841","1","0","0100","82","14","P0,0100,82cm,14dB"
"2026-07-30T17:52:00.958Z","193841","2","1","0200","104","-5","P1,0200,104cm,-5dB"
"2026-07-30T17:52:01.058Z","193941","1","0","0100","84","17","P0,0100,84cm,17dB"
"2026-07-30T17:52:01.058Z","193941","2","1","0200","101","-5","P1,0200,101cm,-5dB"
"2026-07-30T17:52:01.158Z","194041","1","0","0100","103","16","P0,0100,103cm,16dB"
"2026-07-30T17:52:01.158Z","194041","2","1","0200","98","-1","P1,0200,98cm,-1dB"
"2026-07-30T17:52:01.258Z","194141","1","0","0100","96","17","P0,0100,96cm,17dB"
"2026-07-30T17:52:01.258Z","194141","2","1","0200","90","-4","P1,0200,90cm,-4dB"
"2026-07-30T17:52:01.358Z","194241","1","0","0100","92","15","P0,0100,92cm,15dB"
"2026-07-30T17:52:01.358Z","194241","2","1","0200","99","-3","P1,0200,99cm,-3dB"
"2026-07-30T17:52:01.458Z","194341","1","0","0100","88","15","P0,0100,88cm,15dB"
"2026-07-30T17:52:01.458Z","194341","2","1","0200","111","-5","P1,0200,111cm,-5dB"
"2026-07-30T17:52:01.558Z","194441","1","0","0100","98","17","P0,0100,98cm,17dB"
"2026-07-30T17:52:01.558Z","194441","2","1","0200","105","-1","P1,0200,105cm,-1dB"
"2026-07-30T17:52:01.658Z","194541","1","0","0100","108","17","P0,0100,108cm,17dB"
"2026-07-30T17:52:01.659Z","194542","2","1","0200","109","-2","P1,0200,109cm,-2dB"
"2026-07-30T17:52:01.758Z","194641","1","0","0100","100","16","P0,0100,100cm,16dB"
"2026-07-30T17:52:01.759Z","194642","2","1","0200","106","-5","P1,0200,106cm,-5dB"
"2026-07-30T17:52:01.856Z","194739","2","1","0200","81","-4","P1,0200,81cm,-4dB"
"2026-07-30T17:52:01.958Z","194841","1","0","0100","98","16","P0,0100,98cm,16dB"
"2026-07-30T17:52:01.958Z","194841","2","1","0200","97","-5","P1,0200,97cm,-5dB"
"2026-07-30T17:52:02.058Z","194941","1","0","0100","97","14","P0,0100,97cm,14dB"
"2026-07-30T17:52:02.058Z","194941","2","1","0200","105","-4","P1,0200,105cm,-4dB"
"2026-07-30T17:52:02.158Z","195041","1","0","0100","93","18","P0,0100,93cm,18dB"
"2026-07-30T17:52:02.158Z","195041","2","1","0200","102","-2","P1,0200,102cm,-2dB"
"2026-07-30T17:52:02.258Z","195141","1","0","0100","87","19","P0,0100,87cm,19dB"
"2026-07-30T17:52:02.258Z","195141","2","1","0200","105","-5","P1,0200,105cm,-5dB"
"2026-07-30T17:52:02.358Z","195241","1","0","0100","124","17","P0,0100,124cm,17dB"
"2026-07-30T17:52:02.358Z","195241","2","1","0200","111","-4","P1,0200,111cm,-4dB"
"2026-07-30T17:52:02.458Z","195341","1","0","0100","101","19","P0,0100,101cm,19dB"
"2026-07-30T17:52:02.459Z","195342","2","1","0200","104","-4","P1,0200,104cm,-4dB"
"2026-07-30T17:52:02.558Z","195441","1","0","0100","102","19","P0,0100,102cm,19dB"
"2026-07-30T17:52:02.559Z","195442","2","1","0200","100","-5","P1,0200,100cm,-5dB"
"2026-07-30T17:52:02.658Z","195541","1","0","0100","85","15","P0,0100,85cm,15dB"
"2026-07-30T17:52:02.658Z","195541","2","1","0200","96","-4","P1,0200,96cm,-4dB"
"2026-07-30T17:52:02.758Z","195641","1","0","0100","109","16","P0,0100,109cm,16dB"
"2026-07-30T17:52:02.758Z","195641","2","1","0200","111","-4","P1,0200,111cm,-4dB"
"2026-07-30T17:52:02.858Z","195741","1","0","0100","85","14","P0,0100,85cm,14dB"
"2026-07-30T17:52:02.858Z","195741","2","1","0200","100","-4","P1,0200,100cm,-4dB"
"2026-07-30T17:52:02.958Z","195841","1","0","0100","106","16","P0,0100,106cm,16dB"
"2026-07-30T17:52:02.959Z","195842","2","1","0200","105","-5","P1,0200,105cm,-5dB"
"2026-07-30T17:52:03.058Z","195941","1","0","0100","115","15","P0,0100,115cm,15dB"
"2026-07-30T17:52:03.058Z","195941","2","1","0200","106","-4","P1,0200,106cm,-4dB"
"2026-07-30T17:52:03.158Z","196041","1","0","0100","116","17","P0,0100,116cm,17dB"
"2026-07-30T17:52:03.158Z","196041","2","1","0200","102","-5","P1,0200,102cm,-5dB"
"2026-07-30T17:52:03.256Z","196139","2","1","0200","99","-3","P1,0200,99cm,-3dB"
"2026-07-30T17:52:03.358Z","196241","1","0","0100","100","17","P0,0100,100cm,17dB"
"2026-07-30T17:52:03.358Z","196241","2","1","0200","105","1","P1,0200,105cm,1dB"
"2026-07-30T17:52:03.458Z","196341","1","0","0100","109","11","P0,0100,109cm,11dB"
"2026-07-30T17:52:03.458Z","196341","2","1","0200","94","-4","P1,0200,94cm,-4dB"
"2026-07-30T17:52:03.558Z","196441","1","0","0100","97","18","P0,0100,97cm,18dB"
"2026-07-30T17:52:03.558Z","196441","2","1","0200","102","-1","P1,0200,102cm,-1dB"
"2026-07-30T17:52:03.658Z","196541","1","0","0100","100","12","P0,0100,100cm,12dB"
"2026-07-30T17:52:03.659Z","196542","2","1","0200","106","-4","P1,0200,106cm,-4dB"
"2026-07-30T17:52:03.758Z","196641","1","0","0100","108","15","P0,0100,108cm,15dB"
"2026-07-30T17:52:03.758Z","196641","2","1","0200","100","-2","P1,0200,100cm,-2dB"
"2026-07-30T17:52:03.856Z","196739","2","1","0200","98","-5","P1,0200,98cm,-5dB"
"2026-07-30T17:52:03.958Z","196841","1","0","0100","111","18","P0,0100,111cm,18dB"
"2026-07-30T17:52:03.958Z","196841","2","1","0200","107","-3","P1,0200,107cm,-3dB"
"2026-07-30T17:52:04.058Z","196941","1","0","0100","98","15","P0,0100,98cm,15dB"
"2026-07-30T17:52:04.058Z","196941","2","1","0200","94","0","P1,0200,94cm,0dB"
"2026-07-30T17:52:04.158Z","197041","1","0","0100","82","14","P0,0100,82cm,14dB"
"2026-07-30T17:52:04.158Z","197041","2","1","0200","97","-4","P1,0200,97cm,-4dB"
"2026-07-30T17:52:04.258Z","197141","2","1","0200","103","-5","P1,0200,103cm,-5dB"
"2026-07-30T17:52:04.358Z","197241","1","0","0100","94","15","P0,0100,94cm,15dB"
"2026-07-30T17:52:04.358Z","197241","2","1","0200","113","-4","P1,0200,113cm,-4dB"
"2026-07-30T17:52:04.458Z","197341","1","0","0100","83","15","P0,0100,83cm,15dB"
"2026-07-30T17:52:04.458Z","197341","2","1","0200","101","-4","P1,0200,101cm,-4dB"
"2026-07-30T17:52:04.558Z","197441","1","0","0100","99","15","P0,0100,99cm,15dB"
"2026-07-30T17:52:04.558Z","197441","2","1","0200","98","-5","P1,0200,98cm,-5dB"
"2026-07-30T17:52:04.658Z","197541","1","0","0100","97","14","P0,0100,97cm,14dB"
"2026-07-30T17:52:04.658Z","197541","2","1","0200","107","-5","P1,0200,107cm,-5dB"
"2026-07-30T17:52:04.758Z","197641","1","0","0100","91","14","P0,0100,91cm,14dB"
"2026-07-30T17:52:04.758Z","197641","2","1","0200","91","-5","P1,0200,91cm,-5dB"
"2026-07-30T17:52:04.858Z","197741","1","0","0100","97","15","P0,0100,97cm,15dB"
"2026-07-30T17:52:04.858Z","197741","2","1","0200","97","-4","P1,0200,97cm,-4dB"
"2026-07-30T17:52:04.958Z","197841","1","0","0100","92","17","P0,0100,92cm,17dB"
"2026-07-30T17:52:04.958Z","197841","2","1","0200","105","-5","P1,0200,105cm,-5dB"
"2026-07-30T17:52:05.058Z","197941","1","0","0100","83","16","P0,0100,83cm,16dB"
"2026-07-30T17:52:05.058Z","197941","2","1","0200","96","-5","P1,0200,96cm,-5dB"
"2026-07-30T17:52:05.158Z","198041","1","0","0100","107","18","P0,0100,107cm,18dB"
"2026-07-30T17:52:05.158Z","198041","2","1","0200","98","-4","P1,0200,98cm,-4dB"
"2026-07-30T17:52:05.258Z","198141","1","0","0100","90","15","P0,0100,90cm,15dB"
"2026-07-30T17:52:05.258Z","198141","2","1","0200","104","-4","P1,0200,104cm,-4dB"
"2026-07-30T17:52:05.358Z","198241","1","0","0100","74","15","P0,0100,74cm,15dB"
"2026-07-30T17:52:05.358Z","198241","2","1","0200","95","-5","P1,0200,95cm,-5dB"
"2026-07-30T17:52:05.458Z","198341","1","0","0100","111","17","P0,0100,111cm,17dB"
"2026-07-30T17:52:05.459Z","198342","2","1","0200","99","-3","P1,0200,99cm,-3dB"
"2026-07-30T17:52:05.558Z","198441","1","0","0100","104","12","P0,0100,104cm,12dB"
"2026-07-30T17:52:05.558Z","198441","2","1","0200","102","-3","P1,0200,102cm,-3dB"
"2026-07-30T17:52:05.658Z","198541","1","0","0100","88","20","P0,0100,88cm,20dB"
"2026-07-30T17:52:05.658Z","198541","2","1","0200","96","-5","P1,0200,96cm,-5dB"
"2026-07-30T17:52:05.758Z","198641","1","0","0100","85","15","P0,0100,85cm,15dB"
"2026-07-30T17:52:05.758Z","198641","2","1","0200","100","-4","P1,0200,100cm,-4dB"
"2026-07-30T17:52:05.858Z","198741","1","0","0100","90","17","P0,0100,90cm,17dB"
"2026-07-30T17:52:05.858Z","198741","2","1","0200","94","-5","P1,0200,94cm,-5dB"
"2026-07-30T17:52:05.958Z","198841","1","0","0100","84","17","P0,0100,84cm,17dB"
"2026-07-30T17:52:05.958Z","198841","2","1","0200","98","-5","P1,0200,98cm,-5dB"
"2026-07-30T17:52:06.058Z","198941","1","0","0100","93","16","P0,0100,93cm,16dB"
"2026-07-30T17:52:06.058Z","198941","2","1","0200","98","-5","P1,0200,98cm,-5dB"
"2026-07-30T17:52:06.158Z","199041","1","0","0100","106","11","P0,0100,106cm,11dB"
"2026-07-30T17:52:06.158Z","199041","2","1","0200","100","-4","P1,0200,100cm,-4dB"
"2026-07-30T17:52:06.258Z","199141","1","0","0100","107","15","P0,0100,107cm,15dB"
"2026-07-30T17:52:06.258Z","199141","2","1","0200","94","-3","P1,0200,94cm,-3dB"
"2026-07-30T17:52:06.358Z","199241","1","0","0100","86","17","P0,0100,86cm,17dB"
"2026-07-30T17:52:06.358Z","199241","2","1","0200","99","-1","P1,0200,99cm,-1dB"
"2026-07-30T17:52:06.458Z","199341","1","0","0100","121","14","P0,0100,121cm,14dB"
"2026-07-30T17:52:06.458Z","199341","2","1","0200","105","-1","P1,0200,105cm,-1dB"
"2026-07-30T17:52:06.558Z","199441","1","0","0100","102","16","P0,0100,102cm,16dB"
"2026-07-30T17:52:06.558Z","199441","2","1","0200","94","-5","P1,0200,94cm,-5dB"
"2026-07-30T17:52:06.658Z","199541","1","0","0100","98","15","P0,0100,98cm,15dB"
"2026-07-30T17:52:06.658Z","199541","2","1","0200","91","-2","P1,0200,91cm,-2dB"
"2026-07-30T17:52:06.758Z","199641","1","0","0100","110","16","P0,0100,110cm,16dB"
"2026-07-30T17:52:06.758Z","199641","2","1","0200","101","-4","P1,0200,101cm,-4dB"
"2026-07-30T17:52:06.858Z","199741","1","0","0100","106","16","P0,0100,106cm,16dB"
"2026-07-30T17:52:06.858Z","199741","2","1","0200","87","-3","P1,0200,87cm,-3dB"
"2026-07-30T17:52:06.958Z","199841","1","0","0100","97","16","P0,0100,97cm,16dB"
"2026-07-30T17:52:06.958Z","199841","2","1","0200","96","-3","P1,0200,96cm,-3dB"
"2026-07-30T17:52:07.058Z","199941","1","0","0100","99","15","P0,0100,99cm,15dB"
"2026-07-30T17:52:07.058Z","199941","2","1","0200","108","-4","P1,0200,108cm,-4dB"
"2026-07-30T17:52:07.158Z","200041","1","0","0100","87","18","P0,0100,87cm,18dB"
"2026-07-30T17:52:07.158Z","200041","2","1","0200","96","-5","P1,0200,96cm,-5dB"
"2026-07-30T17:52:07.258Z","200141","1","0","0100","97","15","P0,0100,97cm,15dB"
"2026-07-30T17:52:07.258Z","200141","2","1","0200","90","-5","P1,0200,90cm,-5dB"
"2026-07-30T17:52:07.358Z","200241","1","0","0100","97","15","P0,0100,97cm,15dB"
"2026-07-30T17:52:07.358Z","200241","2","1","0200","90","-2","P1,0200,90cm,-2dB"
"2026-07-30T17:52:07.458Z","200341","1","0","0100","102","16","P0,0100,102cm,16dB"
"2026-07-30T17:52:07.458Z","200341","2","1","0200","95","0","P1,0200,95cm,0dB"
"2026-07-30T17:52:07.558Z","200441","1","0","0100","86","17","P0,0100,86cm,17dB"
"2026-07-30T17:52:07.558Z","200441","2","1","0200","96","-3","P1,0200,96cm,-3dB"
"2026-07-30T17:52:07.658Z","200541","1","0","0100","103","17","P0,0100,103cm,17dB"
"2026-07-30T17:52:07.658Z","200541","2","1","0200","93","-3","P1,0200,93cm,-3dB"
"2026-07-30T17:52:07.758Z","200641","1","0","0100","119","14","P0,0100,119cm,14dB"
"2026-07-30T17:52:07.758Z","200641","2","1","0200","98","0","P1,0200,98cm,0dB"
"2026-07-30T17:52:07.858Z","200741","1","0","0100","119","17","P0,0100,119cm,17dB"
"2026-07-30T17:52:07.858Z","200741","2","1","0200","91","-4","P1,0200,91cm,-4dB"
"2026-07-30T17:52:07.958Z","200841","1","0","0100","88","17","P0,0100,88cm,17dB"
"2026-07-30T17:52:07.958Z","200841","2","1","0200","102","-2","P1,0200,102cm,-2dB"
"2026-07-30T17:52:08.058Z","200941","1","0","0100","98","13","P0,0100,98cm,13dB"
"2026-07-30T17:52:08.058Z","200941","2","1","0200","94","-6","P1,0200,94cm,-6dB"
"2026-07-30T17:52:08.158Z","201041","1","0","0100","110","13","P0,0100,110cm,13dB"
"2026-07-30T17:52:08.158Z","201041","2","1","0200","90","-5","P1,0200,90cm,-5dB"
"2026-07-30T17:52:08.256Z","201139","2","1","0200","88","-5","P1,0200,88cm,-5dB"
"2026-07-30T17:52:08.358Z","201241","1","0","0100","107","16","P0,0100,107cm,16dB"
"2026-07-30T17:52:08.358Z","201241","2","1","0200","94","-5","P1,0200,94cm,-5dB"
"2026-07-30T17:52:08.458Z","201341","1","0","0100","106","14","P0,0100,106cm,14dB"
"2026-07-30T17:52:08.458Z","201341","2","1","0200","94","-5","P1,0200,94cm,-5dB"
"2026-07-30T17:52:08.558Z","201441","1","0","0100","90","14","P0,0100,90cm,14dB"
"2026-07-30T17:52:08.558Z","201441","2","1","0200","111","-6","P1,0200,111cm,-6dB"
"2026-07-30T17:52:08.658Z","201541","1","0","0100","93","15","P0,0100,93cm,15dB"
"2026-07-30T17:52:08.659Z","201542","2","1","0200","82","-5","P1,0200,82cm,-5dB"
"2026-07-30T17:52:08.758Z","201641","1","0","0100","121","11","P0,0100,121cm,11dB"
"2026-07-30T17:52:08.758Z","201641","2","1","0200","90","-2","P1,0200,90cm,-2dB"
"2026-07-30T17:52:08.858Z","201741","1","0","0100","90","14","P0,0100,90cm,14dB"
"2026-07-30T17:52:08.858Z","201741","2","1","0200","88","-5","P1,0200,88cm,-5dB"
"2026-07-30T17:52:08.958Z","201841","1","0","0100","98","16","P0,0100,98cm,16dB"
"2026-07-30T17:52:08.958Z","201841","2","1","0200","93","-1","P1,0200,93cm,-1dB"
"2026-07-30T17:52:09.058Z","201941","1","0","0100","113","15","P0,0100,113cm,15dB"
"2026-07-30T17:52:09.058Z","201941","2","1","0200","91","-4","P1,0200,91cm,-4dB"
"2026-07-30T17:52:09.158Z","202041","1","0","0100","113","14","P0,0100,113cm,14dB"
"2026-07-30T17:52:09.158Z","202041","2","1","0200","93","-5","P1,0200,93cm,-5dB"
"2026-07-30T17:52:09.258Z","202141","1","0","0100","93","17","P0,0100,93cm,17dB"
"2026-07-30T17:52:09.258Z","202141","2","1","0200","77","0","P1,0200,77cm,0dB"
"2026-07-30T17:52:09.356Z","202239","2","1","0200","113","-2","P1,0200,113cm,-2dB"
"2026-07-30T17:52:09.458Z","202341","1","0","0100","101","16","P0,0100,101cm,16dB"
"2026-07-30T17:52:09.458Z","202341","2","1","0200","86","0","P1,0200,86cm,0dB"
"2026-07-30T17:52:09.558Z","202441","1","0","0100","84","18","P0,0100,84cm,18dB"
"2026-07-30T17:52:09.558Z","202441","2","1","0200","126","-4","P1,0200,126cm,-4dB"
"2026-07-30T17:52:09.658Z","202541","1","0","0100","92","11","P0,0100,92cm,11dB"
"2026-07-30T17:52:09.658Z","202541","2","1","0200","86","-5","P1,0200,86cm,-5dB"
"2026-07-30T17:52:09.758Z","202641","1","0","0100","99","15","P0,0100,99cm,15dB"
"2026-07-30T17:52:09.758Z","202641","2","1","0200","103","-4","P1,0200,103cm,-4dB"
"2026-07-30T17:52:09.858Z","202741","1","0","0100","102","16","P0,0100,102cm,16dB"
"2026-07-30T17:52:09.858Z","202741","2","1","0200","98","-1","P1,0200,98cm,-1dB"
"2026-07-30T17:52:09.958Z","202841","1","0","0100","105","16","P0,0100,105cm,16dB"
"2026-07-30T17:52:09.958Z","202841","2","1","0200","105","-4","P1,0200,105cm,-4dB"
"2026-07-30T17:52:10.058Z","202941","1","0","0100","95","17","P0,0100,95cm,17dB"
"2026-07-30T17:52:10.058Z","202941","2","1","0200","100","-5","P1,0200,100cm,-5dB"
"2026-07-30T17:52:10.158Z","203041","1","0","0100","92","13","P0,0100,92cm,13dB"
"2026-07-30T17:52:10.158Z","203041","2","1","0200","95","-1","P1,0200,95cm,-1dB"
"2026-07-30T17:52:10.258Z","203141","1","0","0100","89","14","P0,0100,89cm,14dB"
"2026-07-30T17:52:10.258Z","203141","2","1","0200","109","-4","P1,0200,109cm,-4dB"
"2026-07-30T17:52:10.358Z","203241","1","0","0100","109","14","P0,0100,109cm,14dB"
"2026-07-30T17:52:10.358Z","203241","2","1","0200","106","-4","P1,0200,106cm,-4dB"
"2026-07-30T17:52:10.458Z","203341","1","0","0100","106","17","P0,0100,106cm,17dB"
"2026-07-30T17:52:10.458Z","203341","2","1","0200","75","-5","P1,0200,75cm,-5dB"
"2026-07-30T17:52:10.558Z","203441","1","0","0100","89","8","P0,0100,89cm,8dB"
"2026-07-30T17:52:10.558Z","203441","2","1","0200","92","-5","P1,0200,92cm,-5dB"
"2026-07-30T17:52:10.658Z","203541","1","0","0100","99","16","P0,0100,99cm,16dB"
"2026-07-30T17:52:10.658Z","203541","2","1","0200","79","-5","P1,0200,79cm,-5dB"
"2026-07-30T17:52:10.758Z","203641","1","0","0100","95","16","P0,0100,95cm,16dB"
"2026-07-30T17:52:10.758Z","203641","2","1","0200","96","-4","P1,0200,96cm,-4dB"
"2026-07-30T17:52:10.858Z","203741","1","0","0100","103","13","P0,0100,103cm,13dB"
"2026-07-30T17:52:10.858Z","203741","2","1","0200","99","-4","P1,0200,99cm,-4dB"
"2026-07-30T17:52:10.958Z","203841","1","0","0100","97","14","P0,0100,97cm,14dB"
"2026-07-30T17:52:10.958Z","203841","2","1","0200","104","-5","P1,0200,104cm,-5dB"
"2026-07-30T17:52:11.058Z","203941","1","0","0100","87","12","P0,0100,87cm,12dB"
"2026-07-30T17:52:11.058Z","203941","2","1","0200","100","-4","P1,0200,100cm,-4dB"
"2026-07-30T17:52:11.158Z","204041","1","0","0100","92","15","P0,0100,92cm,15dB"
"2026-07-30T17:52:11.158Z","204041","2","1","0200","113","-4","P1,0200,113cm,-4dB"
"2026-07-30T17:52:11.258Z","204141","1","0","0100","92","19","P0,0100,92cm,19dB"
"2026-07-30T17:52:11.258Z","204141","2","1","0200","114","-3","P1,0200,114cm,-3dB"
"2026-07-30T17:52:11.358Z","204241","1","0","0100","97","16","P0,0100,97cm,16dB"
"2026-07-30T17:52:11.358Z","204241","2","1","0200","106","-4","P1,0200,106cm,-4dB"
"2026-07-30T17:52:11.458Z","204341","1","0","0100","94","16","P0,0100,94cm,16dB"
"2026-07-30T17:52:11.458Z","204341","2","1","0200","107","-4","P1,0200,107cm,-4dB"
"2026-07-30T17:52:11.558Z","204441","1","0","0100","99","14","P0,0100,99cm,14dB"
"2026-07-30T17:52:11.558Z","204441","2","1","0200","83","-3","P1,0200,83cm,-3dB"
"2026-07-30T17:52:11.658Z","204541","1","0","0100","92","17","P0,0100,92cm,17dB"
"2026-07-30T17:52:11.658Z","204541","2","1","0200","107","-4","P1,0200,107cm,-4dB"
"2026-07-30T17:52:11.758Z","204641","1","0","0100","93","14","P0,0100,93cm,14dB"
"2026-07-30T17:52:11.758Z","204641","2","1","0200","115","-5","P1,0200,115cm,-5dB"
"2026-07-30T17:52:11.858Z","204741","1","0","0100","93","15","P0,0100,93cm,15dB"
"2026-07-30T17:52:11.858Z","204741","2","1","0200","107","-3","P1,0200,107cm,-3dB"
"2026-07-30T17:52:11.958Z","204841","1","0","0100","95","15","P0,0100,95cm,15dB"
"2026-07-30T17:52:11.958Z","204841","2","1","0200","110","-5","P1,0200,110cm,-5dB"
"2026-07-30T17:52:12.058Z","204941","1","0","0100","93","14","P0,0100,93cm,14dB"
"2026-07-30T17:52:12.058Z","204941","2","1","0200","112","-4","P1,0200,112cm,-4dB"
"2026-07-30T17:52:12.158Z","205041","1","0","0100","93","15","P0,0100,93cm,15dB"
"2026-07-30T17:52:12.158Z","205041","2","1","0200","114","-2","P1,0200,114cm,-2dB"
"2026-07-30T17:52:12.258Z","205141","1","0","0100","93","13","P0,0100,93cm,13dB"
"2026-07-30T17:52:12.258Z","205141","2","1","0200","92","-4","P1,0200,92cm,-4dB"
"2026-07-30T17:52:12.358Z","205241","1","0","0100","94","13","P0,0100,94cm,13dB"
"2026-07-30T17:52:12.358Z","205241","2","1","0200","113","-4","P1,0200,113cm,-4dB"
"2026-07-30T17:52:12.456Z","205339","2","1","0200","115","-4","P1,0200,115cm,-4dB"
"2026-07-30T17:52:12.558Z","205441","1","0","0100","92","15","P0,0100,92cm,15dB"
"2026-07-30T17:52:12.558Z","205441","2","1","0200","120","-2","P1,0200,120cm,-2dB"
"2026-07-30T17:52:12.658Z","205541","1","0","0100","94","8","P0,0100,94cm,8dB"
"2026-07-30T17:52:12.658Z","205541","2","1","0200","113","-4","P1,0200,113cm,-4dB"
"2026-07-30T17:52:12.758Z","205641","1","0","0100","94","16","P0,0100,94cm,16dB"
"2026-07-30T17:52:12.758Z","205641","2","1","0200","112","-4","P1,0200,112cm,-4dB"
"2026-07-30T17:52:12.858Z","205741","1","0","0100","93","15","P0,0100,93cm,15dB"
"2026-07-30T17:52:12.858Z","205741","2","1","0200","112","-5","P1,0200,112cm,-5dB"
"2026-07-30T17:52:12.958Z","205841","1","0","0100","92","14","P0,0100,92cm,14dB"
"2026-07-30T17:52:12.958Z","205841","2","1","0200","105","-4","P1,0200,105cm,-4dB"
"2026-07-30T17:52:13.058Z","205941","1","0","0100","98","17","P0,0100,98cm,17dB"
"2026-07-30T17:52:13.058Z","205941","2","1","0200","94","-2","P1,0200,94cm,-2dB"
"2026-07-30T17:52:13.158Z","206041","1","0","0100","116","16","P0,0100,116cm,16dB"
"2026-07-30T17:52:13.158Z","206041","2","1","0200","88","-4","P1,0200,88cm,-4dB"
"2026-07-30T17:52:13.258Z","206141","1","0","0100","92","16","P0,0100,92cm,16dB"
"2026-07-30T17:52:13.258Z","206141","2","1","0200","91","-3","P1,0200,91cm,-3dB"
"2026-07-30T17:52:13.358Z","206241","1","0","0100","106","19","P0,0100,106cm,19dB"
"2026-07-30T17:52:13.358Z","206241","2","1","0200","97","1","P1,0200,97cm,1dB"
"2026-07-30T17:52:13.458Z","206341","1","0","0100","97","13","P0,0100,97cm,13dB"
"2026-07-30T17:52:13.458Z","206341","2","1","0200","121","-4","P1,0200,121cm,-4dB"
"2026-07-30T17:52:13.558Z","206441","1","0","0100","124","20","P0,0100,124cm,20dB"
"2026-07-30T17:52:13.558Z","206441","2","1","0200","89","-5","P1,0200,89cm,-5dB"
"2026-07-30T17:52:13.658Z","206541","1","0","0100","102","15","P0,0100,102cm,15dB"
"2026-07-30T17:52:13.658Z","206541","2","1","0200","115","-3","P1,0200,115cm,-3dB"
"2026-07-30T17:52:13.758Z","206641","1","0","0100","98","15","P0,0100,98cm,15dB"
"2026-07-30T17:52:13.758Z","206641","2","1","0200","112","0","P1,0200,112cm,0dB"
"2026-07-30T17:52:13.916Z","206799","1","0","0100","98","15","P0,0100,98cm,15dB"
"2026-07-30T17:52:13.916Z","206799","2","1","0200","89","-4","P1,0200,89cm,-4dB"
"2026-07-30T17:52:13.958Z","206841","1","0","0100","93","17","P0,0100,93cm,17dB"
"2026-07-30T17:52:13.958Z","206841","2","1","0200","98","-1","P1,0200,98cm,-1dB"
"2026-07-30T17:52:14.058Z","206941","1","0","0100","95","17","P0,0100,95cm,17dB"
"2026-07-30T17:52:14.058Z","206941","2","1","0200","134","-4","P1,0200,134cm,-4dB"
"2026-07-30T17:52:14.158Z","207041","1","0","0100","120","15","P0,0100,120cm,15dB"
"2026-07-30T17:52:14.158Z","207041","2","1","0200","128","0","P1,0200,128cm,0dB"
"2026-07-30T17:52:14.258Z","207141","1","0","0100","98","16","P0,0100,98cm,16dB"
"2026-07-30T17:52:14.258Z","207141","2","1","0200","111","-5","P1,0200,111cm,-5dB"
"2026-07-30T17:52:14.358Z","207241","1","0","0100","92","18","P0,0100,92cm,18dB"
"2026-07-30T17:52:14.358Z","207241","2","1","0200","121","-2","P1,0200,121cm,-2dB"
"2026-07-30T17:52:14.458Z","207341","1","0","0100","85","19","P0,0100,85cm,19dB"
"2026-07-30T17:52:14.458Z","207341","2","1","0200","119","-3","P1,0200,119cm,-3dB"
"2026-07-30T17:52:14.558Z","207441","1","0","0100","95","16","P0,0100,95cm,16dB"
"2026-07-30T17:52:14.558Z","207441","2","1","0200","118","-4","P1,0200,118cm,-4dB"
"2026-07-30T17:52:14.658Z","207541","1","0","0100","82","18","P0,0100,82cm,18dB"
"2026-07-30T17:52:14.658Z","207541","2","1","0200","83","-3","P1,0200,83cm,-3dB"
"2026-07-30T17:52:14.758Z","207641","1","0","0100","89","16","P0,0100,89cm,16dB"
"2026-07-30T17:52:14.758Z","207641","2","1","0200","121","2","P1,0200,121cm,2dB"
"2026-07-30T17:52:14.858Z","207741","1","0","0100","90","14","P0,0100,90cm,14dB"
"2026-07-30T17:52:14.858Z","207741","2","1","0200","80","2","P1,0200,80cm,2dB"
"2026-07-30T17:52:14.958Z","207841","1","0","0100","90","13","P0,0100,90cm,13dB"
"2026-07-30T17:52:14.958Z","207841","2","1","0200","113","-3","P1,0200,113cm,-3dB"
"2026-07-30T17:52:15.056Z","207939","2","1","0200","103","-3","P1,0200,103cm,-3dB"
"2026-07-30T17:52:15.158Z","208041","1","0","0100","90","15","P0,0100,90cm,15dB"
"2026-07-30T17:52:15.158Z","208041","2","1","0200","101","-1","P1,0200,101cm,-1dB"
"2026-07-30T17:52:15.258Z","208141","1","0","0100","88","13","P0,0100,88cm,13dB"
"2026-07-30T17:52:15.258Z","208141","2","1","0200","102","-4","P1,0200,102cm,-4dB"
"2026-07-30T17:52:15.358Z","208241","1","0","0100","88","15","P0,0100,88cm,15dB"
"2026-07-30T17:52:15.358Z","208241","2","1","0200","107","-1","P1,0200,107cm,-1dB"
"2026-07-30T17:52:15.458Z","208341","1","0","0100","90","17","P0,0100,90cm,17dB"
"2026-07-30T17:52:15.458Z","208341","2","1","0200","92","-2","P1,0200,92cm,-2dB"
"2026-07-30T17:52:15.558Z","208441","1","0","0100","82","18","P0,0100,82cm,18dB"
"2026-07-30T17:52:15.558Z","208441","2","1","0200","94","2","P1,0200,94cm,2dB"
"2026-07-30T17:52:15.658Z","208541","1","0","0100","84","18","P0,0100,84cm,18dB"
"2026-07-30T17:52:15.658Z","208541","2","1","0200","94","2","P1,0200,94cm,2dB"
"2026-07-30T17:52:15.758Z","208641","1","0","0100","112","12","P0,0100,112cm,12dB"
"2026-07-30T17:52:15.758Z","208641","2","1","0200","93","3","P1,0200,93cm,3dB"
"2026-07-30T17:52:15.858Z","208741","1","0","0100","86","16","P0,0100,86cm,16dB"
"2026-07-30T17:52:15.858Z","208741","2","1","0200","96","-2","P1,0200,96cm,-2dB"
"2026-07-30T17:52:15.958Z","208841","1","0","0100","84","13","P0,0100,84cm,13dB"
"2026-07-30T17:52:15.958Z","208841","2","1","0200","96","1","P1,0200,96cm,1dB"
"2026-07-30T17:52:16.058Z","208941","1","0","0100","107","15","P0,0100,107cm,15dB"
"2026-07-30T17:52:16.058Z","208941","2","1","0200","95","-3","P1,0200,95cm,-3dB"
"2026-07-30T17:52:16.158Z","209041","1","0","0100","91","19","P0,0100,91cm,19dB"
"2026-07-30T17:52:16.158Z","209041","2","1","0200","67","-5","P1,0200,67cm,-5dB"
"2026-07-30T17:52:16.258Z","209141","1","0","0100","92","17","P0,0100,92cm,17dB"
"2026-07-30T17:52:16.258Z","209141","2","1","0200","113","-2","P1,0200,113cm,-2dB"
"2026-07-30T17:52:16.358Z","209241","1","0","0100","91","15","P0,0100,91cm,15dB"
"2026-07-30T17:52:16.358Z","209241","2","1","0200","117","-5","P1,0200,117cm,-5dB"
"2026-07-30T17:52:16.458Z","209341","1","0","0100","104","17","P0,0100,104cm,17dB"
"2026-07-30T17:52:16.458Z","209341","2","1","0200","112","-5","P1,0200,112cm,-5dB"
"2026-07-30T17:52:16.558Z","209441","1","0","0100","114","13","P0,0100,114cm,13dB"
"2026-07-30T17:52:16.558Z","209441","2","1","0200","45","-5","P1,0200,45cm,-5dB"
"2026-07-30T17:52:16.658Z","209541","1","0","0100","96","8","P0,0100,96cm,8dB"
"2026-07-30T17:52:16.658Z","209541","2","1","0200","110","-6","P1,0200,110cm,-6dB"
"2026-07-30T17:52:16.758Z","209641","1","0","0100","100","17","P0,0100,100cm,17dB"
"2026-07-30T17:52:16.758Z","209641","2","1","0200","111","-5","P1,0200,111cm,-5dB"
"2026-07-30T17:52:16.858Z","209741","1","0","0100","89","15","P0,0100,89cm,15dB"
"2026-07-30T17:52:16.858Z","209741","2","1","0200","127","-4","P1,0200,127cm,-4dB"
"2026-07-30T17:52:16.958Z","209841","1","0","0100","86","13","P0,0100,86cm,13dB"
"2026-07-30T17:52:16.958Z","209841","2","1","0200","124","-4","P1,0200,124cm,-4dB"
"2026-07-30T17:52:17.058Z","209941","1","0","0100","98","16","P0,0100,98cm,16dB"
"2026-07-30T17:52:17.058Z","209941","2","1","0200","93","-5","P1,0200,93cm,-5dB"
"2026-07-30T17:52:17.156Z","210039","2","1","0200","100","-4","P1,0200,100cm,-4dB"
"2026-07-30T17:52:17.258Z","210141","1","0","0100","92","17","P0,0100,92cm,17dB"
"2026-07-30T17:52:17.258Z","210141","2","1","0200","103","-2","P1,0200,103cm,-2dB"
"2026-07-30T17:52:17.358Z","210241","1","0","0100","95","18","P0,0100,95cm,18dB"
"2026-07-30T17:52:17.358Z","210241","2","1","0200","115","-3","P1,0200,115cm,-3dB"
"2026-07-30T17:52:17.458Z","210341","1","0","0100","94","19","P0,0100,94cm,19dB"
"2026-07-30T17:52:17.458Z","210341","2","1","0200","115","-3","P1,0200,115cm,-3dB"
"2026-07-30T17:52:17.558Z","210441","1","0","0100","94","16","P0,0100,94cm,16dB"
"2026-07-30T17:52:17.558Z","210441","2","1","0200","94","1","P1,0200,94cm,1dB"
"2026-07-30T17:52:17.663Z","210546","1","0","0100","91","20","P0,0100,91cm,20dB"
"2026-07-30T17:52:17.663Z","210546","2","1","0200","98","2","P1,0200,98cm,2dB"
"2026-07-30T17:52:17.758Z","210641","1","0","0100","92","17","P0,0100,92cm,17dB"
"2026-07-30T17:52:17.758Z","210641","2","1","0200","96","1","P1,0200,96cm,1dB"
"2026-07-30T17:52:17.858Z","210741","1","0","0100","89","12","P0,0100,89cm,12dB"
"2026-07-30T17:52:17.858Z","210741","2","1","0200","96","-4","P1,0200,96cm,-4dB"
"2026-07-30T17:52:17.958Z","210841","1","0","0100","91","15","P0,0100,91cm,15dB"
"2026-07-30T17:52:17.958Z","210841","2","1","0200","90","-4","P1,0200,90cm,-4dB"
"2026-07-30T17:52:18.058Z","210941","1","0","0100","85","16","P0,0100,85cm,16dB"
"2026-07-30T17:52:18.058Z","210941","2","1","0200","91","-4","P1,0200,91cm,-4dB"
"2026-07-30T17:52:18.158Z","211041","1","0","0100","93","17","P0,0100,93cm,17dB"
"2026-07-30T17:52:18.158Z","211041","2","1","0200","102","-6","P1,0200,102cm,-6dB"
"2026-07-30T17:52:18.258Z","211141","1","0","0100","94","17","P0,0100,94cm,17dB"
"2026-07-30T17:52:18.258Z","211141","2","1","0200","91","-2","P1,0200,91cm,-2dB"
"2026-07-30T17:52:18.358Z","211241","1","0","0100","94","12","P0,0100,94cm,12dB"
"2026-07-30T17:52:18.358Z","211241","2","1","0200","91","-3","P1,0200,91cm,-3dB"
"2026-07-30T17:52:18.458Z","211341","1","0","0100","91","16","P0,0100,91cm,16dB"
"2026-07-30T17:52:18.458Z","211341","2","1","0200","120","-4","P1,0200,120cm,-4dB"
"2026-07-30T17:52:18.558Z","211441","1","0","0100","91","16","P0,0100,91cm,16dB"
"2026-07-30T17:52:18.558Z","211441","2","1","0200","132","1","P1,0200,132cm,1dB"
"2026-07-30T17:52:18.656Z","211539","2","1","0200","109","-3","P1,0200,109cm,-3dB"
"2026-07-30T17:52:18.758Z","211641","1","0","0100","88","14","P0,0100,88cm,14dB"
"2026-07-30T17:52:18.758Z","211641","2","1","0200","106","2","P1,0200,106cm,2dB"
"2026-07-30T17:52:18.858Z","211741","1","0","0100","85","18","P0,0100,85cm,18dB"
"2026-07-30T17:52:18.858Z","211741","2","1","0200","98","0","P1,0200,98cm,0dB"
"2026-07-30T17:52:18.958Z","211841","1","0","0100","78","16","P0,0100,78cm,16dB"
"2026-07-30T17:52:18.958Z","211841","2","1","0200","96","-2","P1,0200,96cm,-2dB"
"2026-07-30T17:52:19.058Z","211941","1","0","0100","83","12","P0,0100,83cm,12dB"
"2026-07-30T17:52:19.058Z","211941","2","1","0200","98","1","P1,0200,98cm,1dB"
"2026-07-30T17:52:19.158Z","212041","1","0","0100","90","16","P0,0100,90cm,16dB"
"2026-07-30T17:52:19.158Z","212041","2","1","0200","95","-2","P1,0200,95cm,-2dB"
"2026-07-30T17:52:19.258Z","212141","1","0","0100","92","17","P0,0100,92cm,17dB"
"2026-07-30T17:52:19.258Z","212141","2","1","0200","81","-3","P1,0200,81cm,-3dB"
"2026-07-30T17:52:19.358Z","212241","1","0","0100","105","17","P0,0100,105cm,17dB"
"2026-07-30T17:52:19.358Z","212241","2","1","0200","105","-5","P1,0200,105cm,-5dB"
"2026-07-30T17:52:19.458Z","212341","1","0","0100","76","15","P0,0100,76cm,15dB"
"2026-07-30T17:52:19.458Z","212341","2","1","0200","106","-3","P1,0200,106cm,-3dB"
"2026-07-30T17:52:19.558Z","212441","1","0","0100","68","16","P0,0100,68cm,16dB"
"2026-07-30T17:52:19.558Z","212441","2","1","0200","136","-3","P1,0200,136cm,-3dB"
"2026-07-30T17:52:19.658Z","212541","1","0","0100","72","19","P0,0100,72cm,19dB"
"2026-07-30T17:52:19.658Z","212541","2","1","0200","137","2","P1,0200,137cm,2dB"
"2026-07-30T17:52:19.758Z","212641","1","0","0100","84","17","P0,0100,84cm,17dB"
"2026-07-30T17:52:19.758Z","212641","2","1","0200","102","-2","P1,0200,102cm,-2dB"
"2026-07-30T17:52:19.858Z","212741","1","0","0100","89","17","P0,0100,89cm,17dB"
"2026-07-30T17:52:19.858Z","212741","2","1","0200","157","-5","P1,0200,157cm,-5dB"
"2026-07-30T17:52:19.958Z","212841","1","0","0100","90","15","P0,0100,90cm,15dB"
"2026-07-30T17:52:19.958Z","212841","2","1","0200","105","-4","P1,0200,105cm,-4dB"
"2026-07-30T17:52:20.058Z","212941","1","0","0100","96","15","P0,0100,96cm,15dB"
"2026-07-30T17:52:20.058Z","212941","2","1","0200","124","-3","P1,0200,124cm,-3dB"
"2026-07-30T17:52:20.158Z","213041","1","0","0100","88","16","P0,0100,88cm,16dB"
"2026-07-30T17:52:20.158Z","213041","2","1","0200","124","-3","P1,0200,124cm,-3dB"
"2026-07-30T17:52:20.258Z","213141","1","0","0100","83","16","P0,0100,83cm,16dB"
"2026-07-30T17:52:20.258Z","213141","2","1","0200","121","-4","P1,0200,121cm,-4dB"
"2026-07-30T17:52:20.358Z","213241","1","0","0100","92","15","P0,0100,92cm,15dB"
"2026-07-30T17:52:20.358Z","213241","2","1","0200","127","-4","P1,0200,127cm,-4dB"
"2026-07-30T17:52:20.458Z","213341","1","0","0100","102","16","P0,0100,102cm,16dB"
"2026-07-30T17:52:20.458Z","213341","2","1","0200","95","-2","P1,0200,95cm,-2dB"
"2026-07-30T17:52:20.558Z","213441","1","0","0100","102","12","P0,0100,102cm,12dB"
"2026-07-30T17:52:20.558Z","213441","2","1","0200","128","-5","P1,0200,128cm,-5dB"
"2026-07-30T17:52:20.658Z","213541","1","0","0100","88","13","P0,0100,88cm,13dB"
"2026-07-30T17:52:20.658Z","213541","2","1","0200","109","-5","P1,0200,109cm,-5dB"
"2026-07-30T17:52:20.758Z","213641","1","0","0100","80","20","P0,0100,80cm,20dB"
"2026-07-30T17:52:20.758Z","213641","2","1","0200","121","-4","P1,0200,121cm,-4dB"
"2026-07-30T17:52:20.858Z","213741","1","0","0100","92","17","P0,0100,92cm,17dB"
"2026-07-30T17:52:20.858Z","213741","2","1","0200","131","-2","P1,0200,131cm,-2dB"
"2026-07-30T17:52:20.958Z","213841","1","0","0100","80","19","P0,0100,80cm,19dB"
"2026-07-30T17:52:20.958Z","213841","2","1","0200","110","-4","P1,0200,110cm,-4dB"
"2026-07-30T17:52:21.058Z","213941","1","0","0100","92","16","P0,0100,92cm,16dB"
"2026-07-30T17:52:21.058Z","213941","2","1","0200","103","-3","P1,0200,103cm,-3dB"
"2026-07-30T17:52:21.158Z","214041","1","0","0100","100","19","P0,0100,100cm,19dB"
"2026-07-30T17:52:21.158Z","214041","2","1","0200","102","-3","P1,0200,102cm,-3dB"
"2026-07-30T17:52:21.258Z","214141","1","0","0100","85","15","P0,0100,85cm,15dB"
"2026-07-30T17:52:21.258Z","214141","2","1","0200","105","-4","P1,0200,105cm,-4dB"
"2026-07-30T17:52:21.358Z","214241","1","0","0100","105","17","P0,0100,105cm,17dB"
"2026-07-30T17:52:21.358Z","214241","2","1","0200","102","-5","P1,0200,102cm,-5dB"
"2026-07-30T17:52:21.458Z","214341","1","0","0100","107","16","P0,0100,107cm,16dB"
"2026-07-30T17:52:21.458Z","214341","2","1","0200","105","-2","P1,0200,105cm,-2dB"
"2026-07-30T17:52:21.558Z","214441","1","0","0100","90","16","P0,0100,90cm,16dB"
"2026-07-30T17:52:21.558Z","214441","2","1","0200","103","-4","P1,0200,103cm,-4dB"
"2026-07-30T17:52:21.658Z","214541","1","0","0100","92","16","P0,0100,92cm,16dB"
"2026-07-30T17:52:21.658Z","214541","2","1","0200","97","1","P1,0200,97cm,1dB"
"2026-07-30T17:52:21.758Z","214641","1","0","0100","93","14","P0,0100,93cm,14dB"
"2026-07-30T17:52:21.758Z","214641","2","1","0200","106","-4","P1,0200,106cm,-4dB"
"2026-07-30T17:52:21.858Z","214741","1","0","0100","72","14","P0,0100,72cm,14dB"
"2026-07-30T17:52:21.858Z","214741","2","1","0200","104","-3","P1,0200,104cm,-3dB"
"2026-07-30T17:52:21.958Z","214841","1","0","0100","85","16","P0,0100,85cm,16dB"
"2026-07-30T17:52:21.958Z","214841","2","1","0200","104","-4","P1,0200,104cm,-4dB"
"2026-07-30T17:52:22.058Z","214941","1","0","0100","97","17","P0,0100,97cm,17dB"
"2026-07-30T17:52:22.058Z","214941","2","1","0200","103","-5","P1,0200,103cm,-5dB"
"2026-07-30T17:52:22.158Z","215041","1","0","0100","83","15","P0,0100,83cm,15dB"
"2026-07-30T17:52:22.158Z","215041","2","1","0200","105","-6","P1,0200,105cm,-6dB"
"2026-07-30T17:52:22.258Z","215141","1","0","0100","86","14","P0,0100,86cm,14dB"
"2026-07-30T17:52:22.258Z","215141","2","1","0200","102","1","P1,0200,102cm,1dB"
"2026-07-30T17:52:22.358Z","215241","1","0","0100","94","15","P0,0100,94cm,15dB"
"2026-07-30T17:52:22.358Z","215241","2","1","0200","106","1","P1,0200,106cm,1dB"
"2026-07-30T17:52:22.458Z","215341","1","0","0100","98","18","P0,0100,98cm,18dB"
"2026-07-30T17:52:22.458Z","215341","2","1","0200","130","-4","P1,0200,130cm,-4dB"
"2026-07-30T17:52:22.558Z","215441","1","0","0100","101","17","P0,0100,101cm,17dB"
"2026-07-30T17:52:22.558Z","215441","2","1","0200","119","-4","P1,0200,119cm,-4dB"
"2026-07-30T17:52:22.658Z","215541","1","0","0100","104","16","P0,0100,104cm,16dB"
"2026-07-30T17:52:22.658Z","215541","2","1","0200","100","-5","P1,0200,100cm,-5dB"
"2026-07-30T17:52:22.758Z","215641","1","0","0100","88","15","P0,0100,88cm,15dB"
"2026-07-30T17:52:22.758Z","215641","2","1","0200","69","-4","P1,0200,69cm,-4dB"
"2026-07-30T17:52:22.857Z","215740","1","0","0100","99","18","P0,0100,99cm,18dB"
"2026-07-30T17:52:22.857Z","215740","2","1","0200","53","0","P1,0200,53cm,0dB"
"2026-07-30T17:52:22.958Z","215841","1","0","0100","90","18","P0,0100,90cm,18dB"
"2026-07-30T17:52:22.958Z","215841","2","1","0200","75","-2","P1,0200,75cm,-2dB"
"2026-07-30T17:52:23.058Z","215941","1","0","0100","95","13","P0,0100,95cm,13dB"
"2026-07-30T17:52:23.058Z","215941","2","1","0200","69","-4","P1,0200,69cm,-4dB"
"2026-07-30T17:52:23.158Z","216041","1","0","0100","92","18","P0,0100,92cm,18dB"
"2026-07-30T17:52:23.158Z","216041","2","1","0200","93","-2","P1,0200,93cm,-2dB"
"2026-07-30T17:52:23.258Z","216141","1","0","0100","97","16","P0,0100,97cm,16dB"
"2026-07-30T17:52:23.258Z","216141","2","1","0200","110","3","P1,0200,110cm,3dB"
"2026-07-30T17:52:23.358Z","216241","1","0","0100","104","15","P0,0100,104cm,15dB"
"2026-07-30T17:52:23.358Z","216241","2","1","0200","59","-3","P1,0200,59cm,-3dB"
"2026-07-30T17:52:23.458Z","216341","1","0","0100","90","14","P0,0100,90cm,14dB"
"2026-07-30T17:52:23.458Z","216341","2","1","0200","71","-5","P1,0200,71cm,-5dB"
"2026-07-30T17:52:23.557Z","216440","1","0","0100","98","18","P0,0100,98cm,18dB"
"2026-07-30T17:52:23.558Z","216441","2","1","0200","82","-5","P1,0200,82cm,-5dB"
"2026-07-30T17:52:23.658Z","216541","1","0","0100","89","18","P0,0100,89cm,18dB"
"2026-07-30T17:52:23.658Z","216541","2","1","0200","106","-4","P1,0200,106cm,-4dB"
"2026-07-30T17:52:23.757Z","216640","1","0","0100","98","17","P0,0100,98cm,17dB"
"2026-07-30T17:52:23.758Z","216641","2","1","0200","77","-5","P1,0200,77cm,-5dB"
"2026-07-30T17:52:23.858Z","216741","1","0","0100","98","13","P0,0100,98cm,13dB"
"2026-07-30T17:52:23.858Z","216741","2","1","0200","97","-2","P1,0200,97cm,-2dB"
"2026-07-30T17:52:23.957Z","216840","1","0","0100","95","16","P0,0100,95cm,16dB"
"2026-07-30T17:52:23.958Z","216841","2","1","0200","60","-5","P1,0200,60cm,-5dB"
"2026-07-30T17:52:24.057Z","216940","1","0","0100","94","14","P0,0100,94cm,14dB"
"2026-07-30T17:52:24.058Z","216941","2","1","0200","78","-5","P1,0200,78cm,-5dB"
"2026-07-30T17:52:24.158Z","217041","1","0","0100","93","18","P0,0100,93cm,18dB"
"2026-07-30T17:52:24.158Z","217041","2","1","0200","205","-2","P1,0200,205cm,-2dB"
"2026-07-30T17:52:24.258Z","217141","1","0","0100","96","16","P0,0100,96cm,16dB"
"2026-07-30T17:52:24.258Z","217141","2","1","0200","181","-5","P1,0200,181cm,-5dB"
"2026-07-30T17:52:24.358Z","217241","1","0","0100","83","14","P0,0100,83cm,14dB"
"2026-07-30T17:52:24.358Z","217241","2","1","0200","77","-5","P1,0200,77cm,-5dB"
"2026-07-30T17:52:24.458Z","217341","1","0","0100","73","17","P0,0100,73cm,17dB"
"2026-07-30T17:52:24.458Z","217341","2","1","0200","101","-6","P1,0200,101cm,-6dB"
"2026-07-30T17:52:24.558Z","217441","1","0","0100","67","19","P0,0100,67cm,19dB"
"2026-07-30T17:52:24.558Z","217441","2","1","0200","107","-4","P1,0200,107cm,-4dB"
"2026-07-30T17:52:24.658Z","217541","1","0","0100","92","15","P0,0100,92cm,15dB"
"2026-07-30T17:52:24.658Z","217541","2","1","0200","112","-4","P1,0200,112cm,-4dB"
"2026-07-30T17:52:24.758Z","217641","1","0","0100","68","13","P0,0100,68cm,13dB"
"2026-07-30T17:52:24.758Z","217641","2","1","0200","118","-3","P1,0200,118cm,-3dB"
"2026-07-30T17:52:24.858Z","217741","1","0","0100","115","17","P0,0100,115cm,17dB"
"2026-07-30T17:52:24.858Z","217741","2","1","0200","132","2","P1,0200,132cm,2dB"
"2026-07-30T17:52:24.958Z","217841","1","0","0100","105","15","P0,0100,105cm,15dB"
"2026-07-30T17:52:24.958Z","217841","2","1","0200","135","-3","P1,0200,135cm,-3dB"
"2026-07-30T17:52:25.058Z","217941","1","0","0100","100","18","P0,0100,100cm,18dB"
"2026-07-30T17:52:25.058Z","217941","2","1","0200","68","-5","P1,0200,68cm,-5dB"
"2026-07-30T17:52:25.157Z","218040","1","0","0100","90","12","P0,0100,90cm,12dB"
"2026-07-30T17:52:25.158Z","218041","2","1","0200","69","-4","P1,0200,69cm,-4dB"
"2026-07-30T17:52:25.258Z","218141","1","0","0100","111","21","P0,0100,111cm,21dB"
"2026-07-30T17:52:25.258Z","218141","2","1","0200","90","-3","P1,0200,90cm,-3dB"
"2026-07-30T17:52:25.358Z","218241","1","0","0100","95","13","P0,0100,95cm,13dB"
"2026-07-30T17:52:25.358Z","218241","2","1","0200","107","-4","P1,0200,107cm,-4dB"
"2026-07-30T17:52:25.458Z","218341","1","0","0100","92","17","P0,0100,92cm,17dB"
"2026-07-30T17:52:25.458Z","218341","2","1","0200","117","-4","P1,0200,117cm,-4dB"
"2026-07-30T17:52:25.558Z","218441","1","0","0100","87","19","P0,0100,87cm,19dB"
"2026-07-30T17:52:25.558Z","218441","2","1","0200","119","-1","P1,0200,119cm,-1dB"
"2026-07-30T17:52:25.658Z","218541","1","0","0100","102","16","P0,0100,102cm,16dB"
"2026-07-30T17:52:25.658Z","218541","2","1","0200","111","-4","P1,0200,111cm,-4dB"
"2026-07-30T17:52:25.758Z","218641","1","0","0100","90","16","P0,0100,90cm,16dB"
"2026-07-30T17:52:25.758Z","218641","2","1","0200","110","-4","P1,0200,110cm,-4dB"
"2026-07-30T17:52:25.858Z","218741","1","0","0100","90","18","P0,0100,90cm,18dB"
"2026-07-30T17:52:25.858Z","218741","2","1","0200","106","-5","P1,0200,106cm,-5dB"
"2026-07-30T17:52:25.957Z","218840","1","0","0100","90","15","P0,0100,90cm,15dB"
"2026-07-30T17:52:25.957Z","218840","2","1","0200","93","-4","P1,0200,93cm,-4dB"
"2026-07-30T17:52:26.057Z","218940","1","0","0100","90","17","P0,0100,90cm,17dB"
"2026-07-30T17:52:26.057Z","218940","2","1","0200","89","-5","P1,0200,89cm,-5dB"
"2026-07-30T17:52:26.157Z","219040","1","0","0100","95","18","P0,0100,95cm,18dB"
"2026-07-30T17:52:26.157Z","219040","2","1","0200","99","-4","P1,0200,99cm,-4dB"
"2026-07-30T17:52:26.258Z","219141","1","0","0100","95","16","P0,0100,95cm,16dB"
"2026-07-30T17:52:26.258Z","219141","2","1","0200","108","-4","P1,0200,108cm,-4dB"
"2026-07-30T17:52:26.356Z","219239","2","1","0200","107","-4","P1,0200,107cm,-4dB"
"2026-07-30T17:52:26.458Z","219341","1","0","0100","83","15","P0,0100,83cm,15dB"
"2026-07-30T17:52:26.458Z","219341","2","1","0200","101","-4","P1,0200,101cm,-4dB"
"2026-07-30T17:52:26.558Z","219441","1","0","0100","88","15","P0,0100,88cm,15dB"
"2026-07-30T17:52:26.558Z","219441","2","1","0200","110","-4","P1,0200,110cm,-4dB"
"2026-07-30T17:52:26.657Z","219540","1","0","0100","95","15","P0,0100,95cm,15dB"
"2026-07-30T17:52:26.657Z","219540","2","1","0200","93","-5","P1,0200,93cm,-5dB"
"2026-07-30T17:52:26.757Z","219640","1","0","0100","83","15","P0,0100,83cm,15dB"
"2026-07-30T17:52:26.758Z","219641","2","1","0200","102","-5","P1,0200,102cm,-5dB"
"2026-07-30T17:52:26.856Z","219739","2","1","0200","111","-3","P1,0200,111cm,-3dB"
"2026-07-30T17:52:26.958Z","219841","1","0","0100","81","13","P0,0100,81cm,13dB"
"2026-07-30T17:52:26.958Z","219841","2","1","0200","114","-3","P1,0200,114cm,-3dB"
"2026-07-30T17:52:27.057Z","219940","1","0","0100","91","18","P0,0100,91cm,18dB"
"2026-07-30T17:52:27.057Z","219940","2","1","0200","98","-5","P1,0200,98cm,-5dB"
"2026-07-30T17:52:27.157Z","220040","1","0","0100","87","18","P0,0100,87cm,18dB"
"2026-07-30T17:52:27.157Z","220040","2","1","0200","99","-4","P1,0200,99cm,-4dB"
"2026-07-30T17:52:27.257Z","220140","1","0","0100","99","15","P0,0100,99cm,15dB"
"2026-07-30T17:52:27.258Z","220141","2","1","0200","110","-4","P1,0200,110cm,-4dB"
"2026-07-30T17:52:27.357Z","220240","1","0","0100","97","16","P0,0100,97cm,16dB"
"2026-07-30T17:52:27.358Z","220241","2","1","0200","109","-1","P1,0200,109cm,-1dB"
"2026-07-30T17:52:27.457Z","220340","1","0","0100","85","16","P0,0100,85cm,16dB"
"2026-07-30T17:52:27.457Z","220340","2","1","0200","89","0","P1,0200,89cm,0dB"
"2026-07-30T17:52:27.557Z","220440","1","0","0100","106","15","P0,0100,106cm,15dB"
"2026-07-30T17:52:27.557Z","220440","2","1","0200","78","1","P1,0200,78cm,1dB"
"2026-07-30T17:52:27.657Z","220540","1","0","0100","88","12","P0,0100,88cm,12dB"
"2026-07-30T17:52:27.657Z","220540","2","1","0200","87","-5","P1,0200,87cm,-5dB"
"2026-07-30T17:52:27.757Z","220640","1","0","0100","93","18","P0,0100,93cm,18dB"
"2026-07-30T17:52:27.757Z","220640","2","1","0200","85","-5","P1,0200,85cm,-5dB"
"2026-07-30T17:52:27.857Z","220740","1","0","0100","83","16","P0,0100,83cm,16dB"
"2026-07-30T17:52:27.857Z","220740","2","1","0200","107","-6","P1,0200,107cm,-6dB"
"2026-07-30T17:52:27.958Z","220841","1","0","0100","101","15","P0,0100,101cm,15dB"
"2026-07-30T17:52:27.958Z","220841","2","1","0200","99","-3","P1,0200,99cm,-3dB"
"2026-07-30T17:52:28.057Z","220940","1","0","0100","83","17","P0,0100,83cm,17dB"
"2026-07-30T17:52:28.057Z","220940","2","1","0200","103","-3","P1,0200,103cm,-3dB"
"2026-07-30T17:52:28.157Z","221040","1","0","0100","86","17","P0,0100,86cm,17dB"
"2026-07-30T17:52:28.157Z","221040","2","1","0200","114","0","P1,0200,114cm,0dB"
"2026-07-30T17:52:28.258Z","221141","1","0","0100","103","18","P0,0100,103cm,18dB"
"2026-07-30T17:52:28.258Z","221141","2","1","0200","108","-1","P1,0200,108cm,-1dB"
"2026-07-30T17:52:28.357Z","221240","1","0","0100","87","19","P0,0100,87cm,19dB"
"2026-07-30T17:52:28.357Z","221240","2","1","0200","113","1","P1,0200,113cm,1dB"
"2026-07-30T17:52:28.457Z","221340","1","0","0100","98","14","P0,0100,98cm,14dB"
"2026-07-30T17:52:28.457Z","221340","2","1","0200","111","-3","P1,0200,111cm,-3dB"
"2026-07-30T17:52:28.557Z","221440","1","0","0100","91","17","P0,0100,91cm,17dB"
"2026-07-30T17:52:28.557Z","221440","2","1","0200","104","-5","P1,0200,104cm,-5dB"
"2026-07-30T17:52:28.656Z","221539","2","1","0200","100","-5","P1,0200,100cm,-5dB"
"2026-07-30T17:52:28.757Z","221640","1","0","0100","97","15","P0,0100,97cm,15dB"
"2026-07-30T17:52:28.757Z","221640","2","1","0200","105","-4","P1,0200,105cm,-4dB"
"2026-07-30T17:52:28.857Z","221740","1","0","0100","89","15","P0,0100,89cm,15dB"
"2026-07-30T17:52:28.857Z","221740","2","1","0200","103","-5","P1,0200,103cm,-5dB"
"2026-07-30T17:52:28.957Z","221840","1","0","0100","93","17","P0,0100,93cm,17dB"
"2026-07-30T17:52:28.957Z","221840","2","1","0200","93","-3","P1,0200,93cm,-3dB"
"2026-07-30T17:52:29.096Z","221979","1","0","0100","88","12","P0,0100,88cm,12dB"
"2026-07-30T17:52:29.096Z","221979","2","1","0200","96","-6","P1,0200,96cm,-6dB"
"2026-07-30T17:52:29.162Z","222045","1","0","0100","89","13","P0,0100,89cm,13dB"
"2026-07-30T17:52:29.164Z","222047","2","1","0200","111","-1","P1,0200,111cm,-1dB"
"2026-07-30T17:52:29.259Z","222142","1","0","0100","99","15","P0,0100,99cm,15dB"
"2026-07-30T17:52:29.259Z","222142","2","1","0200","99","-4","P1,0200,99cm,-4dB"
"2026-07-30T17:52:29.359Z","222242","1","0","0100","79","15","P0,0100,79cm,15dB"
"2026-07-30T17:52:29.359Z","222242","2","1","0200","107","2","P1,0200,107cm,2dB"
"2026-07-30T17:52:29.459Z","222342","1","0","0100","97","13","P0,0100,97cm,13dB"
"2026-07-30T17:52:29.459Z","222342","2","1","0200","96","-4","P1,0200,96cm,-4dB"
"2026-07-30T17:52:29.559Z","222442","1","0","0100","88","17","P0,0100,88cm,17dB"
"2026-07-30T17:52:29.559Z","222442","2","1","0200","93","-4","P1,0200,93cm,-4dB"
"2026-07-30T17:52:29.659Z","222542","1","0","0100","98","17","P0,0100,98cm,17dB"
"2026-07-30T17:52:29.659Z","222542","2","1","0200","97","-2","P1,0200,97cm,-2dB"
"2026-07-30T17:52:29.759Z","222642","1","0","0100","89","18","P0,0100,89cm,18dB"
"2026-07-30T17:52:29.759Z","222642","2","1","0200","100","-3","P1,0200,100cm,-3dB"
"2026-07-30T17:52:29.859Z","222742","1","0","0100","80","18","P0,0100,80cm,18dB"
"2026-07-30T17:52:29.859Z","222742","2","1","0200","102","-4","P1,0200,102cm,-4dB"
"2026-07-30T17:52:29.959Z","222842","1","0","0100","82","16","P0,0100,82cm,16dB"
"2026-07-30T17:52:29.959Z","222842","2","1","0200","94","-3","P1,0200,94cm,-3dB"
"2026-07-30T17:52:30.059Z","222942","1","0","0100","82","16","P0,0100,82cm,16dB"
"2026-07-30T17:52:30.059Z","222942","2","1","0200","112","-3","P1,0200,112cm,-3dB"
"2026-07-30T17:52:30.159Z","223042","1","0","0100","95","17","P0,0100,95cm,17dB"
"2026-07-30T17:52:30.159Z","223042","2","1","0200","108","-2","P1,0200,108cm,-2dB"
"2026-07-30T17:52:30.259Z","223142","1","0","0100","85","17","P0,0100,85cm,17dB"
"2026-07-30T17:52:30.259Z","223142","2","1","0200","105","-4","P1,0200,105cm,-4dB"
"2026-07-30T17:52:30.359Z","223242","1","0","0100","83","20","P0,0100,83cm,20dB"
"2026-07-30T17:52:30.359Z","223242","2","1","0200","107","-2","P1,0200,107cm,-2dB"
"2026-07-30T17:52:30.458Z","223341","1","0","0100","86","16","P0,0100,86cm,16dB"
"2026-07-30T17:52:30.459Z","223342","2","1","0200","95","-6","P1,0200,95cm,-6dB"
"2026-07-30T17:52:30.559Z","223442","1","0","0100","90","17","P0,0100,90cm,17dB"
"2026-07-30T17:52:30.559Z","223442","2","1","0200","108","-1","P1,0200,108cm,-1dB"
"2026-07-30T17:52:30.659Z","223542","1","0","0100","88","15","P0,0100,88cm,15dB"
"2026-07-30T17:52:30.659Z","223542","2","1","0200","98","-2","P1,0200,98cm,-2dB"
"2026-07-30T17:52:30.758Z","223641","1","0","0100","76","18","P0,0100,76cm,18dB"
"2026-07-30T17:52:30.759Z","223642","2","1","0200","95","-4","P1,0200,95cm,-4dB"
"2026-07-30T17:52:30.859Z","223742","1","0","0100","93","16","P0,0100,93cm,16dB"
"2026-07-30T17:52:30.859Z","223742","2","1","0200","105","-4","P1,0200,105cm,-4dB"
"2026-07-30T17:52:30.959Z","223842","1","0","0100","85","17","P0,0100,85cm,17dB"
"2026-07-30T17:52:30.959Z","223842","2","1","0200","111","-4","P1,0200,111cm,-4dB"
"2026-07-30T17:52:31.059Z","223942","1","0","0100","106","16","P0,0100,106cm,16dB"
"2026-07-30T17:52:31.059Z","223942","2","1","0200","92","-6","P1,0200,92cm,-6dB"
"2026-07-30T17:52:31.159Z","224042","1","0","0100","93","19","P0,0100,93cm,19dB"
"2026-07-30T17:52:31.159Z","224042","2","1","0200","98","-5","P1,0200,98cm,-5dB"
"2026-07-30T17:52:31.259Z","224142","1","0","0100","79","21","P0,0100,79cm,21dB"
"2026-07-30T17:52:31.259Z","224142","2","1","0200","93","-3","P1,0200,93cm,-3dB"
"2026-07-30T17:52:31.359Z","224242","1","0","0100","78","19","P0,0100,78cm,19dB"
"2026-07-30T17:52:31.359Z","224242","2","1","0200","110","-3","P1,0200,110cm,-3dB"
"2026-07-30T17:52:31.459Z","224342","1","0","0100","87","18","P0,0100,87cm,18dB"
"2026-07-30T17:52:31.459Z","224342","2","1","0200","95","0","P1,0200,95cm,0dB"
"2026-07-30T17:52:31.558Z","224441","1","0","0100","84","18","P0,0100,84cm,18dB"
"2026-07-30T17:52:31.559Z","224442","2","1","0200","98","-3","P1,0200,98cm,-3dB"
"2026-07-30T17:52:31.658Z","224541","1","0","0100","98","17","P0,0100,98cm,17dB"
"2026-07-30T17:52:31.659Z","224542","2","1","0200","95","-5","P1,0200,95cm,-5dB"
"2026-07-30T17:52:31.758Z","224641","1","0","0100","79","16","P0,0100,79cm,16dB"
"2026-07-30T17:52:31.759Z","224642","2","1","0200","88","-6","P1,0200,88cm,-6dB"
"2026-07-30T17:52:31.859Z","224742","1","0","0100","92","17","P0,0100,92cm,17dB"
"2026-07-30T17:52:31.859Z","224742","2","1","0200","84","-5","P1,0200,84cm,-5dB"
"2026-07-30T17:52:31.959Z","224842","1","0","0100","83","19","P0,0100,83cm,19dB"
"2026-07-30T17:52:31.959Z","224842","2","1","0200","105","-6","P1,0200,105cm,-6dB"
"2026-07-30T17:52:32.058Z","224941","1","0","0100","88","16","P0,0100,88cm,16dB"
"2026-07-30T17:52:32.059Z","224942","2","1","0200","90","-5","P1,0200,90cm,-5dB"
"2026-07-30T17:52:32.158Z","225041","1","0","0100","93","17","P0,0100,93cm,17dB"
"2026-07-30T17:52:32.158Z","225041","2","1","0200","88","-5","P1,0200,88cm,-5dB"
"2026-07-30T17:52:32.258Z","225141","1","0","0100","99","16","P0,0100,99cm,16dB"
"2026-07-30T17:52:32.259Z","225142","2","1","0200","98","-1","P1,0200,98cm,-1dB"
"2026-07-30T17:52:32.358Z","225241","1","0","0100","77","18","P0,0100,77cm,18dB"
"2026-07-30T17:52:32.359Z","225242","2","1","0200","81","-4","P1,0200,81cm,-4dB"
"2026-07-30T17:52:32.458Z","225341","1","0","0100","94","9","P0,0100,94cm,9dB"
"2026-07-30T17:52:32.458Z","225341","2","1","0200","105","-4","P1,0200,105cm,-4dB"
"2026-07-30T17:52:32.559Z","225442","1","0","0100","94","16","P0,0100,94cm,16dB"
"2026-07-30T17:52:32.559Z","225442","2","1","0200","105","-5","P1,0200,105cm,-5dB"
"2026-07-30T17:52:32.659Z","225542","1","0","0100","87","18","P0,0100,87cm,18dB"
"2026-07-30T17:52:32.659Z","225542","2","1","0200","86","-5","P1,0200,86cm,-5dB"
"2026-07-30T17:52:32.759Z","225642","1","0","0100","97","17","P0,0100,97cm,17dB"
"2026-07-30T17:52:32.759Z","225642","2","1","0200","107","-4","P1,0200,107cm,-4dB"
"2026-07-30T17:52:32.859Z","225742","1","0","0100","88","15","P0,0100,88cm,15dB"
"2026-07-30T17:52:32.859Z","225742","2","1","0200","110","-5","P1,0200,110cm,-5dB"
"2026-07-30T17:52:32.958Z","225841","1","0","0100","93","15","P0,0100,93cm,15dB"
"2026-07-30T17:52:32.958Z","225841","2","1","0200","99","-4","P1,0200,99cm,-4dB"
"2026-07-30T17:52:33.059Z","225942","1","0","0100","89","18","P0,0100,89cm,18dB"
"2026-07-30T17:52:33.059Z","225942","2","1","0200","103","-1","P1,0200,103cm,-1dB"
"2026-07-30T17:52:33.159Z","226042","1","0","0100","99","17","P0,0100,99cm,17dB"
"2026-07-30T17:52:33.159Z","226042","2","1","0200","105","-5","P1,0200,105cm,-5dB"
"2026-07-30T17:52:33.258Z","226141","1","0","0100","95","13","P0,0100,95cm,13dB"
"2026-07-30T17:52:33.258Z","226141","2","1","0200","89","-4","P1,0200,89cm,-4dB"
"2026-07-30T17:52:33.359Z","226242","1","0","0100","87","14","P0,0100,87cm,14dB"
"2026-07-30T17:52:33.359Z","226242","2","1","0200","106","-5","P1,0200,106cm,-5dB"
"2026-07-30T17:52:33.459Z","226342","1","0","0100","100","16","P0,0100,100cm,16dB"
"2026-07-30T17:52:33.459Z","226342","2","1","0200","104","-5","P1,0200,104cm,-5dB"
"2026-07-30T17:52:33.558Z","226441","1","0","0100","88","12","P0,0100,88cm,12dB"
"2026-07-30T17:52:33.558Z","226441","2","1","0200","84","-4","P1,0200,84cm,-4dB"
"2026-07-30T17:52:33.657Z","226540","2","1","0200","95","-5","P1,0200,95cm,-5dB"
"2026-07-30T17:52:33.759Z","226642","1","0","0100","100","18","P0,0100,100cm,18dB"
"2026-07-30T17:52:33.759Z","226642","2","1","0200","101","-1","P1,0200,101cm,-1dB"
"2026-07-30T17:52:33.858Z","226741","1","0","0100","96","15","P0,0100,96cm,15dB"
"2026-07-30T17:52:33.858Z","226741","2","1","0200","83","-5","P1,0200,83cm,-5dB"
"2026-07-30T17:52:33.957Z","226840","2","1","0200","110","-4","P1,0200,110cm,-4dB"
"2026-07-30T17:52:34.058Z","226941","1","0","0100","91","13","P0,0100,91cm,13dB"
"2026-07-30T17:52:34.058Z","226941","2","1","0200","99","-2","P1,0200,99cm,-2dB"
"2026-07-30T17:52:34.158Z","227041","1","0","0100","91","14","P0,0100,91cm,14dB"
"2026-07-30T17:52:34.159Z","227042","2","1","0200","110","-4","P1,0200,110cm,-4dB"
"2026-07-30T17:52:34.258Z","227141","1","0","0100","89","13","P0,0100,89cm,13dB"
"2026-07-30T17:52:34.259Z","227142","2","1","0200","102","-5","P1,0200,102cm,-5dB"
"2026-07-30T17:52:34.358Z","227241","1","0","0100","93","16","P0,0100,93cm,16dB"
"2026-07-30T17:52:34.358Z","227241","2","1","0200","91","-5","P1,0200,91cm,-5dB"
"2026-07-30T17:52:34.458Z","227341","1","0","0100","92","15","P0,0100,92cm,15dB"
"2026-07-30T17:52:34.458Z","227341","2","1","0200","91","-5","P1,0200,91cm,-5dB"
"2026-07-30T17:52:34.558Z","227441","1","0","0100","90","14","P0,0100,90cm,14dB"
"2026-07-30T17:52:34.558Z","227441","2","1","0200","90","-6","P1,0200,90cm,-6dB"
"2026-07-30T17:52:34.658Z","227541","1","0","0100","94","15","P0,0100,94cm,15dB"
"2026-07-30T17:52:34.658Z","227541","2","1","0200","93","-4","P1,0200,93cm,-4dB"