:1000000000802020E9960000875100008751000001
:1000100000000000000000000000000000000000E0
:1000200000000000000000000000000087510000F8
:10003000000000000000000087510000D59500007E
:10004000875100008751000087510000618E000039
:100050008751000087510000875100008751000040
:1000600000000000875100008751000000000000E0
:1000700000000000C18F0000198E0000D18D00002B
:100080008751000087510000875100008751000010
:1000900087510000875100000000000000000000B0
:1000A00087510000875100000000000000000000A0
:1000B00087510000000000008751000087510000B8
:1000C000F0B5E9B01D9135AD0021002801D101F056
:1000D0002BF8002A01D101F027F80446FC48261825
:1000E000307C012801D001F01FF8B0681D9B181A60
:1000F0002768F98A884201D201F00DF802926B203C
:100100000001201801902C35009500200F90C0436D
:100110000D9001200490B36024AD4421284609F0DD
:10012000E0F9B88868863889A8860E97B86D32904D
:100130000596F0683390201D1490284610301390D7
:1001400028461430129028461C30119024351595FD
:10015000039425460A350F9B1C46189304980B9070
:1001600017930D9816900FE001211B9CA140164695
:10017000189A0A431892169017961A98641C2D180C
:10018000042C01D100F084FC200135A90E18612255
:1001900092001A921B946243149CA2180B50736035
:1001A000B3601F96F36003201090C001105C00281C
:1001B0004ED00E994F8A002119952A460B461E9162
:1001C00021910D9923911D99209705E02197209F5A
:1001D000401E1032002822D0022415594E1BBE4268
:1001E000F6D8941F24882293DFB27F005DABDC53E6
:1001F0009379012B08D1138821994F1CCCB264004C
:1002000045A90B531D9900E0219F229B5B1C239C59
:10021000A642DBD21F9CA5601E952396D6E71F98A9
:1002200003732293DCB2032C15D3A51E03212846A9
:1002300008F0E8FE491C0329239101D100202390F6
:10024000601E0A95022D1C9407900FD20120B1E088
:100250001E93229301E00F9B199D339802210143C5
:1002600033911E4618461F460B93D1E20C912399F9
:10027000401A20900027012009E0324651005DAA73
:100280005552C01CFF1C20998F4200D18FE04100C5
:100290005DAA555A034601465A005DACA218941E49
:1002A0002488AC421E4620D914804B1E00221C0616
:1002B0001AD0DEB273005DACE3189C1E2488AC42F9
:1002C00013D91C808B1E1C060ED0DEB273005DACF1
:1002D000E3189C1E2488AC4207D91C80C91ECBB2EF
:1002E000002B1646D8D100E0164671005DAA555283
:1002F000411C4B00D55A0B464A005DACA418A21E07
:100300001688AE420A4620D92680591E00260A06C3
:100310001AD0CAB251005DAC61188C1E2488AC4260
:1003200013D90C80991E0A060ED0CAB251005DACDA
:1003300061188C1E2488AC4207D90C80DB1ED9B210
:1003400000293246D8D100E0324651005DAA55520C
:10035000831C5900555A19465A005DACA418A21EB8
:100360001688AE421A4689D926804A1E00261306F0
:1003700083D0D2B253005DACE3189C1E2488AC42FB
:1003800000D87BE71C808A1E130600D175E7D2B225
:1003900053005DACE3189C1E2488AC4200D86DE786
:1003A0001C80C91ECBB2002B3246D5D166E70C9912
:1003B00003296DD0002208E02E4671005DAC635227
:1003C000801C921C23998A4262D041005DAB5B5A2B
:1003D000074601467C005DAD2C19A51E2D889D4267
:1003E0003E4620D925804C1E002526061AD0E6B2AE
:1003F00074005DAF3C19A71E3F889F4213D9278028
:100400008C1E26060ED0E6B274005DAF3C19A71E06
:100410003F889F4207D92780C91ECFB2002F2E46A2
:10042000D8D100E02E4671005DAC6352012111432A
:10043000239B99422CD0471C79005DAB5B5A39460F
:100440007C005DAD2C19A51E2D889D423E46B4D979
:1004500025804C1E00252606AED0E6B274005DAFA6
:100460003C19A71E3F889F42A7D927808C1E2606CD
:10047000A2D0E6B274005DAF3C19A71E3F889F4230
:100480009BD92780C91ECFB2002F2E46D8D194E722
:100490005DAD28886988AA8840188018401C03210F
:1004A00008F0B0FD02461F98028022990806400E0F
:1004B000012323931940400008902818099100292E
:1004C00008D1811E098800884018450803E0C0460D
:1004D0001406000005881C9C0C920321079808F064
:1004E00091FD481C00230328069000D11846079070
:1004F000201A209006241A4621465DAFFC18FF5AA8
:100500007F1BF8174740381A51AFFE18F852608821
:10051000401BC7177840C01B7080A088401BC417C1
:100520006040001BB080D21C9B1D8C1D2098904207
:10053000E2D106980328079B16D05DA8405A401BBD
:10054000C2175040801A51AA5052012B0CD05DA8FE
:1005500040184088401BC2175040801A51AA5218B8
:100560005080091D9B1EE8D103210A9C204608F0FB
:1005700049FD4A1C032A20921C9901D10020209099
:10058000022C239C00D2A9E00A922098C043401874
:100590001C90002301240AE00846400051A90D5296
:1005A000239CE41CDB1C1C98834200D193E0600078
:1005B00051A90D5A224623942746500051A90818E4
:1005C000811E0C88AC42114620D90480791E00207F
:1005D0000A061AD0C9B24A0051ACA218941E248847
:1005E000AC4213D91480B91E0A060ED0C9B24A0013
:1005F00051ACA218941E2488AC4207D91480FF1E67
:10060000FAB2002A0146D8D100E00146480051A9BB
:100610000D522398471C78000D5A3A46780051A98C
:100620000918881E0488AC42384620D90C80501E18
:10063000002104061AD0C0B2440051AE3419A61EDF
:100640003788AF4213D92780901E04060ED0C0B25F
:10065000440051AE3419A61E3788AF4207D927800F
:10066000D21ED7B2002F0846D8D100E0084640007D
:1006700051A90D522398821C50000D5A1746500064
:1006800051A90918881E0488AC42104685D90C80EF
:10069000781E0021020600D17EE7C0B2420051ACB4
:1006A000A218941E2488AC4200D876E71480B81EA5
:1006B000020600D170E7C0B2420051ACA218941EED
:1006C0002488AC4200D868E71480FF1EFAB2002AE2
:1006D0000846D4D161E70A98032870D0002109E0C8
:1006E0002846400051AB1A52239CA41C891C209818
:1006F000814264D0600051AA125A274623942346AF
:10070000780051AC2418A01E05889542384620D99F
:100710002580581E002504061AD0C0B2440051AEF0
:100720003419A61E3788974213D92780981E0406CD
:100730000ED0C0B2440051AE3419A61E378897427D
:1007400007D92780DB1EDFB2002F2846D8D100E072
:100750002846400051AB1A5201200843209A90428B
:1007600023982CD0471C780051AA125A3B46780097
:1007700051AC2418A01E058895423846B1D9258071
:10078000581E00250406ABD0C0B2440051AE341947
:10079000A61E37889742A4D92780981E04069FD0AA
:1007A000C0B2440051AE3419A61E3788974298D97A
:1007B0002780DB1EDFB2002F2846D8D191E751A851
:1007C000089940180999002905D1811E09880088D7
:1007D0004018470800E007880F9B199D0C9E1F9842
:1007E00047802198C0B2002811D00A971C90012898
:1007F0002AD11C984008400045A9085A1F9A9080A9
:10080000012151730F9B199D0C9E0A9F00E000204F
:1008100013991B9A229C8C54E1B25200129CA7524D
:10082000119CA0521598865203290BD316991E9A33
:100830008A42104600D3084617998A4200D993E4A9
:100840000A4691E41B9C98E41C98841E03212046D0
:1008500008F0D8FB491C0329209101D100202090E9
:10086000022C01D20126A2E009912098C0431C99D4
:1008700040182190002401260AE03846400045A98E
:100880000D52239EF61CE41C2198844200D18AE07C
:10089000700045A90D5E33462396580045A90818F7
:1008A0000121CA43815EA9421F461EDD0180711EDF
:1008B00000200B0618D0CFB2790045AB59188B5EDB
:1008C000AB4212DD0B80B11E0B060DD0CFB279000A
:1008D00045AB59188B5EAB4207DD0B80F61EF3B2B9
:1008E000002B0746D9D100E00746780045A90D52F4
:1008F0002398461C70000D5E3346700045A9091808
:100900008F5EAF4230461EDD0F80581E0027010665
:1009100018D0C0B2410045AE71188E5EAE4212DDF5
:100920000E80981E01060DD0C0B2410045AE711870
:100930008E5EAE4207DD0E80DB1EDEB2002E384634
:10094000DBD100E03846400045A90D522398831CB6
:1009500058000D5E1E46580045A909188F5EAF422B
:1009600018468BDD0F80701E0027010685D0C0B2AF
:10097000410045AB59188B5EAB4200DC7EE70B8033
:10098000B01E010600D178E7C0B2410045AB59184E
:100990008B5EAB4200DC71E70B80F61EF3B2002BDE
:1009A0003846D8D16AE70998032800D121E700200A
:1009B00021900CE03046400045A90C52239EB61C05
:1009C0002199891C20982191814200D111E7700062
:1009D00045A90C5E31462396480045AA1718012503
:1009E000EB43FA5EA24208461EDD3A80701E0027E5
:1009F000010618D0C0B2410045AA5118CA5EA242F1
:100A000012DD0A80B01E01060DD0C0B2410045AA19
:100A10005118CA5EA24207DD0A80F61EF1B2002913
:100A20003846D9D100E03846400045A90C522198FB
:100A3000054320988542239800D1DAE6471C7800C8
:100A400045A90C5E3D46780045A90918CA5EA24238
:100A50003846B0DD0A80681E00260106AAD0C0B262
:100A6000410045AA5118CA5EA242A4DD0A80A81E10
:100A700001069FD0C0B2410045AA5118CA5EA242E9
:100A800099DD0A80ED1EEFB2002F3046DBD192E7F0
:100A900024A81899C1730B98C007059A00D1D4E116
:100AA00017981699401A0E9B998A884204D9339850
:100AB000042101433391C8E135A801881391018ACB
:100AC0001491018C1591008E16900D985D905DAA81
:100AD000002494805F909481619011469482DA881A
:100AE000D86D17901C92002A1D4673D00846083016
:100AF0001B9010311A91179F224608E0239A086034
:100B00008A80521C0C371C9890420E9D62D0239212
:100B100038881399091AEA692046234608F022FD0D
:100B200002460B4608F058FC2190229178881499CF
:100B3000091A2A6A2046234608F014FD02460B468D
:100B400008F04AFC20900E46B8881599091A6A6A7E
:100B50002046234608F006FD02460B4608F03CFC02
:100B60001E901F91F8881699091AAA6A20462346F2
:100B700008F0F8FC02460B4608F02EFC219A209B58
:100B8000D218229B5E411E9BD2181F9B5E411218F9
:100B90004E4180326641300A0D9802D13006110A6A
:100BA00008185D9A5DA9904203D35F9988421B990A
:100BB0000AD25F9B609D6295619390429ED25D9A3E
:100BC0005E9B60935F9299E7619988421A99239A94
:100BD00095D396E7E86A18900020FB4906462090D6
:100BE0000246034623902290219003E0761C032EB8
:100BF00020467AD01B901C931E921F91F1005DAA93
:100C00005058189B984200D8189851188B88012189
:100C10008C07844207D9A208904205D22209A40970
:100C20009042F6D300E0224619960C245C43179BB1
:100C30001B191A93002A26D0002101E092091FD027
:100C40008B184908984200D38918940818D0C31A01
:100C500000D318460B194908984200D30919140902
:100C60000ED0C31A00D318460E194908851B0B195C
:100C7000B04202D32846E1D300E0DFD31946DDE7D6
:100C8000012900D80121D14808F0BCF90646002509
:100C90002398801923902298684122901A9C2789D2
:100CA0003846294632462B4608F096FB209A821891
:100CB00020922198484121900A20205E3C46C1178D
:100CC00032462B4608F088FB1E9A82181C9B4B412B
:100CD0001F9880B28742394600D301461B9880B2E4
:100CE0008442199E82D8044680E7239F3846229E7C
:100CF000304300D1A8E01C931E921F917808F107A1
:100D00004018720820990818219951413A463346F3
:100D100008F032FC24A9C88081B20E9A938E9942C1
:100D200002D3D38E994202D924A9CB801846192226
:100D30001B9080B24B218900401A1C9B00D2284690
:100D400019921101219124AF38811E981946239AD6
:100D5000334608F007FC22972090B88123950E9D1A
:100D60002E6C6A6CF0171E9054202F5A1A97288FF9
:100D70001399081AD317C11708F02EFB3A46239B84
:100D800008F0F0FB0F4680191C901E984741688FB1
:100D90001499081AAA6CD317C11708F01DFB1A9EE4
:100DA0003246239B08F0DEFB1C9A10181E907941F6
:100DB0001C91A88F1599081AEA6CD317C11708F06F
:100DC0000BFB37463246239B08F0CCFB0E461E9A9F
:100DD00010181E901C984641E88F1699081A2A6D23
:100DE000239DD317C11708F0F7FA3A462B4608F0AF
:100DF000B9FB0F461E9908187741EB43CC4A111AEC
:100E00001946B941394600DB194600DB10462D2250
:100E100012040125831A0B46239EB3410EDB1046B4
:100E20002A460DDA002A00D111460A22239B08F037
:100E3000D3FA002F1E952CDABE492BE02A46F1DBAF
:100E4000239A002AF0D0F0E7059A907C012807D178
:100E5000019800681D990E1A0E98008B864205D9DC
:100E60003398402101433391002549E1B548039966
:100E7000091824AC4422204608F014FC01256580A2
:100E800000206070207133986902014333912686F7
:100E900036E1E9034018C117090C4018060C229DE1
:100EA0006E811F98201A1F90E8855D9C7D20C200EE
:100EB0002046239F39463B4608F08EFA1E9AD205FB
:100EC000801879410902000E4018A8852098301A30
:100ED00001B2C9134840411A08B2219AC732209082
:100EE000904205DC89B2944A4A43910C6422571A15
:100EF00022988773059BD9794A001B989852491C00
:100F00008E4A4A43120C109D5543491BD9719A7958
:100F1000022A239905D8511C059B9971911E4A1EDE
:100F2000914135AE337B77880122972F154600D348
:100F3000239D032B00D8239A062B239803460ED318
:100F4000BBB2642B03460AD8337F062B034606D375
:100F500035AB5B8A652B01D3002300E001232A40D7
:100F60003C9DEDB2032D02D82398054601E00125F2
:100F700023982A40012A054606D135AA528A972A83
:100F800001D3002500E00125002B239802460CD058
:100F9000009A1278062A024607D335AA528C652A8F
:100FA00001D3002200E001222398002D0346009D7A
:100FB00010D02B78042B03460CD335AB5B8C972BCE
:100FC00006D3002305E0C046FFFF000000CA9A3B9D
:100FD00001232398002A02460BD02A7C062A0246C7
:100FE00007D335AA528E652A01D3002200E00122E0
:100FF0002398002B03460BD02B7C042B034607D3EE
:1010000035AB5B8E972B01D3002300E0012323989F
:10101000002A02462BD00E9A156B1F9886B200222A
:101020002198864201D8164600E00126AC42049D74
:1010300000D835460D43239819D105990D88498864
:10104000A9420A4600D32A4600D82946059DAD8804
:1010500095422E4600D316468D4200D80D46A91B58
:1010600089B2972901D3002200E001222398344954
:101070008C4200D201200340012B10D1002A10D154
:101080001F9881B219984301994213D824A90123CA
:101090004B710B70339920230B43339307E0002AE5
:1010A00008D024A902234B71FF2302330B800021B7
:1010B000049108E024A900234B7101230B7033999C
:1010C00010230B433393002101252098FB28284649
:1010D00000DB0846104024AAD07010711D9C349487
:1010E0001186049800280BD116480399081824A9E2
:1010F000442208F0D7FA0198046001250598857408
:10110000C520C000039C201824A9442208F0CAFA74
:10111000059E7574029AC520C0002118442310460C
:101120001A4608F0BFFA717C0120084069B0F0BD92
:101130000000D3FF0080FFFFABAA0000565500005F
:10114000CECCCC006C060000F0B5A1B00246002069
:10115000002A01D100F0BDFE546A002C01D100F03C
:10116000B8FE957A2B0604D0916A002901D100F0CF
:10117000B0FE209403491C921468002620070A46FA
:1011800003D501E03288DB0E32460595014F60073A
:1011900003D501E019C46D0737461A93014DE006E7
:1011A00003D501E06410B71D35461E951B961C98AB
:1011B000C1681F91064610364ACEC0697A40024D7A
:1011C000A7062F4603D501E0C8206E3B1B9F04975E
:1011D000050C1895050A1795350C1495350A1395C5
:1011E0001D0C10951D0A0F950D0C0C950D0A0B95F5
:1011F0001F9F3D0C08953D0A0795270C0297270A6B
:1012000001971E9D6A40034FE5430395E50704D00F
:1012100002E0C0462083B8ED1B9F00971C9FFD880D
:101220001E953D6A1D95050E1995189DEDB21895F0
:10123000179DEDB21795C0B21690300E1590149808
:10124000C0B214901398C0B21390F0B21290180E5E
:1012500011901098C0B210900F98C0B20F90D8B2F1
:101260000E90080E0D900C98C0B20C900B98C0B266
:101270000B90C8B20A901F99080E09900898C0B246
:1012800008900798C0B20790C8B20690200E029945
:10129000C9B2019BDBB2049D6A40FF25ED43039E6A
:1012A0002E437608009D6E407508A407014C04D5B6
:1012B00002E0C0462083B8ED1B9C6540AC0962404B
:1012C000B406E417FC4E34405440AA06D217FB4F34
:1012D0003A40624053401A07D217F94C22405C074B
:1012E000E417F84E34405440DA06D517F64A154054
:1012F00065409A06D217F54C22406A4001261C46EA
:10130000344064423C405D0865406C089B07DB1735
:101310003B4063409C095440AA06D217E64D2A4040
:1013200062409B06DB173B40534059400A07D217E7
:10133000E34B1A404B07DB17E24C23405340CA06ED
:10134000D417E14A14405C408A06D217DF4B1A409A
:1013500062400B4633405B423B404C085C406308B4
:101360008907C917394059408B095340A206D21743
:101370002A405A408906C917394051404840010760
:10138000C917CF4A11404207D217CE4B1A404A40E4
:10139000C106CB17CC4C234053408106C917CB4A1A
:1013A000114059400246324052423A4043085340AD
:1013B0005A088007C0173840504082094A409906B1
:1013C000C917294051408006C017384048401C9D2D
:1013D000A98806F021F81E9906F01EF8297A4140E6
:1013E0004807C017B74A10406A7A42400807C0173A
:1013F000B34F38405040CA06D217224042408806B8
:10140000C317B24803405340084630404042AB4CFB
:1014100020404A08424050088907C91721404140EE
:10142000880958404307DC17A64B1C40059BDBB2DC
:1014300005935C400307DB173B4063409206D217DD
:101440009D4C22408906C9179C4F3940514041406C
:10145000CA06D2179C4C22405A408B06DB179B4C85
:101460002340534082071F9630404042384049088D
:1014700041404808D2173A4042409009584043073B
:10148000DB17904C2340EC7A5C400307DB178C4F52
:101490003B4063408906CC1787490C409106C91729
:1014A000864D294061404140CA06D417864A1440FF
:1014B0005C408A06D217854B1A4062408307304051
:1014C00040422840490841404808DB172B402E463F
:1014D0004340980950400207D4173C404207D217B6
:1014E000784D2A4062408906CC17734D2C409906EE
:1014F000C9173140374661404140CB06DB17724C7B
:10150000234053408A06D217704C22405A4083072A
:101510001F9E304040423840490841404808DB1790
:101520003B404340980950408906C9172940414033
:101530009806C01738403C464840069B4340180771
:10154000C0175F4D28405907C9175E4A11404140F6
:10155000D806C2175C4802404A409806C0175B494B
:101560000840504019463140494239405A084A40E3
:1015700051089B07DB173B404B40990941409006BF
:10158000C0174D4A104048409906C917394041409C
:10159000079B4B401807C01728405907C917494FE8
:1015A00039404140D806C217474802404A40980691
:1015B000C017464D2840504019463140494221400D
:1015C0005A084A4051089B07DB1723404B409909B2
:1015D00041409006C017384A104048409906C91744
:1015E00021404140089B4B401807C0173449084030
:1015F0005907C91739404140D806C217324802403E
:101600004A409806C0172840504019463140494288
:1016100021405A084A4051089B07DB1723404B40A2
:10162000990941409006C017234A10404840990646
:10163000C91721404140099B4B401807C01720495A
:1016400008405907C91739404140D806C2171E48FB
:1016500002404A409806C017284050401946314081
:10166000494221405A084A4051089B07DB17234052
:101670004B40990941409006C0170F4A104048401E
:101680009906C917214041400A9B4B401807C017D3
:101690000B4908405907C91739404140D806C217BD
:1016A000094802404A409806C01728405040194651
:1016B000314049420CE0C0469041DC762083B8EDD1
:1016C0003288DB0E19C46D076410B71DC8206E3B4D
:1016D00021405A084A4051089B07DB1723404B40E2
:1016E000990941409006C017FC4A104048409906AD
:1016F000C917214041400B9B4B401807C017F849C0
:1017000008405907C91739404140D806C217F54863
:1017100002404A409806C0172840504019463140C0
:10172000494221405A084A4051089B07DB17234091
:101730004B40990941409006C017E84A1040484084
:101740009906C917214041400C9B4B401807C01710
:10175000E34908405907C91739404140D806C21724
:10176000E04802404A409806C017284050401946B9
:101770003140494221405A084A4051089B07DB1733
:1017800023404B40990941409006C017D34A10406E
:1017900048409906C917214041400D9B4B4018070E
:1017A000C017CF4908405907C91739404140D806EA
:1017B000C217CC4802404A409806C0172840504003
:1017C00019463140494221405A084A4051089B0776
:1017D000DB1723404B40990941409006C017BF4A90
:1017E000104048409906C917214041400E9B4B408C
:1017F0001807C017BA4908405907C917394041406E
:10180000D806C217B74802404A409806C017284079
:10181000504019463140494221405A084A40510837
:101820009B07DB1723404B40990941409006C017A6
:10183000AA4A104048409906C917214041400F9BD1
:101840004B401807C017A64908405907C917394027
:101850004140D806C217A34802404A409806C01724
:101860002840504019463140494221405A084A40D8
:1018700051089B07DB1723404B40990941409006D4
:10188000C017964A104048409906C9172140414068
:10189000109B4B401807C017914908405907C917BA
:1018A00039404140D806C2178E4802404A40980647
:1018B000C0172840504019463140494221405A083B
:1018C0004A4051089B07DB1723404B409909414090
:1018D0009006C017814A104048409906C917214018
:1018E0004140119B4B401807C0177D4908405907DC
:1018F000C91739404140D806C2177A4802404A40C9
:101900009806C017284050401946314049422140AE
:101910005A084A4051089B07DB1723404B4099095E
:1019200041409006C0176D4A104048409906C917BB
:1019300021404140129B4B401807C017684908409E
:101940005907C91739404140D806C21765480240B7
:101950004A409806C0172840504019463140494235
:1019600021405A084A4051089B07DB1723404B404F
:10197000990941409006C017584A104048409906BE
:10198000C91721404140139B4B401807C0175449C9
:1019900008405907C91739404140D806C217514D70
:1019A0002A404A409806C0174F49084050401946FF
:1019B0003140494221405A084A4051089B07DB17F1
:1019C00023404B40990941409006C017434A1040BC
:1019D00048409906C91721404140149B4B401807C5
:1019E000C0173F4908405907C91739404140D80638
:1019F000C2172A404A409806C0173B490840504049
:101A000019463140494221405A084A4051089B0733
:101A1000DB1723404B40990941409006C0172F4ADD
:101A2000104048409906C91721404140159B4B4042
:101A30001807C0172A4908405907C91739404140BB
:101A4000D806C2172A404A409806C01726490840BF
:101A5000504019463140494221405A084A405108F5
:101A60009B07DB1723404B40990941409006C01764
:101A70001A4A104048409906C91721404140169B18
:101A80004B401807C017164D28405907C917394051
:101A90004140D806C217134802404A409806C01772
:101AA00011490840504019463140494221405A08E6
:101AB0004A4051089B07DB1723404B40990941409E
:101AC0009006C017054A104048409906C9172140A2
:101AD0004140179B4B40180708E0C0469041DC7618
:101AE0003288DB0E6410B71DC8206E3BC01728403B
:101AF0005907C91739404140D806C217F948024072
:101B00004A409806C017F6490840504019463140EF
:101B1000494221405A084A4051089B07DB1723409D
:101B20004B40990941409006C017EC4A104048408C
:101B30009906C91721404140189B4B401807C01710
:101B400028405907C91739404140D806C217E5480F
:101B500002404A409806C017E149084050401946E3
:101B60003140494221405A084A4051089B07DB173F
:101B700023404B40990941409006C017D74A104076
:101B800048409906C91721404140199B4B4018070E
:101B9000C01728405907C91739403D464140D8066B
:101BA000C217D04802404A409806C017CC490840A6
:101BB000504019463140494221405A084A40510894
:101BC0009B07DB1723404B40990941409006C01703
:101BD000C24A104048409906C917214041401D980B
:101BE000C2B24A405008114631404B42274623407A
:101BF000434058089107CE1726404640B0091B9035
:101C00005007C4172C401007C017B7490840D50625
:101C1000ED17B4490D409206D217B1490A409B0610
:101C2000DB17AE490B40B606F6173E4060406840F1
:101C300050401B994840584070401D99090ACAB24B
:101C40004240500811461F9B19404B423B404340C5
:101C500058089107CE173E404640B0091B905007E8
:101C6000C417A24804401007C0179F490840D50672
:101C7000ED179C490D409206D21799490A409B06E0
:101C8000DB1796490B40B606F6173E4060406840A9
:101C900050401B994840584070401D99090CCAB2E9
:101CA0004240500811461F9B19404B423B40434065
:101CB00058089107CE173E404640B0091B90500788
:101CC000C4178A4F3C401007C01787490840D50603
:101CD000ED1784490D409206D21781490A409B06B0
:101CE000DB177E490B40B606F6177B4F3E4060403F
:101CF000684050401B994840584070401D990A0E5A
:101D00004240500811461F9B19404B423B40434004
:101D100058089107CE173E404640B7095007C417F0
:101D2000724804401007C0176F490840D506ED17E8
:101D30006C490D409206D21769490A409B06DB1791
:101D400066490B40B606F61763490E40604068408E
:101D500050401E9A784058407040002A72D0209C13
:101D60001E922094218805F057FB618805F054FBF2
:101D7000A18805F051FBE18805F04EFB217A414036
:101D800048080A461F9B1A405242534C2240424088
:101D900050088B07DB172340434098091D904807E4
:101DA000C417524804400807C5174F480540C806E5
:101DB000C6174C4806408806C71749480740900692
:101DC000C017464908409906C917434A1140209A4E
:101DD000527A62406A4072407A401D9B5A404140AC
:101DE0005140480813461F9C23405E423A4D2E4006
:101DF000464070089307DC172C404440A709500761
:101E0000C5173A4805401007C017374A1040CA06A0
:101E1000D217344B1A408906C917314B1940B60600
:101E2000F6172E4B1E40A406E4172B4B1C406840AF
:101E300050401E9A4840784070406040209C0A34D0
:101E4000521E8DD11A99002942D005461C98806AED
:101E50002090059F781E032107F0D4F8491C002626
:101E600003290C4600D13446032F28461CD31F916A
:101E70003D1B0026209F398805F0CEFA798805F0B1
:101E8000CBFAB98805F0C8FAF98805F0C5FA39899E
:101E900005F0C2FA798905F0BFFAF61C0C37B54295
:101EA000E9D11F99032913D0B100209A5518298828
:101EB00005F0B2FA698805F0AFFA012C08D0A988BC
:101EC00005F0AAFAE98805F0A7FA0835A41EEED1B4
:101ED000C04321B0F0BDC0462083B8ED9041DC7610
:101EE000C8206E3B6410B71D3288DB0E19C46D0725
:101EF000F0B5A9B015460291064600200B9010A936
:101F0000325C0A54002A6FD00B1831184C7810AA92
:101F10005C70002C6ED013188C7810AA9C70002C6A
:101F20006ED01318CC7810AADC70002C6ED0131869
:101F30000C7910AA1C71002C6ED013184C7910AAC1
:101F40005C71002C6ED013188C7910AA9C71002C37
:101F50006ED01318CC7910AADC71002C6ED0131837
:101F60000C7A10AA1C72002C6ED013184C7A10AA8E
:101F70005C72002C6ED013188C7A10AA9C72002C04
:101F80006ED01318CC7A10AADC72002C6ED0131805
:101F90000C7B10AA1C73002C6ED013184C7B10AA5B
:101FA0005C73002C6ED013188C7B10AA9C73002CD1
:101FB0006ED01318CC7B10AADC73002C6ED01318D3
:101FC0000C7C10AA1C74002C6ED013184C7C10AA28
:101FD0005C74002C6ED01218897C917400296FD02B
:101FE00013305F288BD175E05F21091A10AA1018F1
:101FF000401C6AE05E21091A10AA1018801C64E0D7
:102000005D21091A10AA1018C01C5EE05C21091A93
:1020100010AA1018001D58E05B21091A10AA101808
:10202000401D52E05A21091A10AA1018801D4CE0D8
:102030005921091A10AA1018C01D46E05821091A82
:1020400010AA1018083040E05721091A10AA1018D9
:1020500009303AE05621091A10AA10180A3034E063
:102060005521091A10AA10180B302EE05421091A14
:1020700010AA10180C3028E05321091A10AA1018C1
:102080000D3022E05221091A10AA10180E301CE05F
:102090005121091A10AA10180F3016E05021091A00
:1020A00010AA1018103010E04F21091A10AA1018A9
:1020B00011300AE04E21091A10AA1018123004E05B
:1020C0004D21091A10AA10181330022902D3491EF3
:1020D00007F007FA03965F2110A8002201910992E8
:1020E0004254BA4F02E02C218170C01C01780929AA
:1020F00007D03B2905D000291ED079184978C90698
:1021000001D52C2101704178092907D03B2905D040
:10211000002911D079184978C90601D52C214170C0
:1021200081780929DFD03B29DDD0002904D0791836
:102130004978C906D7D4D8E70495F04910A806F025
:10214000D7FE002800D181E20546012609980790B4
:1021500005900690089609E0099000242046E7497A
:1021600006F0C6FE0546002800D1C9E128780028FF
:1021700019D06D1C38184078C00611D52878002871
:1021800011D038184078C0060DD56878002809D0DD
:1021900038184078C00605D5A878ED1C0028E9D18C
:1021A0006D1E00E06D1C284607F028F92818A8428B
:1021B00017D9411E0A78BA185278D20611D5A94209
:1021C00012D9821E1378FB185B78DB060CD5AA4265
:1021D00009D9C01E017879184978C9061146E6D494
:1021E00002E0014600E0114600200A9008702878BD
:1021F0000028B2D03D282C463FD0691C01220C4655
:10220000002A0FD02278002A0CD03D2A35D06278DF
:10221000002A07D03D2A1BD0A278E41C3D2AEFD12A
:10222000641E2AE03A282C4627D00122002A11D029
:102230000A78002A0ED03A2A1CD04A78002A09D0FF
:102240003A2A19D08A78C91C3A2AEFD14C1E14E0D8
:10225000641C12E00599032900D97EE738184078FC
:10226000800700D479E70599481C89000CAA5550CD
:10227000059072E70C4600E04C1C0A982070287804
:10228000002819D06D1C38184078C00611D5287860
:10229000002811D038184078C0060DD5687800287D
:1022A00009D038184078C00605D5A878ED1C00285C
:1022B000E9D16D1E00E06D1C284607F09FF8281834
:1022C000A84217D9411E0A78BA185278D20611D5F9
:1022D000A94212D9821E1378FB185B78DB060CD555
:1022E000AA4209D9C01E017879184978C906114651
:1022F000E6D402E0014600E011460A9808706078D2
:10230000002818D0A41C38184078C00611D52078B1
:10231000002811D038184078C0060DD56078002804
:1023200009D038184078C00605D5A078E41C0028EC
:10233000E9D1641E00E0641C204607F05FF8201815
:10234000A04217D9411E0A78BA185278D20611D580
:10235000A14212D9821E1378FB185B78DB060CD5DC
:10236000A24209D9C01E017879184978C9061146D8
:10237000E6D402E0014600E011460A980870297888
:1023800000292ED0284605E08170C21CC1780029A2
:1023900010461DD00A46613AD2B21A2A00D220391C
:1023A00001704178002913D00A46613AD2B21A2A44
:1023B00000D2203941708178002909D00A46613A5B
:1023C000D2B21A2AE0D22039DEE7C04660A100006E
:1023D0002878492805D16878442802D1A8780028AF
:1023E00017D02846DD4906F003F9002811D0284609
:1023F000DB4906F0FDF800280BD02846D94906F045
:10240000F7F8002805D02846D74906F0F1F800284B
:102410003BD1601C411E0A78B9184978401CCB0694
:10242000F8D4861E302A09D1421E12782023134385
:10243000782B03D10178791849780646880723D587
:1024400028A91022304604F001FD289AB2421BD080
:1024500011787B185B78DB060AD551787B185B789E
:10246000DB0605D591787B185B78D21CDB06EFD4B0
:10247000B94A904201D901220A92089A00291146CC
:1024800000D10A99012934D1089E2846B74906F09F
:10249000AFF8002823D02846B54906F0A9F800284F
:1024A0001DD02846B34906F0A3F8002817D02846C7
:1024B000B14906F09DF8002811D02846AF4906F032
:1024C00097F800280BD028784D2800D045E668788A
:1024D0004D2800D041E6A878002800D03DE60BA9A1
:1024E000204605F055F90028304600D034E609981A
:1024F00032E60690089E07962FE6C04628A5000003
:102500000598022800D20124079D28460999084011
:10251000C007304600D12046002815D10398017825
:102520007A185278401CD206F9D40A46613A1A2A1F
:1025300000D22039502907D100782C2800D189E019
:102540003038092800D885E0069CE8077ED0099835
:10255000C0077BD07421049D284606F0C2FF0120ED
:1025600028706C800F20204028710B98A86002987A
:10257000E860122003990B181A46123A1278002AC2
:1025800000D1B4E01A46113A1278002A00D1B0E026
:102590001A46103A1278002A00D1ACE01A460F3AD7
:1025A0001278002A00D1A8E01A460E3A1278002AC2
:1025B00000D1A4E01A460D3A1278002A00D1A0E01A
:1025C0001A460C3A1278002A00D19CE01A460B3ABF
:1025D0001278002A00D198E01A460A3A1278002AA6
:1025E00000D194E01A46093A1278002A00D190E00E
:1025F0001A46083A1278002A00D18CE0DA1F1278C5
:10260000002A00D189E09A1F1278002A00D186E0C2
:102610005A1F1278002A00D183E01A1F1278002A6C
:1026200000D180E0DA1E1278002A7ED09A1E12783D
:10263000002A7CD05A1E1278002A7AD00A5C002A1E
:1026400078D01330712896D1019873E00026049851
:10265000067078E0E80702D0069C35463CE00C980E
:10266000401C411E0A78B9184978401CCB06F8D4A2
:10267000851E302A09D1421E127820231343782B5D
:1026800003D101787918497805460020079088071A
:1026900020D528A91022284604F0D8FB0446289803
:1026A000A84217D001787A185278D2060AD5417814
:1026B0007A185278D20605D581787A185278C01CDB
:1026C000D206EFD44D424D412348401C84423DD3B5
:1026D00000203CE0069C079D0998C00701D00996A0
:1026E00033E70D980BA905F053F809902DE7123840
:1026F00020E011381EE010381CE00F381AE00E38C8
:1027000018E00D3816E00C3814E00B3812E00A38E7
:1027100010E009380EE008380CE0C01F0AE0801F06
:1027200008E0401F06E0001F04E0C01E02E0801E1B
:1027300000E0401E28741135C4B22846224606F037
:10274000B1FF00202855304629B0F0BD01200540DA
:10275000C2D1069CC0E7C046FFFF0000F6A40000FF
:1027600096A400000EA50000D7A40000E7A4000076
:102770006BA40000AEA40000D1A400007DA4000062
:10278000F0B5FFB0A4B01E4602911090A8980A9030
:102790008000E9490D585C1E1192D01E182101914C
:1027A00006F07AFAC1178843011B15910D952D1972
:1027B0000E9081001496B0000F91081ADF4940185E
:1027C000061D002766ACAF420DDC1598C01903D476
:1027D000306806F09DFD01E00020014603C47F1C27
:1027E0000034361DEFE71498C00066A94018083879
:1027F00000230D9FBB4224DC129300251390074653
:10280000109C2E461595149886420FDA03CC0CCFF7
:10281000083F083C05F0E8FE159A2B4603F03DFE04
:1028200015900D46761C0834083FECE7129BD80043
:1028300016A90A18159C0C5055605B1C139808309B
:10284000D7E71720C0430E9948431199411808460D
:10285000183809903020401A04902F200591401A12
:1028600003900F98B54908180F9016A808380890DB
:102870008FA8011FB800079108180690F80016A944
:102880000A180B58526808990E188FA815900E97C1
:10289000384601282ADB3746002613901846114691
:1028A000129232461193A64B05F09EFE06F046FAB0
:1028B00006F02EFD04460D4632463E46A14B05F07D
:1028C00093FE119A129B03F0E8FD06F037FA159972
:1028D00001C1159103CF22462B46083F03F0DDFDD1
:1028E000034613980A46401E083ED2E71846114692
:1028F000099F3A4604F0BAFF05460E46FF208305BD
:1029000000242846224605F06FFE04F063F90C947B
:1029100022468D4B05F068FE2A46334603F0BDFD86
:1029200004460D4606F00AFA064606F0F1FC024699
:102930000B462046294603F0ABFD0446012F1591B6
:102940005FDB0E9880008FA90818001F01680A46F7
:10295000049B1A4196190B969A40891A01600398B4
:1029600001410D9E794D0C9101295ADB13940024ED
:102970008FA821460E9A91420EDA0268002C2B464F
:1029800002D1002A06D06B1C9A1A02600124491C4D
:10299000001DEFE70024FAE7099801280B996C4F16
:1029A00010DB059819286B4803D005981A2809D11F
:1029B00069480E9989008FAA5118091F0A680240B8
:1029C0000A600B99491C0B910C98022828D1002011
:1029D0003946139A159B03F05BFD054602200C90C7
:1029E000002C00D184E000200C463946099A04F0FE
:1029F0003DFF02460B462846214603F049FD0446AA
:102A000010E00B96002FF54D69D020460C9AF44B40
:102A100006F0ABF800280D9E03D002200C90A5E72D
:102A2000139C15990025204627460C462A462B461E
:102A300006F080F800285DD00E9CA00007990918C8
:102A40002246B24204DD521E0B681D43091FF8E7FF
:102A5000002D0699224663D10868521C091F0028E0
:102A6000FAD014980019C00066A90D181192601CC4
:102A7000944232DA129080000F99085806F048FC10
:102A8000149AA218D20066AB9C189850616000237B
:102A900013952C46109F19461D461498814212DA50
:102AA00038681591796822681E46636805F09CFDB8
:102AB00032462B4603F0F1FC03460D461599491C9E
:102AC0000837083CE9E7129CE00016A90A180B50E9
:102AD0005560139D0835119AC9E71746CEE60E9842
:102AE00080008FA90818001F0068C1150D9E3AE7E5
:102AF0002C4697E70198059E821B3846214604F034
:102B0000B5FE05460C460022B74B06F02EF800280D
:102B100024D12846214606F011F906460E9C3AE0DB
:102B20008FA90818001F099A183A641E0168001F2F
:102B30000029F9D033E0C046F0A300004CA000000B
:102B40000000703E000070C1000020C0FFFFFF00C9
:102B50000000F03FFFFF7F00FFFF3F000027A34B77
:102B6000284621463A4605F03FFD06F0E7F80646BE
:102B700006F0CEFB9E4B3A460E9F05F035FD2A46E9
:102B8000234603F08AFC06F0D9F8B9008FAA50500A
:102B90007C1C05980990A0008FA90E50099A00206E
:102BA00090490F9004F062FE0646A0008FAA12180A
:102BB000E50016A8109547190E94002C19D4159409
:102BC00010680C46154606F0A3FB02460B4630463D
:102BD000214605F009FD03C7002230462146834BFC
:102BE000083F05F001FD0646159C641E2A1F083F9C
:102BF000E3E716A8109942180E9F3B46002B0A994E
:102C00000D982ED41293F91A8842149000DB149177
:102C10001191002313921746764C19461D461498BD
:102C2000814212DC2068159161683A681E467B6813
:102C300005F0DAFC32462B4603F02FFC03460D4626
:102C40001599491C08340837E9E71198C0003EA9D6
:102C50000A180B505560129B5B1E139A083A0E9F80
:102C6000CCE7481E02281FD3002955D0032900D0E5
:102C7000AEE03EA810990C18083C3846002859DDF3
:102C800006F040FC02460F462846314615463B46B4
:102C900003F0FEFB06F0EBFCA0C40E9F206015982D
:102CA0006160401E103CE9E7FE0000242546002F2D
:102CB0000CD43EA8811982594B682046294603F05E
:102CC000ECFB04460D467F1E083EF0E701260C98FB
:102CD0000028284601D0F007684002990C6048603F
:102CE0003E983F9922462B4603F0D2FB3EAC083477
:102CF0000E9DAE4206DC0CCC083C03F0CEFB761CED
:102D00000834F6E70C9A002A02D00122D20751407B
:102D1000029A9060D1605BE0F8003EA90C18002098
:102D20000146002F22D40CCC083C03F0B6FB7F1EDA
:102D3000083CF6E73EA810990C18083C38460128D4
:102D40001DDD06F0DFFB07460B46284631463A46B6
:102D50001D4603F09DFB06F08AFC27600E9F656010
:102D6000A0601598E160401E083CE8E70C9A002A34
:102D700002D00122D2075140029A03C228E00F98E4
:102D80000146022F0ADB3EAA109C131912595B68F8
:102D900003F083FB7F1E083C1094F2E706463F9841
:102DA0003E9A0C9B002B0CD00123DB075840409C23
:102DB000419D5D405940029B1A601A1D71C25961C4
:102DC00006E0409B419C029D2A602A1D59C2696110
:102DD00007210B9808407FB024B0F0BDFFFFFF0033
:102DE0000000E03F0000F03F000070410000703E36
:102DF000000070C120A30000F0B591B005469920F5
:102E0000C143084699301090002D00D113E304917E
:102E10006D20C000281802906920C0002818019079
:102E200021200001281809901F200001281808906F
:102E30007D4E7E4F296810AC0E94204603F0B0F80A
:102E4000A988204604F092F9E988204604F08EF91A
:102E5000287A1099414001220F92084610404342BF
:102E600048083340434058088A07D4173440444048
:102E7000A0090D904807C6173E400807C0176C4AC6
:102E80001040CF06FF176B4A17408906C9176A4AD8
:102E900011409B06DB17694A1340A406E417624AF7
:102EA00014407040784048400D9948405840604078
:102EB0006A7A424010460F990840434250085A4EE1
:102EC0003340434058089107CC1734404440A00990
:102ED0000D905007C617554806401007C0175449B3
:102EE0000840D706FF1753490F409206D2175249A0
:102EF0000A409B06DB1751490B40A406E4174A49D8
:102F00000C407040784050400D9948405840604017
:102F1000AA7A424010460F99084043425008424E58
:102F20003340434058089107CC1734404440A0092F
:102F30000D905007C6173D4806401007C0173C4982
:102F40000840D706FF173B490F409206D2173A496F
:102F50000A409B06DB1739490B40A406E4173249A7
:102F60000C407040784050400D99484058406040B7
:102F7000E97A414008460F9A1040434248082A4ED9
:102F80003340434058088A07D41734404440A009CE
:102F90000D904A07D617254806400A07D21724483D
:102FA0000240CF06FF17234807408906C917224869
:102FB00001409B06DB1721480340A406E4171A488A
:102FC000044072407A404A400D9842405A40624064
:102FD0001092E9680E9C204602F0E2FF2969204623
:102FE00002F0DEFF6969204602F0DAFFA969204697
:102FF00002F0D6FFE969204602F0D2FF296A204696
:1030000002F0CEFF696A204602F0CAFFA96A204694
:1030100002F0C6FFE96A204602F0C2FF04200395D1
:103020002F462C460CE0C0462083B8ED19C46D072E
:103030003288DB0E6410B71DC8206E3B9041DC76F1
:103040000D940E90384680300C90384630300B90FE
:103050003020385C109B434018460F990840454289
:103060005808F64A1540454068089907CC1714409F
:103070004440A0090A905807C217F54802401807B3
:10308000C117F2480140D806C017EF4E30409B06EA
:10309000DB17EC4E3340AD06ED17E94E3540A40684
:1030A000E417E64E34405140414059400A984140AF
:1030B000694061400B9842784A4010460F99084099
:1030C000434250083340434058089107CC173440DE
:1030D0004440A0090B905107CD17DD48054011076A
:1030E000C917DA480140D606F617D74806409206B7
:1030F000D217D44802409B06DB17D1480340A406F0
:10310000E417CE4804406940714051400B9841405B
:10311000594061400D9C1091798E10AD284604F005
:1031200025F8796B284602F03BFFB96B284602F080
:1031300037FFF96B284602F033FF396C284602F05E
:103140002FFF796C284602F02BFFB96C284602F05D
:1031500027FFF96C284602F023FF396D284602F05C
:103160001FFF796D284602F01BFFB96D284602F05B
:1031700017FFF96D284602F013FF396E284602F05A
:103180000FFF796E284602F00BFFB96E284602F059
:1031900007FFF96E284602F003FF7034396F2846A6
:1031A00002F0FEFE796F284602F0FAFEB96F28465B
:1031B00002F0F6FEF96F284602F0F2FE8020395840
:1031C000284602F0EDFE0C9E7168284602F0E8FEEB
:1031D000B168284602F0E4FEF168284602F0E0FEFD
:1031E0003169284602F0DCFE7169284602F0D8FEFB
:1031F000B169284602F0D4FEF169284602F0D0FEFB
:103200000E98401E274600D01AE7089C218810AD72
:10321000284603F0ABFF6188284603F0A7FFA1888A
:10322000284603F0A3FFE188284603F09FFF218989
:10323000284603F09BFF6189284603F097FFA18988
:10324000284603F093FFE189284603F08FFF218A87
:10325000284603F08BFF618A284603F087FFA18A86
:10326000284603F083FFE18A284603F07FFF218B85
:10327000284603F07BFF618B284603F077FFA18B84
:10328000284603F073FFE18B284603F06FFF099C8B
:103290002188284603F06AFF6188284603F066FF0C
:1032A00085208000039908180590049C059807194B
:1032B0009A200F90395A10AD284603F057FF9C20F2
:1032C0000E90395A284603F051FF9E200D90395A2E
:1032D000284603F04BFFA0200C90395A284603F0F3
:1032E00045FFA2200B90395A284603F03FFFA42047
:1032F0000A90395A284603F039FFA6200990395A16
:10330000284603F033FFA8200890395A284603F0D6
:103310002DFFAA200790395A284603F027FFAC203A
:103320000690395A284603F021FFAE26B95B28469D
:1033300003F01CFF1634B9D14648039908180590CC
:10334000049D059847190F98395A10AC204603F090
:103350000DFF0E98395A204603F008FF0D98395A90
:10336000204603F003FF0C98395A204603F0FEFE76
:103370000B98395A204603F0F9FE0A98395A20462C
:1033800003F0F4FE0998395A204603F0EFFE08983E
:10339000395A204603F0EAFE0798395A204603F0CE
:1033A000E5FE0698395A204603F0E0FEB95B204658
:1033B00003F0DCFE1635C4D1019D296810AC20460F
:1033C00002F0EEFD6968204602F0EAFDA968204699
:1033D00002F0E6FDE968204602F0E2FD2969204698
:1033E00002F0DEFD6969204602F0DAFDA969204697
:1033F00002F0D6FDE969204602F0D2FD029D29685F
:10340000204602F0CDFD6968204602F0C9FDA9689A
:10341000204602F0C5FDE968204602F0C1FD296999
:10342000204602F0BDFD6969204602F0B9FD109802
:10343000C04311B0F0BD002011B0F0BD2083B8ED45
:103440009041DC76C8206E3B6410B71D3288DB0EDD
:1034500019C46D07AE020000F0B5A3B0002800D17A
:10346000AEE20D46002900D1AAE204460668002E0D
:1034700000D1A5E26079012806D1E869A168401A67
:1034800080087D2800D29BE201201090207900283E
:103490000F940E957ED1A0200090EF48019000245B
:1034A00080273046214622463B4602F0D3F90E20C3
:1034B00011900090E94D01953046214622463B4649
:1034C00002F0C8F9E64800900195109F0297E54B7D
:1034D000162104220D92304605F0B3FBDE48433836
:1034E00085B20095DD4801900297DF4B6821304698
:1034F0000D9A05F0A6FB119A009201957F233046A4
:10350000214601F0F9FCD6480090D34D0195029771
:10351000D64B072413223046214605F092FBD048B3
:1035200000A9A1C1D24B1E223046214605F089FBDD
:10353000CB4800A9A1C1CF4B29223046214605F036
:1035400080FBC74800A9A1C1CB4B71223046214660
:1035500005F077FBC24800A9A1C1C84B7D223046C7
:10356000214605F06EFB33220092C54801900524E8
:103570007A25304621462B4601F0BEFC6C22009293
:10358000BF480190304621460F9C2B460E9D01F00E
:10359000B3FC2771287918A90C9105F05CFE16A9D7
:1035A0000D91284605F080FC12A9284604F0D8FFAA
:1035B0002068079009250095A74F01973E2111919A
:1035C00012223D230B9302F045F938464338264634
:1035D0000A9080B2089000900197109C02944127B5
:1035E0001322079839460C9B05F02BFB30680C958D
:1035F0000095F74901911D22054611990B9B02F098
:1036000029F908980090F248019002941E22284659
:10361000089739460D9B05F014FB36680E9D284629
:1036200005F04AFE0690284605F046FE0078E5497A
:103630000F461F3F4628079700D1E64F2A46203203
:103640000D9250280991E24C01D12746623F0C9916
:10365000009101942822304611990B9B02F0FAF850
:10366000B8B200900194109802902922304608992F
:10367000069B05F0E6FA0D98807A0028079E00D197
:103680000A960F980468287AC04380070AD1E86830
:10369000002807D02869002802D0CD4E433E01E023
:1036A000C84E1F3E382007900090C8480190062160
:1036B00034227423204602F0CDF811942F461DAD1C
:1036C0003846294605F0D4F902211AAC384608914B
:1036D000224605F08BF8B0B20090BC480190109ED5
:1036E000029607273522119839462B4605F0A9FA8C
:1036F000B4480090B548019002963F22119839468F
:10370000234605F09EFA532500950595AE4E019689
:1037100024215B220692282711983B4601F0ECFBFE
:103720004D2400940B9401963026119839462A4670
:10373000334601F0E1FB4A270097A3480190119816
:1037400031462246079D2B4601F0D6FB49260096BE
:103750009D4801904024119829463A46234601F09D
:10376000CBFB009798480190482511980794214673
:1037700032462B4601F0C0FB0B9800909248019016
:103780005026119829463A46119F334601F0B4FB62
:10379000059C00948C4801905825384631460B9A78
:1037A0002B4601F0A9FB06980090874801905C2306
:1037B00038462946224601F09FFB0D98807A002862
:1037C00003D10D98C07A01285CD10E98456D8249CD
:1037D000284605F0E6F90446804F2846394605F0AC
:1037E000FBF900280A9E00D12F467D49384604F097
:1037F00071FE002C01D1074600E07A4F384602F0F6
:1038000005FA794D294604F065FE8521C90504F0C5
:10381000A0F805F0CFFC0446384602F00BF9294623
:1038200004F058FE0146714804F08EF805F0C2FC21
:10383000B5B20090019540215B22119F3846234686
:1038400001F05AFB0523009301953E215922384689
:1038500002F000F822E0C04642080000A510000077
:10386000FFFF000054A1000015A500008EA4000079
:10387000B6A4000005A5000000A50000ECA400000F
:10388000692A00004F481F38592280B200920190E7
:103890003A214623384601F02FFB0A9E544D20ACB6
:1038A0000E98214603F028FE204605F0BAFEA91D19
:1038B000414380314808B1B2009144490191109DC3
:1038C000029501B263223846234605F0BAF90F98F3
:1038D00007680C9800903E4E01963E2170223D23D1
:1038E000384611910B9301F0B5FF3446433CA0B22A
:1038F0000090019602954126712212AB384631465E
:1039000005F09FF90F9807680D9D287805F0C6FD12
:103910000A902878002801D12A4C1F3C0C9800906E
:103920002B4D01957C22384611990B9B01F092FF9B
:10393000A0B200900195109802907D223846314641
:103940000A9B05F07EF90F9805680E9C204605F04D
:10395000C9FC0646E0791F2400280CD10D98407858
:10396000401EC1B2032906D80006C00D21490C5AD9
:103970002149085A099014200090019400218C22BA
:103980008023284601F066FF002E079906D03046B6
:1039900005F047FE164941438031490809980090D7
:1039A0000194109C02940898039009B28F22284633
:1039B000334600F0E3FA0E98C0690F9988604C71A5
:1039C00023B0F0BDFFFF0000692A0000A510000031
:1039D0004208000000F8FFFF000070C200007042C3
:1039E00035FA8E3C920A86BF000090410000B64234
:1039F000F4FF010000A4000008A40000F0B583B0AB
:103A00000024002800D198E2002900D195E24A68FC
:103A1000002A00D191E28A68002A00D18DE2CA68AA
:103A2000002A00D189E20A69002A00D185E24A69A8
:103A3000002A00D181E201240027076047608760E7
:103A4000C760076147618761024668C968C268C983
:103A500068C2FC49816106C8083805460846214607
:103A60009047AA68286821469047EA682868214656
:103A700090476A69286805219047EA6828683E46A9
:103A8000394690476A69286814219047EA6828688F
:103A9000214690476A69286896210191904702AFB4
:103AA0003C7005CD00963146083D9047AA682868CD
:103AB000314690472B69286839462246984705CDFC
:103AC0002146083D90476A6928680199904702AEEF
:103AD0001120307005CD009F3946083D9047AA68F7
:103AE0002868394690472B6928683146224698470E
:103AF00005CD2146083D90476A692868782190479E
:103B000002AEB120307005CD3946083D9047AA6815
:103B10002868394690472B692868314622469847DD
:103B2000AA682868214690472B692868C64903225D
:103B30000192984705CD2146083D904702AEB2203C
:103B4000307005CD3946083D9047AA682868394647
:103B500090472B692868314622469847AA6828680A
:103B6000214690472B692868F549019A984705CD69
:103B70002146083D904702AEB320307005CD39464E
:103B8000083D9047AA682868394690472B692868FD
:103B9000314622469847AA682868214690472B69F3
:103BA0002868E8490622984705CD2146083D9047F8
:103BB00002AEB420307005CD3946083D9047AA6862
:103BC0002868394690472B6928683146224698472D
:103BD000AA682868214690472B692868DA49224656
:103BE000984705CD2146083D904702AEC020307071
:103BF00005CD3946083D9047AA6828683946904760
:103C00002B692868314622469847AA6828682146C9
:103C100090472B692868CD49019A984705CD2146E0
:103C2000083D904702AEC120307005CD3946083DB1
:103C30009047AA682868394690472B69286831461A
:103C400022469847AA682868214690472B69286829
:103C5000BF492246984705CD2146083D904702AE10
:103C6000C220307005CD3946083D9047AA682868C3
:103C7000394690472B692868314622469847AA68FA
:103C80002868214690472B692868B2490222019290
:103C9000984705CD2146083D904702AEC3203070BD
:103CA00005CD3946083D9047AA68286839469047AF
:103CB0002B692868314622469847AA682868214619
:103CC00090472B692868A449019A984705CD214659
:103CD000083D904702AEC420307005CD3946083DFE
:103CE0009047AA682868394690472B69286831466A
:103CF00022469847AA682868214690472B69286879
:103D00009649019A984705CD2146083D904702AE55
:103D1000C520307005CD3946083D9047AA6828680F
:103D2000394690472B692868314622469847AA6849
:103D30002868214690472B69286889492246984778
:103D400005CD2146083D904702AE2020307005CDBC
:103D50003946083D9047AA682868394690472B693C
:103D6000286831462246984705CD2146083D9047B0
:103D700002AE3A20307005CD3946083D9047AA681A
:103D80002868394690472B6928683146224698476B
:103D9000AA682868214690472B69286871492246FD
:103DA000984705CD2146083D904702AE3620307039
:103DB00005CD3946083D9047AA682868394690479E
:103DC0002B692868314622469847AA682868214608
:103DD00090472B69286864492246984705CD2146BB
:103DE000083D904702AE2A20307005CD3946083D87
:103DF0009047AA682868394690472B692868314659
:103E000022469847AA682868214690472B69286867
:103E1000564904220192984705CD2146083D904716
:103E200002AE2B20307005CD3946083D9047AA6878
:103E30002868394690472B692868314622469847BA
:103E4000AA6803E08000A00061A200002868214663
:103E500090472B6928684649019A984705CD214625
:103E6000083D904702AEE020307005CD3946083D50
:103E70009047AA682868394690472B6928683146D8
:103E800022469847AA682868214690472B692868E7
:103E9000384910220192984705CD2146083D9047A8
:103EA00002AEE120307005CD3946083D9047AA6842
:103EB0002868394690472B6928683146224698473A
:103EC000AA682868214690472B6928682A49019AE0
:103ED000984705CD2146083D904702AE132030702B
:103EE00005CD3946083D9047AA682868394690476D
:103EF0002B69286831462246984705CD2146083D62
:103F000090476A6928680A21904702AE29203070DC
:103F100005CD3946083D9047AA682868394690473C
:103F20002B69286831462246984705CD2146083D31
:103F300090476A69286864219047204603B0F0BD25
:103F400061A20000CBA400002AA5000012A5000079
:103F50002CA5000022A5000024A5000026A5000035
:103F60002BA500002DA50000079F00001CA300004A
:103F70000AA5000020A4000010A40000F0B5F9B0CC
:103F80000D911990002800D172E21C46002B00D13F
:103F90006EE281981B90C01EC0B240087F2800D2FC
:103FA00066E215467F9824901B98C106062242437C
:103FB0000692072242430592401EC3B2AB222393CE
:103FC0005A43530A03225343C01A401CC3B21F93DF
:103FD000032B00D10020809B1C937E9B1E9301230A
:103FE0001693090E0C91069B591E04910599491EC2
:103FF00003912499090A1D91D9B20E911B9E311A81
:1040000073061B0E0A937243D2B20992B206120EC5
:10401000089205220B927243D2B20792C0B220904E
:10402000CEB20D9817900AE0199905C916999047D4
:10403000149D0E981799091817910F9C641C2078ED
:104040000A2800D1E3E00D28F8D0002800D10FE2C3
:1040500001467F395E22D243914200D23F200B9924
:104060004843EB490818A038229028B218901C98B1
:1040700000280F9400D1D0E028461799084300B2D9
:10408000002800D5C9E0179801B206984018199A7F
:10409000128B904200DDC0E00598189A8018199A9A
:1040A000528B904200DDB8E00498179A8018039A6A
:1040B000521912B2009203B21998189A02F05CFFDA
:1040C000002800D1A9E0149500273846189704E08D
:1040D0001598401C072800D18BE116991590814056
:1040E0002191189A05E01A9A521CD0B21B99884265
:1040F000EED21A92189807E025AAD418D1543F1D81
:104100006570C01C0628EED02299095C219A0A42EB
:10411000249900D01E990D0A239A022A10D3002355
:1041200025ACE219E55551709570D1701571BF1D20
:104130005171DB1CDAB2B242F2D11F9A032A0ED0BF
:1041400025AAD419D555BB1C6170209A012A01D12A
:104150001F4604E025AAD418D5543F1D617022994A
:1041600009184978219A0A42249900D01E990D0A0B
:10417000239A022A10D3002325AAD419D555617099
:10418000A570E1702571BF1D6171DB1CDAB2B2420E
:10419000F2D11F9A032A0ED025AAD419D555BB1CDB
:1041A0006170209A012A01D11F4604E025AAD41883
:1041B000D5543F1D6170831C052B249D1D9907D08C
:1041C0002299C95C219A0A42249D00D01E9D290A89
:1041D000239A022A10D3002325AAD419D155657039
:1041E000A170E5702171BF1D6571DB1CDAB2B242AE
:1041F000F2D11F9A032A84D025AAD419D155BB1C09
:104200006570209A012A00D076E71F4679E70C985E
:104210002D180D981790641C11E71B98281800B2F0
:1042200015900A98281800B214900998281800B21E
:1042300013900898281800B212900798281800B216
:1042400011900E98281800B2109000271A973C463B
:104250000FE01B9B0093019019982199109A01F08F
:10426000F9FA7F1C1B981A9909181A91062F00D188
:10427000DFE6052F204603D02298C05D169908403E
:1042800017991A9A891809B221911C99002905D108
:10429000002803D1052F0FD1002012E000281E981E
:1042A00000D124981B9B0093019019982199189A8A
:1042B00001F0D0FA052FEFD02298C05D0221014015
:1042C00048081C99002905D1002803D1052F0FD1DA
:1042D000002012E000281E9800D124981B9B009318
:1042E000019019982199159A01F0B4FA052FEFD091
:1042F0002298C05D0421014088081C99002905D13D
:10430000002803D1052F0FD1002012E000281E98AD
:1043100000D124981B9B0093019019982199149A1D
:1043200001F098FA052FEFD02298C05D08210140D6
:10433000C8081C99002905D1002803D1052F0FD1E9
:10434000002012E000281E9800D124981B9B0093A7
:10435000019019982199139A01F07CFA052FEFD05A
:104360002298C05D1021014008091C99002905D13F
:10437000002803D1052F0FD1002012E000281E983D
:1043800000D124981B9B0093019019982199129AAF
:1043900001F060FA052FEFD02298C05D2021014086
:1043A00048091C99002905D1002803D1052F0FD1F8
:1043B000002012E000281E9800D124981B9B009337
:1043C000019019982199119A01F044FA052FEFD024
:1043D0002298C05D4021014088091C99002902D122
:1043E000002800D13DE700281E9800D031E724982E
:1043F0002FE7199C05CC0021083C9047A268206853
:1044000016999047002F00D10EE625AC0DE0C0466E
:104410002C9D0000E419199803690068214617468D
:104420009847E419EF1B00D1FEE5802F3D4600D3ED
:10443000802519980369006821462A469847812FEC
:1044400000D2F1E528467D1B802D2F4600D3802722
:10445000241819980369006821463A469847812D27
:1044600000D2E1E5ED1B802D2A46D3D38022D1E78F
:1044700079B0F0BDF0B591B0002800D12BE1016812
:104480009B4A914200D028E1818801252A0291426D
:1044900000D024E1C188E1229200914200D020E1C5
:1044A000017A4A1FD2B20527FD2A00D21AE1467AC4
:1044B0000022002E0DD0344623062C40A2185C0E9C
:1044C00007D02C40A2189C0E03D02C40A218DC0E62
:1044D000F2D1D2B28A4200D004E1072269210292CD
:1044E000D201C9008218009241180191034610338D
:1044F00001463031079101464031099100220B906D
:1045000006950397049305963146D140C90710D00C
:104510001646D2001C469B58E9078B43EC4FBB4222
:1045200000DDE2E0A21852688A43BA42324600DD5A
:10453000DBE0702108925143079B5A18595C06270B
:1045400003294DD002292DD0012900D0CAE050689E
:10455000E9078843DE4B984200DDC3E090680346DC
:104560008B4359425941421E0024DB4EB2422A4637
:1045700000D32246002800DA2546D84E9B191B0E90
:104580007F2B069B00D3234611432B400B43012B6B
:1045900000D0A7E0D24904F00DFB01460B9800299A
:1045A00013D19FE053680121C9078B43C84CA34234
:1045B00000DD97E093688B43A342C54B00DD91E09B
:1045C000D2688A439A4200DD8CE0089A521C09990D
:1045D00070310991042A069D059E049B94D189E0BF
:1045E000507801460D390A23DB4399427AD3146986
:1045F0000121CB079C43B64DAC4273DC146C2646BC
:104600009E43B44AB3185A425A4100231093002CD7
:104610000B4600D4109B741EAF4DAC420D4600D328
:10462000109D0C97FF24E4050A94A6420C4600DC7A
:10463000109CAA4FF619360E7F2E00D310991D40FC
:1046400015432543194029430C9F4BD1451E099E14
:1046500070680123D90702468A439D4CA24241DC7F
:104660000E95756B2C468C439A4961184A424A4113
:10467000002110910D95002D1D4600D4109D611E46
:10468000954FB942194600D310990A9FBC421F4664
:1046900000DC109F0F97914FE419240E7F2C00D35C
:1046A000109B294011430F9A11432B400B430C9F41
:1046B00018D1316804F07EFA002813D1316B0D98BF
:1046C00004F06FFA00280E9D0CD16D1E361D002DD2
:1046D0000B98BDD179E7012704E0022702E0032708
:1046E00000E00427F8B211B0F0BD039FFAE7C0461E
:1046F0005542573103F0F2F9002800D1E6E0019865
:1047000000680121CA07034693435A425A41451E95
:104710000024714EB5420E4600D3264600280D46B1
:1047200000DA254632436D4E9B191B0E7F2B00D3BA
:10473000214629400A43012A00D0C7E0694904F014
:1047400039FA002800D1C1E0019840680121CA0768
:10475000034693435A425A41451E00245E4EB542D9
:104760000E4600D3264600280D4600DA2546324381
:104770005A4E9B191B0E7F2B00D3214629400A431A
:10478000012A00D0A2E0574904F014FA002800D111
:104790009CE0019884680125E80721468143FF20B9
:1047A000C605B14200DB00254E49204604F002FA5E
:1047B000002800D18AE04C49204604F004FA002881
:1047C00000D183E0002D00D180E00198C46801256C
:1047D000E80721468143B14200DB002541492046DC
:1047E00004F0E8F9002871D03F49204604F0EBF9C5
:1047F00000286BD0002D69D0019804690125E807D5
:1048000021468143B14200DB00253649204604F0B1
:10481000D1F900285AD03449204604F0D4F90028B0
:1048200054D0002D52D0019844690125E807214653
:104830008143B14200DB00252949204604F0BAF942
:10484000002843D02849204604F0BDF900283DD077
:10485000002D3BD0019885690127F807294681433F
:10486000B14200DB00272149284604F0A3F90028C3
:104870002CD07F20C4052846214604F0A4F9002846
:1048800024D0002F22D00198C5690127F8072946B6
:104890008143B14200DB00271449284604F08AF91D
:1048A000002813D02846214604F08DF900280DD0A9
:1048B000002F029F0B9800D114E700990C68FEF7B7
:1048C0009BFA271A00D10DE708270BE7029F09E79B
:1048D000FFFF7F7F00008080FFFF7F00000080FFE0
:1048E00000002041286B6E4E6F12833A00409C45B9
:1048F000F0B5E3B008920A910C90002800D1A3E132
:1049000018467F385E21C943884200D23F236A9807
:104910000E90699C68980D9005205843CB490D185E
:104920002846A038099008980A99084300D5C9E09C
:104930000E98002800D1C5E00A98401D0C99098BFB
:10494000884200DBBEE00899891D0C9A528B914287
:1049500000DBB7E009B2009103B20C980A99089AFB
:1049600002F00AFB002800D1ACE0200A0790099869
:1049700000780E9028469F3800780B9028469E3885
:1049800000780A9028469D38007809909C3D287848
:104990000890002637460AE00A0A2023C254212242
:1049A000815422214554243723214454F61C0120EC
:1049B000B0400E9908422546224600D00D9A130AAF
:1049C0000FACE119E3554A700B9A10422C462A4667
:1049D00000D00D9A130A8B70CA700A9A10422246B0
:1049E000079D00D00D9A130A0B714A71099A104263
:1049F000224600D00D9A130A8B71CA71089A104290
:104A0000204600D00D98020A0A7248728D72CC724C
:104A1000482F00D106E10221B1400E980142224602
:104A200000D00D9A130A0FA8C019037342730B9A92
:104A30001142224600D00D9A130A8373C2730A9A58
:104A40001142224600D00D9A130A03744274099A47
:104A50001142224600D00D9A130A8374C274089A38
:104A60001142214600D00D990A0A027541758575DB
:104A7000C4750421B1400E9A1142224600D00D9A0D
:104A8000130A037642760B9A1142224600D00D9A01
:104A9000130A8376C2760A9A1142224600D00D9AF2
:104AA000130A03774277099A1142224600D00D9AE1
:104AB000130A8377C277089A1142214600D16BE727
:104AC0000D9969E70B940899481C00B20790881C5F
:104AD00000B20690C81C00B20590081D00B20490F8
:104AE000481D00B20390881D00B2029000260AE023
:104AF000009701900C982946029A3B4600F0AAFEC6
:104B0000761C052E7DD00998845D0A98801905B21F
:104B100001272046384002D10E9900290BD00028E9
:104B20000D9800D10B98009701900C982946089A8F
:104B30003B4600F08FFE0220204002D10E99002952
:104B40000BD000280D9800D10B98009701900C987D
:104B50002946079A3B4600F07DFE0420204002D102
:104B60000E9900290BD000280D9800D10B980097C2
:104B700001900C982946069A3B4600F06BFE0820EF
:104B8000204002D10E9900290BD000280D9800D1A9
:104B90000B98009701900C982946059A3B4600F027
:104BA00059FE1020204002D10E9900290BD0002878
:104BB0000D9800D10B98009701900C982946049A03
:104BC0003B4600F047FE2020204002D10E990029EC
:104BD0000BD000280D9800D10B98009701900C98ED
:104BE0002946039A3B4600F035FE4020044002D19E
:104BF0000E98002884D0002C0D9800D078E70B98F0
:104C000076E70E9800281FD00A98401D07210091D2
:104C10000B99019101B201230C98089A00F01AFE39
:104C200063B0F0BD0C9C05CC0021083C9047A26805
:104C30002068012529469047236920680FA954223E
:104C4000984705CC2946904763B0F0BD2C9D0000E5
:104C5000F0B585B0A34EA44C012257061305A44D10
:104C600020681F21090688432060049292040020D6
:104C70000393194604F004FC99489C4901604224BE
:104C80003068384200D083E0284604F0EBFC3068FE
:104C900038427DD1284604F0E5FC3068384277D1AF
:104CA000284604F0DFFC3068384271D1284604F011
:104CB000D9FC306838426BD1284604F0D3FC306808
:104CC000384265D1284604F0CDFC306838425FD1C7
:104CD000284604F0C7FC3068384259D1284604F011
:104CE000C1FC3068384253D1284604F0BBFC306820
:104CF00038424DD1284604F0B5FC3068384247D1DF
:104D0000284604F0AFFC3068384241D1284604F010
:104D1000A9FC306838423BD1284604F0A3FC306837
:104D2000384235D1284604F09DFC306838422FD1F6
:104D3000284604F097FC3068384229D1284604F010
:104D400091FC3068384223D1284604F08BFC30684F
:104D500038421DD1284604F085FC3068384217D10E
:104D6000284604F07FFC3068384211D1284604F010
:104D700079FC306838420BD1284604F073FC306867
:104D8000384205D1284604F06DFC163C00D077E788
:104D900055488069029004984204002001900399CC
:104DA00004F06EFB4E48514901604224306838429D
:104DB00000D083E0284604F055FC306838427DD1AD
:104DC000284604F04FFC3068384277D1284604F07A
:104DD00049FC3068384271D1284604F043FC306801
:104DE00038426BD1284604F03DFC3068384265D12A
:104DF000284604F037FC306838425FD1284604F07A
:104E000031FC3068384259D1284604F02BFC306818
:104E1000384253D1284604F025FC306838424DD141
:104E2000284604F01FFC3068384247D1284604F079
:104E300019FC3068384241D1284604F013FC306830
:104E400038423BD1284604F00DFC3068384235D159
:104E5000284604F007FC306838422FD1284604F079
:104E600001FC3068384229D1284604F0FBFB306849
:104E7000384223D1284604F0F5FB306838421DD172
:104E8000284604F0EFFB3068384217D1284604F07A
:104E9000E9FB3068384211D1284604F0E3FB306862
:104EA00038420BD1284604F0DDFB3068384205D18A
:104EB000284604F0D7FB163C00D077E70A48816902
:104EC000173502984543284604F09CF809494018D4
:104ED0000B2801D301980490049805B0F0BDC0469A
:104EE0002C030B4004020B4038010B400100000E64
:104EF000D103000035F8FFFFF0B58BB00A910490A4
:104F0000002800D13DE11546002202210A987F28A1
:104F10000C4600D8144601200A9E002E064600D4F6
:104F200026462C469F2D03D83546002C04D404E099
:104F300035460835002C00D5351D7F2B00D811468D
:104F4000109E002B00D4084602469F2E00D908323E
:104F5000002E00D5021D11462943484248412A42ED
:104F6000099600D092E0002900D18FE02806104673
:104F700000D02846C6B240070893059407920696CB
:104F800017D4300726D40998001B0A995F1AB10775
:104F900034D4FE17C1170A9A5242D31704F01CFAF0
:104FA0003A46334604F0DEFA241800267F2E23D931
:104FB00034E00A9FD81BC1176242D31704F00CFAE1
:104FC000099A121BD31704F0CDFA3E1800247F2E45
:104FD00012D923E00A98181AC11727469F24E21B0A
:104FE000D31704F0F9F9099AD21BD31704F0BAFACF
:104FF0000A990E187F2E11D8002110E0F91703919D
:10500000C1177F260A9AB21AD31704F0E5F93A4677
:10501000039B04F0A7FA24187F2EEDD90221079AEA
:10502000002E00D5012108469F2C00D90830002C05
:1050300000D5081DE9B2069B8B4237461DD121469B
:105040001ED11FD1099E00D0264609960E46014664
:1050500000D0294600D00246CBB21546D4B2224633
:105060001A43504250411C42089B11D1002A0A9712
:1050700034462A460D460BD078E70A9F2146E0D0F9
:105080000599DFD00896099EDED1DEE70A9F264605
:105090000A960893002874D03B4611980790099A05
:1050A0000A9F974211D1089AD11A981A934200DBAD
:1050B00013461A4600DC0846401C0121009107995E
:1050C000019103B211B23AB211E0089C9C4213D193
:1050D000D11BB81A974200DB174600DC0846401C7B
:1050E00000B20090079801903AB219B201230498D7
:1050F00000F0B0FB0BB0F0BDE11ACA175140002020
:10510000C0431D4601230395AC42069300DC069084
:105110008E1A099A3C46BF1A111BA24200DC0F46A8
:10512000059300DC0590BC19009307980190039D3E
:1051300029B20A9802B2049800F08CFB600006992C
:105140006A18E119874200DC154600DC0C460A9912
:10515000059A8A18A119864200DB0A9200DB0C46E8
:10516000012300930799019129B20A9802B2049889
:1051700000F070FB08988542E0D109980A998142B5
:10518000DCD10BB0F0BDFEE7F0B58BB00B460746A7
:10519000CB2000010490C5243E46603698483D1857
:1051A0002846114607931A4601F03BFA284604F0B8
:1051B00071FA0690B86DFFF75DF960217854F96DCA
:1051C000002905D0084600F007FE0146307800E0CF
:1051D000002122010292824ABA180592824ABC1822
:1051E000824ABA180392049ABD1804967170084353
:1051F0003DD1384600F00EF9002838D07B208000E1
:1052000038182E4608363946079A334601F07CFB9B
:1052100000970798019008A829463246069B01F09E
:10522000BBFA0898704978500A9820810998606004
:10523000287A01282BD103980078012827D06C48C0
:10524000381803680125E9078B436F4A93421EDC37
:105250008068884390421ADC6A4839180D200002A1
:105260003818482204F01EFA059805700FE06548CA
:105270003818482104F035F900205B497850208126
:1052800060600420287060700120E07160725548F1
:105290003D1802983E1820460C30702104F021F988
:1052A000398C0F2002918143069A1143A181227407
:1052B000059A117801291FD1039908580799081AEE
:1052C0005249884202D3E078012815D10D2000020E
:1052D00039184F483818482204F0E4F90720039998
:1052E000085AE081487A60740121A1740699401A35
:1052F00041424141A97301E0002010700020207557
:105300003178012911D11520C00139180A780020FF
:10531000012A0AD1C868079A121A00203B4B9A4208
:1053200003D2012020758968A1617178012910D10B
:1053300032497A18117801290BD1D168079B591A83
:10534000324B994205D20121801C20759268E2619E
:1053500000E00146B278012A12D1274ABA18137820
:10536000012B0DD10591D3680799CB1A27498B42A0
:1053700005D20121001D207592682A6000E0059980
:10538000F278012A11D11B4ABA181378012B0CD1DB
:10539000D3680E460799CB1A1C498B42314604D27A
:1053A000083020759068686001E000290AD00298F2
:1053B000E08101206074A0740699491E4A424A4166
:1053C000AA7360710798A860207828736078687362
:1053D00004990878E873487828740BB0F0BDC0468B
:1053E000C40D0000680D0000480D0000FD0C000019
:1053F000DC0C0000DC0B0000680B0000F40A00006D
:105400009C0C0000B80C0000FFFF7F7FB90B000070
:105410007C0D0000F0B587B001460020002900D1C6
:1054200006E10D4622352C78621F0223DB439A42A7
:1054300000D2FDE005940695AA78002A00D1F7E095
:105440008D6A0122D0072B4683437B4818184742B8
:1054500047410020002D154600D405465E1E774CBE
:10546000A642164600D306462E403E43FF24E405DE
:10547000A342174600DC07463E43714FDB191B0E63
:105480007F2B00D302462A40164300D0D0E04D6B5C
:105490000126F2072B4693436A4CA34200DDC7E086
:1054A0008B6B04939343A34200DDC1E0CB6A02936C
:1054B0009343A34200DDBBE00191096B009191434E
:1054C0000020A14200DC064603902846039903F021
:1054D00068FB04460498294603F063FB0546254310
:1054E000029C2046049903F05CFB28430546009883
:1054F000214603F056FB0146039829434A1E914179
:105500003143019900D093E0CA6B00200123002AA7
:105510001D4600D40546DC071646A643F419240EA2
:105520007E2C1E4600D806462E43541E464A944200
:1055300000D8034633427BD10D6C00200123002D9F
:105540001E4600D40646DC072F46A7433C4C3C19B8
:10555000240E7E2C1F4600D8074637436C1E94420B
:1055600000D803463B4263D14D6C00200123002D3F
:105570001E4600D40646DC072F46A743304C3C1994
:10558000240E7E2C1F4600D8074637436C1E9442DB
:1055900000D803463B424BD18A6C002A294E47D0A3
:1055A00006984378D8070CD10022980715D45807DD
:1055B00021D418072DD40598111A4842484107B044
:1055C000F0BD0D680122D407A5430020B5422FDCB1
:1055D0004D68A543B542E8DD2AE08D680120C40787
:1055E000A5430020B54223DCCD68A543B5421FDCAE
:1055F000521C5807DDD50D690120C407A5430020C2
:10560000B54215DC4969A143B14211DC521C1807AF
:10561000D1D5019883690120C1078B430020094C33
:10562000A34205DC019BDB698B4306498B4201DD0C
:1056300007B0F0BD521CBEE700008080FFFF7F0076
:10564000000080FFFFFF7F7FFEFF7F0070B5804E70
:10565000B544012403F036FD01F00CFD04A80294CA
:10566000214602F0FBFB11E003F00EFE024604AC03
:1056700020462946FFF788FD204603F0E7FF03F0A8
:1056800029F9204603F0DCFF03F0CAFE03F0E4FF33
:105690000546002003A900F02FFE0646002829D069
:1056A00003AF3A7804A8002421462B4603F09EFD60
:1056B0002046394600F020FE00281BD003AC22789B
:1056C00004A8002739462B4603F090FD38462146B2
:1056D00000F012FE00280DD003AC227804A80027A9
:1056E00039462B4603F082FD3846214600F004FE81
:1056F0000028D5D1012003A900F0FEFD00282AD002
:1057000003AC227804A8012631462B4603F06EFD37
:105710003046214600F0F0FD00281BD003AC227873
:1057200004A8012631462B4603F060FD3046214691
:1057300000F0E2FD00280DD003AC227804A8012679
:1057400031462B4603F052FD3046214600F0D4FD91
:105750000028D5D1029E022003A900F0CDFD00282B
:105760002AD003AC227804A8022631462B4603F047
:105770003DFD3046214600F0BFFD00281BD003ACA4
:10578000227804A8022631462B4603F02FFD30462E
:10579000214600F0B1FD00280DD003AC227804A80A
:1057A000022631462B4603F021FD3046214600F00B
:1057B000A3FD0028D5D1029E032003A900F09CFD83
:1057C00000282CD003AC227804A8032631462B46AF
:1057D00003F00CFD3046214600F08EFD002800D17C
:1057E00042E703AC227804A8032631462B4603F097
:1057F000FDFC3046214600F07FFD002800D133E754
:1058000003AC227804A8032631462B4603F0EEFCB5
:105810003046214600F070FD0028D3D124E703F084
:1058200033FD024604AC20462946FFF7ADFC204676
:1058300003F00CFF03F04EF8204603F001FF03F0E5
:10584000EFFD002E00D021E703F052FF1EE7C04617
:1058500028F2FFFFF0B5A5B0044605A80490002C7F
:1058600000D1D8E0012B00DAD5E02A98012800DA2F
:10587000D1E001255F18861800230397012F2846E1
:1058800000DB1846012E029500DB1D46284300D0A0
:10589000C1E0238B994200DBBDE0608B824200DBDC
:1058A000B9E0CF17D5170195039D9D4200D303930F
:1058B000B943019B9A43864200D306460398401E93
:1058C0000196731E1BB2009303B220460D46174685
:1058D00001F052FB002800D19DE02B98049E314638
:1058E0006031334640332036020A049505AD2A70F4
:1058F0006870AA70E8702A716871AA71E8712A72DA
:105900006872AA72E8722A736873AA73E8732A74B9
:105910006874AA74E8742A756875AA75E8752A7699
:105920006876AA76E8762A776877AA77E877327079
:105930007070B270F07032717071B271F071327259
:105940007072B272F07232737073B273F073327439
:105950007074B274F07432757075B275F075327619
:105960007076B276F07632777077B277F0771A7019
:1059700058709A70D8701A7158719A71D8711A72D9
:1059800058729A72D8721A7358739A73D8731A74B9
:1059900058749A74D8741A7558759A75D8751A7699
:1059A00058769A76D8761A7758779A77D8770A7091
:1059B00048708A70C8700A7148718A71C8710A7219
:1059C00048728A72C8720A7348738A73C8730A74F9
:1059D00048748A74C8740A7548758A75C8750A76D9
:1059E00048768A76C8760A7748778A77C8770398A0
:1059F0000499401A0199CD1B454305CC0021083C70
:105A00009047A2682068029F39469047002D0BD12D
:105A100005CC3946904725B0F0BD23692068720057
:105A200005A99847AD1BF3D0402D2E46F5D340264F
:105A3000F3E77047F0B589B004460120C607274652
:105A4000B7435D4887420AD8204603F0B3FBF90DFF
:105A5000722912D8002810D17F20C005A9E057482C
:105A600087420DD86548874218D303F039FE0246B5
:105A70000B46002C23DC644922E003F031FE8BE06E
:105A80004F48874213D8574887421DD303F028FE5A
:105A900002460B46002C55DC564954E003F020FE2C
:105AA00005460E46012C46DB534855497BE0FD0D6B
:105AB000FF2D12D32046214601F046FF79E05149DF
:105AC0004D4800F0EAFC63E003F00AFE05460E468E
:105AD000012C66DB444A454B2FE03A48874236D8D2
:105AE00003F0FEFD03900D46374A384B02F07CFD73
:105AF0000024374B224600F0D0FC364B224600F003
:105B0000CCFC07460C4603F019F902900520020769
:105B1000314B3846214602F067FD03F0ADFD03909E
:105B20000D462E4A2E4B3846214602F05DFD03F00D
:105B3000A3FD029B23E0304A314B2846314600F05A
:105B4000ACFC34E02A492C4800F0A7FC24E0963D48
:105B5000E805381A03F076FA0791069000200090C5
:105B600006A804A901272A463B46FCF709FE03467E
:105B700005990498002C02D5FA0751405B42032294
:105B80001A40C0467A441279520097440508011021
:105B900002F05AFA70400CE002F056FA09E0714047
:105BA00005E0114811492A46334600F071FC02F025
:105BB000A9F809B0F0BDC046DA0F493FD1537B4088
:105BC000D531E240DA0FC94D83C8C96D305FE43F7B
:105BD00000003843000038C3FB21F9BF63621A613B
:105BE000B41051BEE0EDAF40D221337F7CD912C05A
:105BF000FB2119C0FB211940182D4454E4CB164059
:105C0000FB21F93FFB2109C0FB210940F0B589B018
:105C100004460120C6072746B743594887420AD899
:105C2000204603F0C7FAF90D722901D8002873D075
:105C300003F058FD99E05348874209D862488742EB
:105C400014D803F04FFD5C4A012C5BDB544B92E00F
:105C50004D4887420ED85548874213D803F042FD7D
:105C6000564A012C00DA85E0564B4CE0002C11DC42
:105C7000574D10E0FD0DFF2D16D32046214601F0B3
:105C800063FE48E003F02EFD02460B46002C3DDC8F
:105C900048493CE04D4D03F025FD02460B46464881
:105CA000294600F0F5FB60E03848874237D803F01A
:105CB00019FD03900D46364A364B02F095FC002440
:105CC000354B224600F0E9FB344B224600F0E5FB61
:105CD00007460C4603F032F8029005200207304BCD
:105CE0003846214602F080FC03F0CBFC03900D46C1
:105CF0002C4A2D4B3846214602F076FC03F0C1FCBD
:105D0000029B24E0334B00F0C8FB29E028492A48D5
:105D100000F0C3FB29E00446204609B0F0BD963DE3
:105D2000E805381A03F08EF90791069000200090DC
:105D300006A804A901272A463B46FCF721FD034695
:105D400005990498002C02D5FA0751405B420322C2
:105D50001A40C0467A44127952009744060E09014F
:105D600002F0C0F904467440D6E702F021F8D2E709
:105D70007140FAE7124B00F090FB02F0B3F9CAE76A
:105D8000DA0F493FD1537B40D531E240DA0FC94D9C
:105D900083C8C96D305FE43F00003843000038C35A
:105DA000FB21F9BF63621A61B41051BEDFEDAF4051
:105DB000FB2119C0FB211940182D4454D221337FF7
:105DC0007CD912407CD912C0E3CB1640FB2109409C
:105DD000FB2109C0FB21F93FF0B587B00146012046
:105DE00000292DD04A6A002A2AD08E7A002E02D0AD
:105DF0008A6A002A24D00868654A904222D188889D
:105E0000FF220232904220D1CB881846613882B2FC
:105E10000420604CA24213D301220F7A3C46093C75
:105E2000E4B2E40800251F2C0692144600D32C4649
:105E3000FFB29AB2BA42069F00D32F463C4307D026
:105E400007B0F0BD022007B0F0BD032007B0F0BDE1
:105E50004A7A1446093C934201D3002300E001230F
:105E60000722D243944200D30693102EE8D8069A14
:105E7000002AE5D14C697F22D505069107462046C8
:105E8000294602F08EFE069A002805D03846022EDA
:105E9000D6D3916A0029D3D00495D0680123D907BD
:105EA00007468F4305253C498F4202DD284607B04F
:105EB000F0BD05951569394F03953D408D4200DCD5
:105EC000002327408F42059DF0DC002BEED197691F
:105ED0000123DB073D469D438D4205DC0297D769D0
:105EE0003D469D438D4202DD059807B0F0BD019708
:105EF000176A3A469A438A42F6DC002102F05AFEBB
:105F00000028049DF0D10021039802F053FE0028E0
:105F1000EAD10021204602F044FE0028E4D12046C8
:105F2000294602F059FE0028DED10021029802F035
:105F300038FE0028D8D10021019802F03BFE00284D
:105F4000D2D1002138460C4602F034FE0028CBD1D5
:105F5000022E069813D3816A721E8B880D88AB427D
:105F6000C2D9012A0BD00D899D42BDD9022A06D083
:105F70008B89AB42B8D9D21E0C31002AEDD1C56A4B
:105F8000FBF7E2F8854200D00624204607B0F0BDBA
:105F900045504D31A0FF0000FFFF7F7FFFFFFF7FD7
:105FA000F0B584B00F460190CAB20291006850402B
:105FB00001220392014611404D4241085E4B1D40B3
:105FC0004D406A088107C917194051408A0900925B
:105FD0004207D617594A16400207D417584A1440A8
:105FE000C206D317574A13408006C21756480240CC
:105FF000A806C517554805408806C1174E480140F8
:10600000380AC0B27040604058405040009A50403A
:10601000694041400246039B1A4054424A08464D9B
:106020002C40544062088307DB172B4053409A09E9
:1060300000924207D517414A15400007C71740484C
:106040000740C806C6173F4806408806C2173E48A4
:106050000240A006C4173D4804409806C0173649C0
:1060600008400299090CC9B2694079407140514019
:10607000009A5140604048400A46039B1A405442EF
:1060800042082D4D2C40544062088B07DB172B40F3
:1060900053409A0900924A07D517284A1540090724
:1060A000CF1727490F40C106CE1726490E4080065C
:1060B000C21725480240A006C41724480440980689
:1060C000C0171D4908400299090E69407940714086
:1060D0005140009A514060404840039A0A40534260
:1060E0004208154D2B4053405A088C07E4172C40AA
:1060F0005440A7094D07ED17104E35400907C91741
:106100000F4E3140C606F6170E4A16408006C017DD
:106110000D4A10409B06DB170C4A1340A406E417F7
:10612000054A1440694071404140794059406140FE
:106130000198016004B0F0BD2083B8ED19C46D076B
:106140003288DB0E6410B71DC8206E3B9041DC76B0
:10615000F0B583B00F46CEB20191464071080122DE
:1061600002923046104040425D4B18404840420881
:10617000B107C917194051408A0900927207D41714
:10618000584A14403207D317574A1340F206D21721
:10619000564D2A40B506EE17554D2E408006C517C0
:1061A000544805408806C1174D480140380AC0B21E
:1061B0006040584050407040009A50406940414013
:1061C0004A080346029C23405C42454D2C40544003
:1061D00062088307DB172B4053409A09009242075D
:1061E000D617404A16400007C7173F480740C80661
:1061F000C5173E4805408806C2173D480240A00624
:10620000C4173C4804409806C01735490840019916
:10621000090CC9B27140794069405140009A51401F
:106220006040484042080B46029C23405C422C4D93
:106230002C40544062088B07DB172B4053409A09CF
:1062400000924A07D617274A16400907CF17264952
:106250000F40C106CD1725490D408006C2172448BE
:106260000240A006C417234804409806C1171C48E2
:1062700001400198000E7040784068405040009AFC
:106280005040614041404A08029B03405B42144D2C
:106290002B4053405A088407E4172C405440A70968
:1062A0004507ED170F4E35400007C0170E4E304022
:1062B000CE06F6170D4A16408906C9170C4A11403A
:1062C0009B06DB170B4A1340A406E417044A14404C
:1062D00068407040484078405840604003B0F0BD8E
:1062E0002083B8ED19C46D073288DB0E6410B71D2A
:1062F000C8206E3B9041DC76F0B584B000260328C0
:1063000000D9AFE0002900D1ACE00391574B1A5CF3
:10631000574C255CAA4200D093E00196820001A56B
:10632000AA58974635630000F763000071630000C8
:10633000B5630000554E012251034F4A029111608E
:10634000BFF34F8FBFF36F8F3268520775D44B493D
:1063500002E03268520770D4F5692278571C7F2218
:106360003A401F78BA42F4D02778CD552270F0E732
:10637000444E012102918A033F4900920A60BFF313
:106380004F8FBFF36F8F316849070FD4F569A1783C
:10639000491C7F220A4099788A42F4D0A178374F6D
:1063A0007918029F3F02CD55A270ECE73449009A5C
:1063B0000A6045E02F4E0121CA032F4902920A606C
:1063C000BFF34F8FBFF36F8F316849070FD4F56963
:1063D000E178491C7F270F40D9788F42F4D0E178CB
:1063E000264A51180322D2018D54E770ECE7244964
:1063F000029A0A6024E0244E1F4A0821029111608B
:10640000BFF34F8FBFF36F8F3268520706D51C4919
:10641000029A0A6014E031684907F8D4F569627895
:10642000521C7F2717405A789742F4D0627813495C
:106430008A18802155546770EDE7114A029911605E
:10644000019E195C225C91420CD0C1010B4A51188B
:106450001A5C895C039A1170195C491C7F220A40FE
:106460001A540126304604B0F0BDC04698022020E0
:10647000940220200891104080E100E000002020DC
:1064800000E100E0083110400811504008111040B0
:10649000FCB40124E407634002E0FCB40124E407F7
:1064A00008B41D03ED08D60D354356025F007F0D7D
:1064B00006D12C00344300D0AEE001B0FCBC7047E4
:1064C000A408254307242402FF34A74205D1002055
:1064D000190D090501B0FCBC7047002B03D5002441
:1064E000A61BAC4125000B03DB08C20D134342027F
:1064F0004800400D07D11C00144300D08CE00EBCB6
:106500001000F0BC704701246407234307242402D1
:10651000FF34A04205D10020090D090501B0FCBCE3
:106520007047002903D50024A21A9C412300C11BF7
:1065300008D51C002B002500140032002600002482
:10654000611A3800362925D502B4393949420C0080
:10655000203C03D22F008F40374301E03700A74093
:10656000002F01D040210E4302BC20290BD5002969
:106570000ED04C42203420B4A5402C0020BC0D414C
:10658000CE40361904E000292E000D4120390E417D
:1065900092196B411C0014433ED00024002B04D5FB
:1065A000012400218A1A99410B00401E52005B41D0
:1065B000FBD50121890215000D400CD0521800278F
:1065C0007B4101D3401C0BE00721C90115000D40A0
:1065D00001D189008A43072109028A4352005B41A5
:1065E000801C19DD07210902FF31884209D30EBC46
:1065F0000020C90F0902FF31C900C91D0905F0BCFF
:106600007047190B00050143E40721431805120BDD
:10661000104301B0FCBC70470021002001B0FCBC5D
:106620007047F0B583B00F230B400178012904D1E6
:1066300043708370C37003B0F0BDC57887780124C0
:106640001E466E40F60701920297009404D0012680
:106650007540C570426016E01E4626402740BE4287
:1066600011D04768D71B1E2F0DD3002E029906D0DC
:1066700021430291817046786640467003E0FE2611
:1066800031400291817002261F4637402C4634402B
:106690007C40640804D07540C570019C84601CE097
:1066A0007C1E3946A141029C34406408A14213D0AB
:1066B0008168019C611A1E290FD3002F07D002990F
:1066C00031430291817041787140417005E0FD21B4
:1066D000029C0C4002948470019C04261F463740A3
:1066E000294631407940890813D07540C570C4608F
:1066F000029A072B01D80021009108262946314033
:10670000C908009F79401CD07540C570046103B072
:10671000F0BD791E3C468C410299314089088C427B
:1067200013D0C168019C611A1E29E1D3002F27D024
:10673000029A32438270417871404170072BDAD956
:10674000DBE7072B06D8002405E0029A019C072B03
:10675000D3D8D0E7012411463140C9088C4204D077
:106760000169019C611A1E2901D203B0F0BD072BFB
:106770000DD93243827041787140417003B0F0BD51
:10678000FB21029A0A408270072BB4D9B5E7F721A2
:106790000A40827003B0F0BDF0B587B01E460D46CA
:1067A00004461078012817D104960C9E0592576A6A
:1067B000716B384602F0FEF94142414101910028D7
:1067C0000695029603971CD1F16A384602F0F2F959
:1067D00000281CD002251BE00A21204602F081FE81
:1067E0002878012E06D1022804D102266E700020DE
:1067F000A8702DE0022806D1424828800020A87009
:1068000025E0032504E000262E80AE7020E001255F
:10681000059B0498012810D19879411E4A424A41AB
:10682000002666722570A27001280BD14520185CE5
:106830000128069D27D12E78D8E7601C092102F097
:1068400050FE25702F480699088000208870032686
:106850006670B01E42424241E270701EC3B2002117
:106860000120022B034600D30B4623716371A271F2
:10687000F21ED3B2022B00D30846E07150425041C1
:10688000207207B0F0BD0D9869688842B4D3587A79
:106890000228B9D32E78012E0BD0022E029F039826
:1068A0000ED1B96B02F086F9002813D1302103987C
:1068B0000AE001980028029F03980BD0302103E0E2
:1068C0000199002906D02C21795802F073F9411E54
:1068D000884100E00220B04288D06978884204D123
:1068E000A978FF2908D0491C01E068700121A9702E
:1068F0002422BA5C9142ABD3287068700021A97041
:106900000646A5E703030000F0B597B0002800D1C4
:10691000A0E00E46002900D19CE01C46002B00D1CF
:1069200098E0054606AB11461A46F9F7C9FB002860
:106930000AD1284602F084FD002800D18CE00146EF
:1069400006A8442202F0AEFE201D442102F0C9FD3B
:10695000069A227006A948786070C878A0700591E0
:106960008F781046384301231840E070308CA080A7
:1069700001460A3989B20A2902D30F21084000E0F2
:106980000938A0710598C07BE07100260F28049596
:1069900000920393029701D0304600E00420607219
:1069A00005994D79681E47424741C88802F0DAFCD4
:1069B000012D01D13F210E0633467F21CA05022D4C
:1069C00000D12F46A7721699E1600646206205980D
:1069D000008900D01A46019202F0C4FC6062A062F5
:1069E0000A200599085E02F0A9FB1E4901F044FE49
:1069F000E0621D4901F06EFD0746FFF707F93146D9
:106A000001F068FD0546A0613846FFF713F83146EE
:106A100001F060FDE0612561606101982063059DE2
:106A2000A87B02F09FFC114901F026FE6063E88D0F
:106A300002F098FC20640298C007039901D10098E5
:106A40008100452021540A4804990818482221460B
:106A500002F028FE17B0F0BD4821204602F041FDAB
:106A600017B0F0BD000020C135FA8E3C0000C842CE
:106A7000680A0000F0B581B002460020002A00D16B
:106A8000A6E0D66D002E00D1A2E0D1881B2900D04F
:106A90009EE03321CD001189A94200D098E0116811
:106AA0000020C0431746FFF753FBB98800F044FCB1
:106AB0001B24214600F040FC294600F03DFC79896A
:106AC00000F03AFCB98900F037FCF98900F034FC99
:106AD000398A00F031FC798A00F02EFCB98A00F086
:106AE0002BFCF98A00F028FC398B00F025FCF969B1
:106AF000FFF72EFB396AFFF72BFB796AFFF728FBBC
:106B0000B96AFFF725FBF96AFFF722FB396BFFF73C
:106B10001FFBB98E00F010FCF98E00F00DFC398FD0
:106B200000F00AFC798F00F007FCB98F00F004FC3C
:106B3000F98F00F001FC396CFFF70AFB796CFFF765
:106B400007FBB96CFFF704FBF96CFFF701FB396D2C
:106B5000FFF7FEFA5421795A00F0EEFB318800F07D
:106B6000EBFB718800F0E8FBB18800F0E5FBF188F1
:106B700000F0E2FB318900F0DFFB718900F0DCFB03
:106B8000B18900F0D9FBF18900F0D6FB318A00F021
:106B9000D3FB718A00F0D0FBB18A00F0CDFBF18A03
:106BA00000F0CAFB318B00F0C7FB718B00F0C4FB17
:106BB000B18B00F0C1FBF18B00F0BEFB318C00F01B
:106BC000BBFB718C00F0B8FB2436E41EC6D1C04379
:106BD00001B0F0BDF0B585B00E4602460B46484800
:106BE000484C49004D0D28180746143721461431EA
:106BF000A94215D9A54221D21046434A1946434B12
:106C000005460C46FFF749FC00273A463B4601F093
:106C1000B5FF002844D0002E4BD43A463B466AE0EC
:106C2000214633318D4221D9601C874263D1104601
:106C30001946FFF732FC02460B465CE03448F84048
:106C40003040104357D010462F4A19462F4B044668
:106C50000D46FFF722FC00220492134601F08EFF3E
:106C6000002820D0002E2ED4284630E00021C94331
:106C7000C14011423FD002911046234A1946234B8E
:106C800003900491FFF709FC00220192134601F0E2
:106C900075FF00280AD0002E1ED4049B039A28E01A
:106CA00023462A4627E02B46224624E0049B039AEB
:106CB00021E00120C00786432A462E4323461AD0EE
:106CC000154B3A4617E01248401CF8403018114B5B
:106CD0003B410340049A0EE0142F049B039A01D118
:106CE000731C06E0601B3430012181408A18019832
:106CF0004341029882431046194605B0F0BDC04694
:106D0000EDFBFFFFFF0300009C7500883CE4377E2D
:106D1000FFFF0F000000F0FF0000F0BFF0B583B0F0
:106D2000002809D0002907D00B790193012B0DD140
:106D3000CC78012666400AE0002813D000210160CB
:106D400041608160C160084603B0F0BD00260125A6
:106D5000C478012C009509D14468A41A012C04DBE5
:106D6000002503E0002003B0F0BD0125F4070292E6
:106D70000ED004782F46A743FC07029A08D00123BF
:106D80000373C3707D231B01D31843608260002509
:106D9000CC78012C11D147782B46BB43029ADB07F4
:106DA00037460BD0022303730123C3707D231B01DD
:106DB000D31843608260002500E03746009B1F40E7
:106DC0000E7A012E0CD183789D43EB0708D0032364
:106DD00003730123C3707D231B01D31843608260BA
:106DE000077044708670CF790126002F01D02746A6
:106DF00077400025019A002A2B4600D13B4689792D
:106E00008268029FBA1A077B032F0BD0022F04D08F
:106E1000012F13D1502A08D30EE03604462A06D299
:106E200035460BE0D2087D2A06D2350406E0AA2AB0
:106E300004D3F02A354601D30025057320062A180D
:106E400008021043184303B0F0BD7047F0B585B099
:106E500002910546474B01902878191849786D1C16
:106E6000C906F9D4242A00DD002201242B2802D0EF
:106E70002D2802D10024287800E06D1E102A11D0A0
:106E8000002A0DD10A2230280AD168782021014336
:106E9000782917D1A87819184978890718D430208B
:106EA00013461AE01026302816D1687830212022A7
:106EB0000243782A04D1A8781A18527892070AD483
:106EC000084609E0302801D338284FD330204EE05F
:106ED000AD1C102301E0AD1C334600940A2B039334
:106EE00001D30A21039100273C4601463039039A19
:106EF00091420ED31F4909184A78510603D501461D
:106F00003739994205D3910623D55738984201461F
:106F10001FD21846784304970F1838461E46194664
:106F200002F070F80499814205D1611C281940785B
:106F30000C463346D9E70020C74302F0A7FB2221C5
:106F400001600298002801D001990160384605B01F
:106F5000F0BD0298002804D0002C019900D0291916
:106F6000016000980028F1D17F42EFE76D1C0823F3
:106F7000B3E7C04660A10000F0B589B00E9D0024C3
:106F8000954273DB8B4271DB00286FD016460E43AF
:106F90006CD41826865FB34268DA1A26865FB5423B
:106FA00064DA012400940E0A05AF3E707970190A64
:106FB000B970FB70110A04AB039319705A70290A57
:106FC0009970DD7006AE2A21317003684268002492
:106FD00005461846214601949047AA68286821462C
:106FE00090472B6928683146009C22469847AA683A
:106FF0002868214690472B69286804220292394666
:10700000984705CD2146083D904707AE2B203070AC
:1070100005CD019F3946083D9047AA682868394642
:1070200090472B692868314622469847AA68286805
:10703000214690472B6928680399029A984705CD05
:107040002146083D904708AE2C20307005CD3946CA
:10705000083D9047AA682868394690472B692868F8
:1070600031462246984705CD21469047204609B033
:10707000F0BD000070B586B028480024047028498F
:107080000C7044704C7084708C70C470CC70254847
:107090000460254D2C70254802F0ACFA244925489F
:1070A0000861012002030A60C104234A11602349D8
:1070B000234A4A60234A1368FF263606B343032651
:1070C000B6079B1913608C6007220A6041031E4AB1
:1070D0001160C303136080031060082616601B4A0A
:1070E00011601360106016600094194801901948EF
:1070F0000290194803901948049019480590194CBA
:1071000069462046FCF77AFC2870002800D1044626
:107110001548214602F07EFA06B070BD9402202088
:1071200098022020900220209C022020740220201F
:1071300090120A4080C00000A0320A4010E000E037
:107140007F38010020ED00E080E200E000E100E097
:10715000299500003D95000051950000B57600008E
:107160000D8A00005802202084022020F0B584B04F
:1071700001910390CAB2036853400120029019465E
:1071800001404E4259082D4806404E40720899076A
:10719000C91701405140880900905A07D71728485D
:1071A00007401A07D51727480540DA06D41726489E
:1071B00004409806C31725480340B006C217244868
:1071C00002408806C0171D4E30400199090A7940D7
:1071D000694061405940009B594050404840029AE4
:1071E0000A4053424208334053405A088C07E41780
:1071F00034405440A6094D07ED17114F3D40090793
:10720000C917104F3940C706FF170F4A17408006AD
:10721000C0170E4A10409B06DB170D4A1340A40608
:10722000E417064A14406940794041407140594092
:1072300061400398016004B0F0BDC0462083B8ED02
:1072400019C46D073288DB0E6410B71DC8206E3B71
:107250009041DC76FCB50C005C40E40FE40710B410
:10726000DD02540D2543D6025F007F0D60D001245E
:10727000E407254307242402FF34A74250D0CB0261
:10728000440D2343C2024800400D51D00124E407BD
:10729000234307242402FF34A04241D0C01901B483
:1072A0001800290001F068FF0F0001B41800310038
:1072B00001F062FF03000C001000310001F05CFFE0
:1072C00006001000290001F057FF05007618002283
:1072D00002BC01BC55415141A41955415141802482
:1072E000A4005B195141FF18514100D564003F19BA
:1072F000514102D47F00494100E0401C0324240294
:10730000FF34001B14DD2419A04209D80305F80A34
:107310004C0520434900090B194310BC2143FCBD17
:107320000020FF21C900C91D090510BC2143FCBD77
:107330000021002001B0FCBDF0B583B00A46C9B2FF
:1073400041404808012402940B4623405F422C4CE4
:10735000274047407B088807C017204058408309D2
:1073600001934B07DC17274B1C4000940B07DE17DB
:10737000254B1E40CB06DD17244B1D408906CC173C
:1073800023490C40B906CB1722490B408006C11790
:107390001B4F3940120A0098424072406A406240D6
:1073A00001984240594051404808029B13405C42BA
:1073B0003C40444060089307DD173D404540AF091D
:1073C0005007C6170F4806401007C0170E4A104056
:1073D000CA06D2170D4B1A408906C9170C4B194023
:1073E000A406E4170B4B1C40AD06ED17044B1D40E3
:1073F00070405040484078406040684003B0F0BD65
:107400002083B8ED19C46D073288DB0E6410B71DF8
:10741000C8206E3B9041DC76F0B583B00A46C9B215
:1074200041404808012402940B4623405F422C4C03
:10743000274047407B088807C017204058408309F1
:1074400001934B07DC17274B1C4000940B07DE17FA
:10745000254B1E40CB06DD17244B1D408906CC175B
:1074600023490C40B906CB1722490B408006C117AF
:107470001B4F3940120A0098424072406A406240F5
:1074800001984240594051404808029B13405C42D9
:107490003C40444060089307DD173D404540AF093C
:1074A0005007C6170F4806401007C0170E4A104075
:1074B000CA06D2170D4B1A408906C9170C4B194042
:1074C000A406E4170B4B1C40AD06ED17044B1D4002
:1074D00070405040484078406040684003B0F0BD84
:1074E0002083B8ED19C46D073288DB0E6410B71D18
:1074F000C8206E3B9041DC76F0B581B00C46002888
:1075000020D001462A310A78002A02D14978002980
:1075100018D0466D3046314600F0D1FF002811D119
:107520000127F907304688432A4901F055FB002816
:1075300008D100253046294601F045FB002808D037
:107540003F2007E02D20207060700020A07001B067
:10755000F0BDBF200106304600F0FBF901F02AFE25
:10756000002801D42B2100E02D212170C1174840B3
:10757000461A642E0BD364273046394601F042FD8B
:10758000474330306070F61B0320022702E00A2ECA
:1075900008D30220F1B2CD224A43D10A30220A4355
:1075A000E25500E03846F1B2CD224A43D10A0A2220
:1075B0004A43B11A30220A4321182254202048702D
:1075C000642088706520C870672008714D7101B013
:1075D000F0BDC04600003443F0B584B03049314AB4
:1075E0000125AC0316682B0203939E4316600E68B8
:1075F000264205D10E68264202D10E682642F6D0F8
:107600006C02467E9769AF432E40BD1995612025D7
:10761000455DD6690327BE433D407519D561224DAE
:107620002E680727374005262E60466A33681362A6
:10763000736853622F60C3695B065B0CD5697F2654
:107640003602B543EB18D361E8C800970768019785
:10765000476802971B071B0B2D03ADB2ED183307CC
:107660001B0D007A009E35431D43019B1D43029B69
:107670001D43054390690D4B03400D482840C01839
:1076800090611068039B184310600868204205D180
:107690000868204202D108682042F6D004B0F0BD4C
:1076A00004020B4008010B40001340408D00F0FF26
:1076B00072FF0F00F0B581B0344E002A3BD0154662
:1076C0000C46501E032101F09DFC4B1C0020032B97
:1076D000194600D10146032D02463ED300936D1A90
:1076E000002204E0BB783363D21CAA4220D0376862
:1076F000BF0705D43768BF0702D43768BF07F6D580
:10770000A75C37633768BF0705D43768BF0702D463
:107710003768BF07F6D5A7187B78336333689B07B4
:10772000E0D433689B07DDD433689B07F6D5D9E7EF
:10773000009B032B11D13068C00605D53068C00608
:1077400002D53068C006F6D401B0F0BDA3185B784E
:107750003363921C801C8842EDD033689B0705D4AC
:1077600033689B0702D433689B07F6D5A35C336369
:10777000012303438B42DED033689B07E6D4336892
:107780009B07E3D433689B07F6D5DFE710B146408B
:10779000F0B583B0401E344C0246401C5378E218CA
:1077A0005278D206F8D43A3B00250922D2439342BC
:1077B00056D3019102A90A273A46FFF747FB06462E
:1077C00002990A78A0184078491CC006F9D4481ECE
:1077D00002901346613B1A2B00D2203A432A11D063
:1077E0004D2A1AD10A78104661381A2800D2203A58
:1077F000481C7D23DB0001274D2A00D008460AD013
:107800001F4608E00A781346613B1A2B00D2203A43
:107810004D2A04D1481C029002E0012700E0012714
:10782000017862185278D2060AD5417862185278E7
:10783000D20605D5817862185278C01CD206EFD4E2
:1078400000290DD100253846294632462B4601F045
:10785000C3FD481E814103D17E4301980660012586
:10786000284603B0F0BDC04660A10000F8B515463B
:107870000C462B4E0A0D771C3A402A4B9A4213D0E5
:10788000002A1AD10122D2079143014345D0002298
:10789000254B214600F0A8FE0C4624498D4209DC08
:1078A000234A244B214635E0214602462346FEF773
:1078B000F4FD31E0220D3A40363A5119B1420ADD69
:1078C00001F0E4FE222101600120C00704401D48B0
:1078D0002418002021E0012904DB174A144009057F
:1078E00064181AE03522D24391420ADC01F0CEFE40
:1078F0002221016012488542E6DA0120C0070440D7
:10790000E7E70D4A144009051B2252058918214357
:1079100000220A4B00F068FE0C462146F8BDC04626
:10792000FE070000FF07000000005043AF3CFFFFD0
:1079300059F3F8C21F6EA501FFFF0F800000903CB5
:1079400051C300000000F07FFCB40127FF0779401D
:1079500002E0FCB40127FF070C024D002D0E03D1FD
:10796000002C52D1FCBC70473C43FF2D50D0A408E2
:10797000002900D56442020243001B0E04D1002AF4
:1079800043D10800FCBC70473A43FF2B41D092081A
:10799000002800D552425E1B04D5170022003C008F
:1079A00076422B00192E06D527003741D2191C2705
:1079B000F71B7F42BC40002A27D002D55242012744
:1079C00000E00027013B5200FCD515008026354021
:1079D0000FD01500202635402C43803208D21500E8
:1079E000402635402C4304D101263602B24300E044
:1079F0005B1C5200023308DDFF2B0BD2500ADB0563
:107A00001843FF073843FCBC70470020FCBC70479C
:107A10000800C70FFF07FF20C0053843FCBC7047B4
:107A200010B524480021C161016282220264224B08
:107A30004364014608390A60011F0B601F498A64CC
:107A4000CB640A660B658322C2658265812202656A
:107A50004A644A631A4B036004680460C360C468E4
:107A6000C4600B600C680C60CB60CC68CC60436277
:107A7000446A44628362846A84620363046B0463BD
:107A80004363436B43634A608A600B1F1A60C262A0
:107A90008A620C480C49016101210A0302600B4A09
:107AA0000264C8040A4908610A4808600A48086470
:107AB00010BDC0460C804240820004008C804240D1
:107AC00081000E0090120A4080C0000080D00000AB
:107AD00090320A40400010014000180170B5014684
:107AE000837A007B80070ED01A460C3A00200924C6
:107AF000E443A24206D3CA7A1446083C0525ED4366
:107B0000AC4204D270BD002B40D0002070BD1F24B9
:107B1000240109195B1E0C4665882688B542F1D9F7
:107B2000012B0BD0A688AE42ECD9022B06D0E588FB
:107B3000B542E7D9DB1EA41D002BEDD1022A29D3C3
:107B40001631921E02200C5E0023CD5E0120AC4255
:107B500000DC1846D6DD002AD4D004200B5E0025B8
:107B60000120A34200DC2846CCDD012ACAD08C1DAE
:107B700006200E5ED51E002101209E4200DC084634
:107B8000C0DD022A21462A46DCD1BBE7C97A484239
:107B9000484170BD012070BDF0B581B0274E284F1F
:107BA000012465022748002101603A1F10680F2157
:107BB000090288434019009210603846083801686D
:107BC0000322D3430B4003603868A0433860386811
:107BD0003040386010030A21224600F0E5FE1A48C2
:107BE000FFF7FAFCFDF734F800280FD0009A106870
:107BF00010210143202081431160106821030143BB
:107C00001160002001F0BAF901B0F0BD0F4E03E0A1
:107C1000FDF71EF80028E9D13868084908403860A7
:107C2000386821020143396030682842F0D1306859
:107C30002842EDD130682842F6D0E9E7FFFEFFFF89
:107C400008010B4008030B40B8A3000004020B40DE
:107C5000F0B503460020002B4CD0312464011C19E0
:107C6000032934D8002A32D02579ED072FD0158882
:107C7000214EAD19214EB54229D355881E684F00BB
:107C8000F6197689B54222D101206125AD002E4634
:107C90004E439919FF238633CE5C36018E19D7687F
:107CA00037619768F7605768B76012687260CA5C9E
:107CB000521C134E5643360C18277743D21BCA5416
:107CC0004A5D172A11D84919521C0A70F0BD0329C0
:107CD00010D8002A0ED052881B68490059184989CB
:107CE0008A4207D02168802202E021680122120224
:107CF0000A432260F0BDC04677ECFFFFA3EDFFFF13
:107D0000AB0A0000F0B587B00C46054601F0DDFC7B
:107D100006460F4601F0D9FC069005911C4A1D4B02
:107D200001F0C4FC1C4A1D4BFEF7B7FB0490039105
:107D30002846214632463B4600F056FC029001910F
:107D4000174A184B01F0B2FC174A184BFEF7A5FB77
:107D500002460B46029E3046019F394600F044FC25
:107D60002A462346FEF799FB04460D46304639461F
:107D7000069A059B00F038FC049A039B00F034FC43
:107D800022462B46FEF789FB00F06AFD07B0F0BDE6
:107D9000A7463B8C87CDC63E74E7CAE2F9002ABFEE
:107DA000B2FB6E891011813F77ACCB545555C5BFDE
:107DB000F0B587B00C46054601F08AFC06460F4632
:107DC00001F086FC069005911C4A1D4B01F07AFCDF
:107DD0001C4A1D4BFEF761FB049003912846214687
:107DE00032463B4600F000FC02900191174A184BC6
:107DF00001F068FC174A184BFEF74FFB02460B4692
:107E0000029E3046019F394600F0EEFB2A4623468B
:107E1000FEF743FB04460D4630463946069A059B5D
:107E200000F0E2FB049A039B00F0DEFB22462B46A7
:107E3000FEF733FB00F014FD07B0F0BDA7463B8C06
:107E400087CDC63E74E7CAE2F9002ABFB2FB6E894D
:107E50001011813F77ACCB545555C5BFF0B581B0FB
:107E600000910446054660355830D721090101F0DC
:107E700038FB1E495822204601F014FC1C4E1D4FB1
:107E8000A665E7653046FCF7F5FA60216054384690
:107E9000FDF7A2FF68702046623001F0B3FB204678
:107EA000C43001F0AFFB93204000201801F0AAFB82
:107EB0003120C000201801F0A5FB7B208000201895
:107EC00031463A4601F0F8FA0B482018009901F0C3
:107ED00089FBCB200001201801F0E0FB07480021BE
:107EE00021520748215401B0F0BDC046C4A2000091
:107EF0000097000060A300009C0C0000740D0000BF
:107F0000C40D0000F0B58B4200D1824204D90B00B1
:107F100002000021002040E0002B00D1002A0CD1FB
:107F20000B00020000210020002B00D1002A01D00C
:107F3000C943C043FEF789FF2FE01C0015000B006A
:107F400002000CB4002126002F00FF19764102D256
:107F5000491C4029F9D100201E001700FF19764165
:107F600002D2401C4028F9D10E1A2100280032000C
:107F700001F076FA0C0005000CBC00200021A342A1
:107F800000D1AA4201D3521BA341404149416D088F
:107F9000E7073D436408761EF1D5059F002F01D009
:107FA0003A607B60F0BD0000F0B585B0002840D09D
:107FB000002A3ED003293CD81378DB0739D0782338
:107FC0004B43C3181C4C012500951D55D724E400D4
:107FD0001B197425074618460E46114614462A46B4
:107FE00001F060FB284670433818144940182146B8
:107FF0002A4601F057FB3146009E7A18104BD654A2
:10800000A368104A9D186D1E954212D3384600226F
:1080100004920392029201AA13803B684D005B19FF
:108020005B8953800A2393805673E3680393FFF7B9
:108030000FFE05B0F0BDC046B40600009408000075
:10804000640A00000100FFFFF0B585B001F03DFBC0
:1080500006460F4601F039FB04460D46184A194BF7
:1080600001F024FB184A194BFEF717FA049003910C
:10807000174A184B01F01AFB0022174BFEF70DFAB6
:1080800002900191154A164B2046294600F0ACFAA1
:10809000029A019BFEF701FA02900191304639469F
:1080A00022462B4600F0A0FA049A039B00F09CFAAB
:1080B000029A019BFEF7F1F900F0D2FB05B0F0BD8A
:1080C0006950EEE04293F93E271E0FE887C056BF85
:1080D000815E0CFDFFFFDFBF0000F03F423A05E18B
:1080E0005355A53FF0B585B001F0F2FA06460F46AC
:1080F00001F0EEFA04460D46184A194B01F0E2FA77
:10810000184A194BFEF7C9F904900391174A184B06
:1081100001F0D8FA0022174BFEF7BFF90290019147
:10812000154A164B2046294600F05EFA029A019B3A
:10813000FEF7B3F9029001913046394622462B46AC
:1081400000F052FA049A039B00F04EFA029A019B47
:10815000FEF7A3F900F084FB05B0F0BD6950EEE036
:108160004293F93E271E0FE887C056BF815E0CFD83
:10817000FFFFDFBF0000F03F423A05E15355A53F46
:1081800070B5002841D00D460446001D6B21090141
:1081900001F0A7F925600020002D33D029681C4A82
:1081A00091422FD101210902AA888A422AD1EA8864
:1081B0001B2A27D12A8998318A4223D1E96D0029C7
:1081C00020D0698A00291DD0E98A00291AD05421BB
:1081D000695A002916D0A98EEA8E914212D2E96915
:1081E00000290FD0296A00290CD0696A002909D01A
:1081F000A96A002906D0AE6D2846FEF73BFC311A6D
:10820000484248410349605470BD002070BDC046DB
:10821000555753342406000010B51C491C4C204609
:1082200001F0BDF91B49204600F0AEFD1A48016877
:108230000322D203914301600169184A0A401532B2
:10824000026141692D220A4312218A434261426838
:1082500001210A4043688B439A184260104A136810
:108260008C021C43146002684B0413430360C26811
:1082700070231343C360C268022313430522934350
:10828000C36002680A43026010BDC0461AA5000020
:10829000000010403AA40000001110400000FFFF51
:1082A0002810104010B51C491C4C204601F077F9ED
:1082B0001B49204600F068FD1A4801680322D203DA
:1082C000914301600169184A0A401532026141690F
:1082D0002D220A4312218A434261426801210A4049
:1082E00043688B439A184260104A13688C021C43FF
:1082F000146002684B0413430360C2687023134385
:10830000C360C2680223134305229343C36002681B
:108310000A43026010BDC0461CA50000008010404A
:1083200044A40000009110400000FFFF289010407E
:1083300010B51C491C4C204601F031F91B49204660
:1083400000F022FD1A4801680322D2039143016024
:108350000169184A0A401532026141692D220A4317
:1083600012218A434261426801210A4043688B43DB
:108370009A184260104A13688C021C431460026809
:108380004B0413430360C26870231343C360C26885
:108390000223134305229343C36002680A43026029
:1083A00010BDC0461EA50000002010404EA40000D5
:1083B000003110400000FFFF2830104010B51C496C
:1083C0001C4C204601F0EBF81B49204600F0DCFC79
:1083D0001A4801680322D203914301600169184AD7
:1083E0000A402B32026141691A220A4325218A433D
:1083F0004261426801210A4043688B439A184260F7
:10840000104A13688C021C43146002684B04134327
:108410000360C26870231343C360C268022313431E
:1084200005229343C36002680A43026010BDC04640
:1084300020A500000000504058A40000001150404A
:108440000000FFFF2810504040B542004B005E087E
:10845000164301D006004E4000D4D01A04D20120A9
:10846000C90F06D1404204E003D90120C90F00D052
:108470004042FF263606B24200D8B34200D901205E
:1084800040BD40B542004B005E08164301D00600D7
:108490004E4000D4D01A04D20120C90F06D1404268
:1084A00004E003D90120C90F00D04042FF26360660
:1084B000B24200D8B34201D90120404240BD42003F
:1084C0004B000020FF2109068A4200D88B4200D9C8
:1084D00001207047FCB40127FF0706004E4001D47D
:1084E000002600E03E00020243001B0E30D03A435B
:1084F000FF2B30D00C024D002D0E29D03C43FF2D18
:1085000029D05B194240504042404C4061404C40B1
:1085100000B500F031FE20BCAE4642405040424023
:108520004C4061404C4025001400002C01D46400F4
:10853000013B803401D3013364087E3B08DDFF2B0F
:1085400009D2BC43200ADB0518433043FCBC70470A
:108550000020FCBC7047FF20C0053043FCBC7047C6
:10856000B0B500282BD02822825C002A27D00D46E7
:10857000C46C20462146FFF7A2FF00282DD13F20E2
:1085800001062046FFF7E5F900F04CFE3230642189
:1085900000F038FD632800D36320CD214143CA0A8F
:1085A000302314461C4329462C702E246C700A2458
:1085B0005443001B184304220323022407E02D2008
:1085C000087048702E228A7005220423032408555F
:1085D0006D20C85400208854B0BD2D202946287035
:1085E00068702E22AA70EFE780B5FEF733FE80BDDB
:1085F000024670B50A4392072AD11E4DEE0104C807
:1086000008C9541B9443344017D0D0B2D9B2401A91
:108610002106014310D190B299B2401A21040143BE
:108620000AD110021902000A090A401A2102014364
:1086300002D1100E190E401A70BD9A42DFD010BA46
:1086400019BA884201D9012070BD0020C04370BD15
:1086500002780B7801300131002A09D09A4207D103
:1086600002780B7801300131002A01D09A42EFD014
:10867000D01A70BD01010101FCB40127FF070600FB
:108680004E40F60FF607020243001B0E2DD03A4370
:10869000FF2B2DD00C024D002D0E26D03C43FF2D7C
:1086A00026D05B1B0020202164085208A2424041D2
:1086B000A24200D3121B013904D0002A01D052007B
:1086C000F4D18840384201D14000013B803001D3D1
:1086D000013300E040007F3307DDFF2B08D2400A62
:1086E000DB0518433043FCBC70470020FCBC7047DE
:1086F000FF20C0053043FCBC70470000F8B5451CA6
:1087000000780023082B32D02F78C2070CD16A786A
:108710000F241440E41C122C0BD102242E57F4B267
:10872000002E08D4EE1C0EE06D1C4A1C0F70114682
:108730001AE0AE1C08E02E1DED7800957F252C4038
:10874000009DED012C1912343D0112095219094DF9
:10875000AA420ED0D243002C05D08D5C4F1C0D7068
:10876000641E3946F7E7354640085B1CCAE72846D1
:10877000C5E7F8BDFF0F0000FEB502930F46194D87
:108780000024E143184E00973740019043422B46A6
:10879000BB4101D20C4623E0084602990E405342E9
:1087A000B54101D204461BE0134601990B433E43F9
:1087B0001E43029D009E13D02B46334004D40199E2
:1087C0008B1A3346AB4103E00199531A2B46B34150
:1087D000044605DB51406E400E43701E8641344610
:1087E0002046FEBD0000F07FFFFFFF7FF0B582B0A6
:1087F0000B46413313703A245470002821D04F1C8B
:10880000057ACD404B2301934F2300932D23ED0791
:10881000002D1E4600D0009E1D4600D0019D967082
:10882000D57020251571423151719471007AF9B2D9
:1088300001248C400442184600D000980AD0019BC5
:1088400008E02D209070D0702023137142315171B7
:1088500094710346D07113720020507202B0F0BDC3
:108860000CB41B4B4A00D21A1BD2000D0A03104352
:1088700001221202801802D3400812038918400A0C
:10888000002902D50122D20710434900490D3822A0
:108890001201891A0CD4FF290DD2C90508430CBC5A
:1088A0007047DB431A40024305D0D8430CBC7047E5
:1088B00000200CBC7047C90FC907FF20C005084342
:1088C0000CBC7047C046C046C046C046C046C04605
:1088D0000000E0FF70B5002828D004461448026864
:1088E00014482146FEF71AFA134A13461033C107FB
:1088F000154600D11D4601218E032E60C5051D467B
:1089000000D51546CE032E606479002C144600D1A4
:108910001C4680252560C40300D51A460B0313604E
:10892000064AC00100D41032C804106070BDC046B1
:10893000900220207402202090120A4090320A40B7
:10894000F8B50446164F174D0E462E4001200094F0
:1089500064423C46B4411AD31D405442AF4116D341
:108960001046009C20433543054311D00020C043EE
:108970001C460C400ED4009CA41A0C469C4106DBFD
:108980000098504059400143481E81410846F8BDB7
:108990000020F8BD009C141B1C468C41F0DAF6E761
:1089A0000000F07FFFFFFF7FF0B5164B1D46083D2E
:1089B0002E680124A6432E601E6803273F03BE4392
:1089C0003840301818601868FF26B043C9B2401804
:1089D00018602868204328601D68002A0ED00A48C5
:1089E0002102220715431D6002680A4205D1026870
:1089F0000A4202D102680A42F6D0F0BD2007854340
:108A00001D60F0BD10010B4004020B40F0B581B0B9
:108A1000002925D00D46481E032100F0F3FA481C1A
:108A20000027032800D00746104C2E460BD02E46B8
:108A3000204600F017FE012F14D0204600F012FE51
:108A4000B61EBF1EF4D1032D0AD3204600F00AFE45
:108A5000204600F007FE204600F004FEF61EF4D18A
:108A600001B0F0BD761E032DEFD2F9E7803801008A
:108A7000F0B541220A703A234B7000281BD0067AC9
:108A80004B244F252D22F607002E164600D02E46E9
:108A9000174600D027468E70CF7020260E714226D2
:108AA0004E718B71007A02231842104600D028467E
:108AB0000AD0224608E02D208870C87020220A7152
:108AC00042224A718B710246C8710A7200204872B4
:108AD000F0BD0000F0B581B00D480E4941600E4A6E
:108AE00051600E4B59600E4C61600E4D69600E4E28
:108AF00071600E4F79600E4901601160196021604C
:108B0000296031603960102000F0ACFD01B0F0BD8B
:108B100000080A40030000B100280A400008104085
:108B200000881040002810400008504000A846402F
:108B30000100002610B5FFF703FF002801D0002038
:108B400010BD012010BD10B5FFF7FAFE002801DBB3
:108B5000002010BD012010BD10B5FFF7F1FE002868
:108B600001DD002010BD012010BD10B5FFF704FE8F
:108B7000002801DA002010BD012010BD10B5FFF75C
:108B8000FBFD002801DC002010BD012010BD00000D
:108B900010B5FFF759FC002801D0002010BD0120BE
:108BA00010BD10B5FFF750FC002801DB002010BD00
:108BB000012010BD10B5FFF747FC002801DD0020A3
:108BC00010BD012010BD10B5FFF75BFC002801DAD5
:108BD000002010BD012010BD10B5FFF752FC002889
:108BE00001DC002010BD012010BDF0B581B00546AC
:108BF00060356F780D2901D00A2913D10026002F86
:108C000034460AD129780029344606D00024445439
:108C100011461A46F9F76CF904462E706E7020461C
:108C200001B0F0BD0024002FF9D12A785F2A04D3C7
:108C300000242C7001206870F1E7531C2B708154C4
:108C4000EDE7F0B587B006910590002822D01C46CC
:108C5000002B1FD015460E9804900D9803900C9E83
:108C6000069F00E0641C23780A2B0FD00D2BF9D04F
:108C7000002B0FD00096039801900498029039B20F
:108C80002AB20598FBF734FEBF1DEBE70835069FB7
:108C9000641CE8E707B0F0BD1CB5002922D04C08E1
:108CA000002900D5494242105440002800D54042D6
:108CB00000230A00904201D95200FBE790425B4139
:108CC000904200D3801A914201D25208F6E719006F
:108CD000002C00D54042640000D549420200080043
:108CE00011001CBD01000020FCF7A3FE1CBD00000C
:108CF00010B50D490D4C204600F048FC0C492046AB
:108D000000F01AF90B4841680B4A0A40111D4160F6
:108D1000816812220A432D218A4382600168012260
:108D20000A43026010BDC04618A5000000A04640DE
:108D300030A4000004B1464000FCFFFF0CB54A001F
:108D4000520D03231B02FF33D21A13D31F239A1A87
:108D500012D98E46C9020123DB071943D1400B2AE1
:108D600002D21532D04001437346002B00D5494250
:108D700008000CBD00200CBD0B000120C007002B1B
:108D800000D401380CBD000070B511221302C218C6
:108D9000C4580125AC43C4500C888D7825438C8879
:108DA0002C43C558084E2E40084D25407419C45018
:108DB0008879CB790343087A184351687E23994315
:108DC00018400818506070BDE798FDFF1867000054
:108DD000F0B50D480168490715D40C490C4A0D4BF4
:108DE00002E0046864070ED4C469CD786E1C7F2548
:108DF0003540D678B542F4D0CE789E190327FF01CE
:108E0000F455CD70EDE7F0BD08911040940220209C
:108E10009802202000002020F0B50D480168490785
:108E200015D40C490C4A0D4B02E0046864070ED4BB
:108E3000C4698D786E1C7F2535409678B542F4D094
:108E40008E789E1901273F02F4558D70EDE7F0BD35
:108E50000831104094022020980220200000202099
:108E6000F0B50D480168490714D40C490C4A0D4B64
:108E700002E0046864070DD4C4694D786E1C7F2538
:108E800035405678B542F4D04E789E198027F45577
:108E90004D70EEE7F0BDC04608115040940220200E
:108EA000980220200000202010B5002818D08279D8
:108EB000002A15D04079312330220407144600D50A
:108EC0001C460C704407144600D51C464C708407A1
:108ED00000D51A468A70012210403030C87004E074
:108EE0002D20C8708870487008700020087110BD6F
:108EF000F8B50D460F4F002801D0064600E03E6849
:108F00003046294600F042FA34183C60305C0028B4
:108F10000DD02046294600F04CFA21183960205C1B
:108F2000002805D0481C38600020087000E00024AC
:108F30002046F8BDA402202070B511221302C218E9
:108F40000C894D8825438C792C43C558094E2E40F9
:108F5000094D25407419C4508888CB79034308789B
:108F6000184351685D239B009943184008185060CE
:108F700070BDC04680CCFFFF7F33000010B50E49A6
:108F80000E4A01235C0590600868204205D10868FC
:108F9000204202D108682042F6D010681B04034327
:108FA00013600868C00605D40868C00602D40868C3
:108FB000C006F6D510BDC04604020B4004010B40AC
:108FC00070B50C480168490712D40B490B4A0C4B89
:108FD00002E0046864070BD4C4690D786E1C7F2519
:108FE00035401678B542F4D00E789C550D70F0E7F8
:108FF00070BDC04608111040940220209802202025
:10900000000020201CB50A0017D000230124E4072B
:10901000A04200D20400944201D95200FBE79042E2
:109020005B41904200D3801A914201D25208F6E788
:1090300019000200080011001CBD01000020FCF70F
:10904000F8FC1CBD08B443001B0E0FD0FF2B11D041
:109050000721C9015B18C10FC9020B430100480772
:109060004902090B1B05194308BC70470021002069
:1090700008BC704701004002C90DC900C91D09059F
:1090800008BC7047F0B585B00A9CCD17DE17694063
:109090006840401BA94173407240921BB3416E402F
:1090A00002AF0097FEF72EFF71407040801BB14168
:1090B000029A039B6B406A40521BAB410CC405B043
:1090C000F0BD000080B5FFF705FDFEF7A9FCFEF737
:1090D00063FDFFF7A1F8FFF7E5F8FFF729F9FFF7C0
:1090E0006DF9FFF705FE04482C2100224254034885
:1090F0002421425480BDC04600022020300220209E
:1091000070B50A480A4C84420CD00A4D0A4EB5424A
:1091100008D02A686968501C12789200A2589047BB
:109120000835F4E700BF00BF70BDC0463CA5000095
:1091300030A500004CA500005CA5000006B49E22EE
:10914000002802D404D106BC7047414204D400E098
:109150000100013A4900FCD5803101D3013200E021
:109160004900490AD2051143002802D50122D2073D
:109170001143080006BC7047FCB4020C0B0CFF2422
:109180002402FF34204021400C00444315005D437D
:1091900006005E430F005743320C3B0CA818C01862
:1091A00032043B040025A1186841C9186841FCBC81
:1091B0007047000006B54100090E7F390DD41F220B
:1091C000511A0CD9864600020122D2071043C8402A
:1091D0007246002A00D5404206BD002006BD0200AE
:1091E0000120C007002A00D4401E06BD70B59EB005
:1091F000032914D80C4605466220484328186230DB
:1092000001AE11461A463346FFF7EFFC002806D0A0
:109210007B208000281801AA2146FEF7C5FE1EB05B
:1092200070BD000006B5002803D57346FFF7C2FFE6
:1092300006BD4100090E7F3908D31F22511A07D3FA
:1092400000020122D2071043C84006BD002006BD1F
:109250000020401E06BD10B53123302204071446FD
:1092600000D51C460C704407144600D51C464C70B3
:10927000840700D51A468A70012210403030C87029
:109280000020087110BD00000A480068C10003D525
:109290000021002803D503E00821002800D4091D7F
:1092A000820400D4891C012212041040424242412F
:1092B0008818704780130A4001460748002907D0E4
:1092C0008A79012A04D12220085C002801D10448AF
:1092D000704702487047C046E2A40000FBA40000AB
:1092E000F1A40000002809D0C179002901D0064866
:1092F00070472121405CC0B2022801D0014870476C
:1093000002487047BDA40000A6A40000DDA4000030
:1093100004B40422002802D1002104BC704701D506
:109320000832404212021F320100521E4900FCD393
:109330000805090B1205114304BC7047084880F367
:10934000088800BF00BF00F0D1F9002801D0FFF766
:10935000D7FE0020FCF77AF9012000F0BCF9C046E6
:109360000080202002B49E21002805D401D102BC37
:10937000704701394000FCD5803001D3013100E055
:109380004000400AC905084302BC7047B0B500253B
:109390002A4603780D462C78002C02D06D1CA3427F
:1093A000F9D1002B03D0401C551CA342F0D010462D
:1093B000B0BDB0B5024600201378002B0AD00C4691
:1093C0002578002D03D0641CAB42F9D102E0521C79
:1093D000401CF1E7B0BD000030B514004C4325003F
:1093E0001C0044436419050010002900FFF7C4FE67
:1093F000001904000D002100280030BD01460020A6
:109400000A5C002A08D00A185378002B05D09278FD
:10941000C01C002AF4D1401E7047401C7047000059
:1094200080B5002807D0014603480078C00702D065
:109430000248FAF711F880BD9C0220208402202007
:10944000002808D001460548085C002802D0C52045
:10945000C0000818704700207047C046250600006D
:1094600018B520239B1A04D8010000205B429940C4
:1094700004E004009140DC402143904018BD00000E
:109480000843104304490A683F231B049A431840C9
:10949000101808607047C04638010B40401EC0B22B
:1094A000032803D8800003490858704700487047D4
:1094B00086A40000E0A3000010B50446AB20010123
:1094C000204600F00EF802492046FEF759FE10BD76
:1094D00064A200000B4611461A4680B500F0A8F8B9
:1094E00080BD0A46002180B500F0A2F880BD0322AD
:1094F0008058002805D0401E4A1C00230B701146DE
:10950000F7E7704760CC2268149263681393159054
:1095100028463146083CFFE782B00094014C019494
:1095200010BD00BF9B6400000348002900D110302B
:10953000402101607047C04690320A40034800292C
:1095400000D11030012109060160704790320A40B5
:109550000348002900D1103001210905016070473E
:1095600090320A4040B584B002AE0096FFF78AFD03
:10957000029A039B04B040BD40B584B002AE009691
:10958000FEF7C0FC029A039B04B040BD10B5012257
:10959000120383180C785C604978815010BD10B5B7
:1095A0000122120383180C789C604978815010BD09
:1095B00010B500239A4203D0CC5CC4545B1CF9E77D
:1095C00010BD80B50B4603214258C11D184600F05E
:1095D00069F880BD02480168491C01607047C046B7
:1095E000900220200022026042608260C26002611C
:1095F00001707047002804D0002101604160816043
:10960000C160704701466031002202706023C2547D
:109610004A707047002803D001600021818081607A
:1096200070470021425C491C002AFBD1481E70474C
:1096300000239A4202D0C1545B1CFAE77047000035
:10964000014940187047C046540D000001494018B8
:109650007047C046480D0000014800687047C0468A
:1096600090022020811E091F00BFFCD270470246D5
:109670000B46149813994FE702460B460398294668
:109680004AE702460B460398294645E700487047DB
:10969000A002202041780F2008407047002101607F
:1096A0004160704780B5FFF783FF80BD3046394683
:1096B00000E0000082B00094014C019410BD00BF96
:1096C000E985000030463946F4E702460B46F1E7EB
:1096D00002460B46EEE700F001F8FEE700BF7047D8
:1096E0002046AFE42046ADE428E6704701207047ED
:1096F00020BF7047000000000000000000000000D4
:1097000055425731000184030203000000000000AD
:109710000000FAC2000020420000FA42000020428D
:109720000000000000000000000000000000000039
:1097300001000000000000000000803F0000000069
:109740000000000000000000000000000000000019
:109750000000000000000000000000000000000009
:1097600000000000000000000000000000000000F9
:1097700000000000000000000000000000000000E9
:1097800000000000000000000000000000000000D9
:1097900000000000000000000000000000000000C9
:1097A00001000000000000000000803F00000000F9
:1097B00000000000000000000000000000000000A9
:1097C0000000000000000000000000000000000099
:1097D0000000000000000000000000000000000089
:1097E0000000000000000000000000000000000079
:1097F0000000000000000000000000000000000069
:109800000000000000000000000000000000000058
:1098100001000000000000000000803F0000000088
:109820000000000000000000000000000000000038
:109830000000000000000000000000000000000028
:109840000000000000000000000000000000000018
:109850000000000000000000000000000000000008
:1098600000000000000000000000000000000000F8
:1098700000000000000000000000000000000000E8
:1098800001000000000000000000803F0000000018
:1098900000000000000000000000000000000000C8
:1098A00000000000000000000000000000000000B8
:1098B00000000000000000000000000000000000A8
:1098C0000000000000000000000000000000000098
:1098D0000000000000000000000000000000000088
:1098E0000000000000000000000000000000000078
:1098F0000000000000000000000000000000000068
:109900000000000000000000000000000000000057
:109910000000000000000000000000000000000047
:109920000000000000000000000000000000000037
:109930000000000000000000000000000000000027
:109940000000000000000000000000000000000017
:109950000000000000000000000000000000000007
:1099600000000000000000000000000000000000F7
:1099700000000000000000000000000000000000E7
:1099800000000000000000000000000000000000D7
:1099900000000000000000000000000000000000C7
:1099A00000000000000000000000000000000000B7
:1099B00000000000000000000000000000000000A7
:1099C0000000000000000000000000000000000097
:1099D0000000000000000000000000000000000087
:1099E0000000000000000000000000000000000077
:1099F0000000000000000000000000000000000067
:109A00000000000000000000000000000000000056
:109A10000000000000000000000000000000000046
:109A20000000000000000000000000000000000036
:109A30000000000000000000000000000000000026
:109A400000000000000000000000C8410000C84203
:109A500000401C4500401C4600401C470000003FE1
:109A60000000164300003443000000000000000026
:109A700000000000000000000000000000000000E6
:109A8000C1D1C93D6C027A03E803000001008002E5
:109A9000A203E803000001008A021004E8030000AA
:109AA0000100BE002C01F40100000100A604F00535
:109AB000DC0500000100A604F005DC050000010043
:109AC000D8046E05DC0500000000BA044605DC057C
:109AD000000000009C04B603DC05000000009204B6
:109AE000D403DC0500000000C602B603E803000052
:109AF0000000C6028A02E803000000006C02EA01CE
:109B0000E8030000000062021202E8030000000007
:109B10006E00DC00F4010000000022014600F401A8
:109B2000000000007602A802E803DC0501000C0337
:109B30000203E80324FA01006C022C012003000058
:109B400001006C022C01200300000100D403020379
:109B5000B00400000100CA030203B00400000100C9
:109B60004A06D2050807000001004006BE050807A6
:109B700000000100DA071C079808000001009E079A
:109B8000F40698080000010006094808C40900000E
:109B90000100E8082A08C40900000100040B3C0A7F
:109BA000B80B00000100DC0A460AB80B00000100F7
:109BB00008029402E8036CEE010008029402E80334
:109BC0006CEE01006C02B202E80348F401008A0264
:109BD000B202E80348F40100E8032602E80330F883
:109BE0000100F2033002E80330F801004803940258
:109BF000E80318FC010048039402E80318FC010084
:109C00000C032602E803000001000C033002E80305
:109C100000000100E4021202E803E8030100E4028C
:109C20001202E803E80301000C03FE01E803D00779
:109C30000100D0020802E803D0070100E402440258
:109C4000E803B80B0100E4024402E803B80B01008A
:109C5000D002F401E80394110100D002F401E803FA
:109C600094110100D205D606D0076CEE0100D20592
:109C7000D606D0076CEE010062079A06D00748F4BA
:109C800001004407A406D00748F4010062072C062F
:109C9000D00730F8010094074006D00730F80100E3
:109CA0001C076806D00718FC01001C076806D007CF
:109CB00018FC0100FE065406D00700000100FE0655
:109CC0007206D00700000100C206E605D007E803CF
:109CD0000100C206FA05D007E80301007206E60596
:109CE000D007D0070100FE067C06D007D007010090
:109CF00036065E06D007B80B010090064006D00776
:109D0000B80B01007C063606D007941101009006BE
:109D10004006D0079411010076075E06DC0524FAA0
:109D200001005406FA05DC05DC0501000000000016
:109D30000000005F00000007000700147F147F147C
:109D4000242A7F2A122313086462364955225000C0
:109D500005030000001C2241000041221C001408E1
:109D60003E081408083E08080050300000080808A3
:109D70000808006060000020100804023E514945B8
:109D80003E00427F400042615149462141454B31EE
:109D90001814127F1027454545393C4A494930017E
:109DA000710905033649494936064949291E0036D5
:109DB0003600000056360000081422410014141426
:109DC0001414004122140802015109063249794154
:109DD0003E7E1111117E7F494949363E4141412263
:109DE0007F4141221C7F494949417F090909013EC0
:109DF0004149497A7F0808087F00417F410020409F
:109E0000413F017F081422417F404040407F020CC7
:109E1000027F7F0408107F3E4141413E7F090909CE
:109E2000063E4151215E7F0919294646494949317B
:109E300001017F01013F4040403F1F2040201F3F64
:109E40004038403F631408146307087008076151E5
:109E5000494543007F414100020408102000414170
:109E60007F0004020102044040404040000102041F
:109E70000020545454787F484444383844444420A3
:109E8000384444487F3854545418087E0901020C61
:109E90005252523E7F0804047800447D4000204026
:109EA000443D007F1028440000417F40007C04189E
:109EB00004787C0804047838444444387C1414142E
:109EC00008081414187C7C080404084854545420CE
:109ED000043F4440203C4040207C1C2040201C3C4F
:109EE0004030403C44281028440C5050503C4464BE
:109EF000544C44000836410000007F000000413609
:109F000008000804081008C0C902B502BF027602A2
:109F10004C046AFFFF02AF022303A5024C040000B9
:109F200077031A040D04AC0314053EFEC403890430
:109F3000160539031405D4FE69038E0317051D03A6
:109F400014056AFF9D036603C5034C031405000056
:109F50008703FF026004B903140596004F036903E9
:109F600000058B0314052C01FE037303AA03A90348
:109F70001405C2011004A904DC05A604DC053EFE9C
:109F80003D041604B5045004DC0500004A064407ED
:109F9000F806940634083EFE610617091506E60524
:109FA0003408D4FEEA0665079808390634081FFF0E
:109FB000540677064C06420634086AFFCF061F0691
:109FC000D906AE0634080000F606BD06D6079F0681
:109FD00034089600A406E306D90679063408E100A1
:109FE00093063D06030AA40634082C01FE06570614
:109FF0001507A1063408C2016C075C089F08CD074D
:10A00000FC083EFE32073A0AAD07E006FC08D4FE23
:10A010006C07EC075B084607FC086AFF0408230886
:10A0200043087606FC080000AB073D07ED0A8707EA
:10A03000FC0896000E0998085C08B208FC082C0180
:10A040001B085D078C07F507FC08C20183F9A20015
:10A05000444E6E00FC291500D1572700DD34F50071
:10A0600062DBC0003C999500419043006351FE00C3
:10A07000BBDEAB00B761C5003A6E2400D24D420092
:10A080004906E00009EA2E001C92D100EB1DFE00FB
:10A0900029B11C00E83EA700F535820044BB2E0024
:10A0A0009CE98400B4267000417E5F00D69139009F
:10A0B000538339009CF439008B5F840028F9BD007C
:10A0C000F81F3B00DEFF97000F980500112FEF00EF
:10A0D0000A5A8B006D1F6D00CF7E360009CB27001A
:10A0E000464FB7009E663F002DEA5F00BA27750015
:10A0F000E5EBC7003D7BF100F739070092528A007B
:10A10000FB6BEA001FB15F00085D8D003003560055
:10A110007BFC4600F0AB6B0020BCCF0036F49A000D
:10A12000E3A91D005E619100081BE60085996500AA
:10A13000A0145F008D40680080D8FF0027734D0099
:10A1400006063100CA561500C9A873007BE26000FC
:10A150006B8CC0004449474954414C204B45590041
:10A16000008080808080808080809090909090801F
:10A1700080808080808080808080808080808080DF
:10A1800080180404040404040404040404040404FF
:10A190000402020202020202020202040404040493
:10A1A000040443434343434341414141414141410D
:10A1B0004141414141414141414141410404040483
:10A1C00004042323232323232121212121212121AD
:10A1D00021212121212121212121212104040404E3
:10A1E00080000000000000000000000000000000EF
:10A1F000000000000000000000000000000000005F
:10A20000000000000000000000000000000000004E
:10A21000000000000000000000000000000000003E
:10A22000000000000000000000000000000000002E
:10A23000000000000000000000000000000000001E
:10A24000000000000000000000000000000000000E
:10A2500000000000000000000000000000000000FE
:10A2600000012C2D5557533400011B0098010001AB
:10A27000000200030004200378006400F4010000E1
:10A28000F9A3E1015BC32502E47D1502603AD10127
:10A29000371A0000666666002003FC08B405ED0569
:10A2A000700684051CC7FDFFB30B2100E79DE0FF8E
:10A2B0005EF0FDFF00D90500F40100004209AD7118
:10A2C000089F00000000BE42000000000000BEC267
:10A2D000000000000000000000008C4200000000B0
:10A2E000000096C20A00040F03000000000096431D
:10A2F0000000FA440020004500007A4400408344F6
:10A30000000034420000344300001643F401000012
:10A3100078000000F4010000BC0200000000007F93
:10A3200000000040FB21F93F000000002D44743E76
:10A33000000000809846F83C0000006051CC783B5B
:10A3400000000080831BF0390000004020257A388F
:10A35000000000802282E336000000001DF3693512
:10A3600045504D310101440002040A009C342E4442
:10A3700032B598430000003FCDCCCC3D0000403FBB
:10A380000000A041849A000090A30000E528541A20
:10A39000C500F4016C022003C802E803CF03B00437
:10A3A000CA04DC0545060807D206D007BC07980892
:10A3B000F708C409F00AB80B010000000000000013
:10A3C000000000000000000000000000100000007D
:10A3D0000001000003000000000000003400C44140
:10A3E0009EA4000074A40000C4A4000062A40000A5
:10A3F000030000000400000004000000060000004C
:10A40000E0FFE00700F800F800000000FFFFFFFF9A
:10A41000031D07062E2C292D2E2E373F000002107B
:10A42000021C07123732292D29252B390001031070
:10A4300004000000000007100000000018000000E9
:10A440000030000000001800000000300000000094
:10A45000180000000030000000001800000000306C
:10A4600000004241434B5349444500444953544141
:10A470004E434500415050524F4143480052414ED7
:10A4800047455F4D4D00494E56414C4944004449B3
:10A4900050205345540041444452455353004F55B6
:10A4A0005453494445004D4F4E49544F520044497E
:10A4B00053545F4D4D00544147204944004C4F4395
:10A4C0004B454400554E4C4F434B00012C2D012C65
:10A4D0002D52414E4745004B45594944004F504588
:10A4E0004E00574149540044495354005A4F4E4579
:10A4F000004641494C0041444452005041535300EE
:10A50000444953540041555448000000009F4B45B6
:10A510005900A20284443600080008000800080020
:10A5200008000A008A2A8AEE2C00070EC5050000E2
:10A53000FD860000C3950000EF94000002000000BB
:10A540009D0200000001000004FFF0003CA5000097
:10A550000000202044A50000A002202000000000F0
:040000030000933D29
:00000001FF
