:1000000000802020CDAA0000337A0000337A00005F
:1000100000000000000000000000000000000000E0
:10002000000000000000000000000000337A000023
:100030000000000000000000337A000099A90000D1
:10004000337A0000337A0000337A0000A9A0000060
:10005000337A0000337A0000337A0000337A0000EC
:1000600000000000337A0000337A00000000000036
:1000700000000000FDA00000F99E0000337A00009F
:10008000337A0000337A0000337A0000337A0000BC
:10009000337A0000337A0000000000000000000006
:1000A000337A0000337A00000000000000000000F6
:1000B000337A000000000000337A0000337A000039
:1000C000F0B59DB007460020002F01D100F094FE4E
:1000D0007B6A002B01D100F08FFEBC7A220604D08F
:1000E000B96A002901D100F087FE1C931892FB4DDC
:1000F000FB4EF8881A90386A1990F869010E17912A
:10010000010CC9B21691010AC9B21591C0B214907E
:10011000B869010E1391010CC9B21291010AC9B25A
:100120001191C0B210907869010E0F91010CC9B203
:100130000E91010AC9B20D91C0B20C903869010E3E
:100140000B91010CC9B20A91010AC9B20991C0B25E
:100150000890F868010E0791010CC9B20691010AD6
:10016000C9B20591C0B204903868C343010E029130
:10017000010CC9B20191000AC2B2FF20C04318436A
:1001800003941C07E4172C405D07ED1735406540CC
:10019000DC06E617D3490E406E409C06E417D249B0
:1001A0000C4074400121450808404042CF4E304089
:1001B000684045089B07DB1733406B409D0965404D
:1001C0008006C017CA4C204068409B06DB173340AE
:1001D000434053401807C017C04A10405A07D2176F
:1001E000BF4C22404240D806C417BE480440544089
:1001F0009806C017BC4D284060401A460A400D467C
:10020000524232405C08544062089B07DB1733407F
:1002100053409A094240A006C017B54908405040D3
:100220009A06D21732404240019842401007C01748
:10023000AA4C20405107C917A94B19404140D0068C
:10024000C317A84803404B409006C017A649084072
:100250005840114629404942314053084B40590803
:100260009207D21732404A40910941409806C01780
:100270009F4B184048409106C917314041400298B1
:1002800041400807C01720404A07D217944B1A4034
:100290004240C806C3179348034053408806C0171E
:1002A000914C204058400A462A40524232404B0866
:1002B00053405A088907C917314051408A094240C2
:1002C0009806C3178A48034053408806C017304039
:1002D0005840B98808F040FA1A9908F03DFA397A7E
:1002E00041404807C0177E4A10407A7A42400807CA
:1002F000C0177A4B18405040CA06D217794B1A40A3
:1003000042408806C31723405340084628404042D5
:1003100030404A08424050088907C91731404140DF
:10032000880958404307DC176D4B1C40039BDBB228
:1003300002935C400307DB17684E3340634092062C
:10034000D2176B4C22408906C917684E3140514084
:100350004140CA06D217634C22405A408B06DB1735
:10036000614C2340534082072840404230404908B6
:1003700041404808D2173240424090095840430754
:10038000DB17574C23400397FC7A37465C40030742
:10039000DB17524E334063408906CC1754490C405A
:1003A0009106C917394061404140CA06D4174D4AE9
:1003B00014405C408A06D2174B4B1A4062408307B8
:1003C000284040423840490841404808DB173B403C
:1003D0004340980950400207D41734404207D217CF
:1003E0003F4E324062408906CC17414E3440990658
:1003F000C917394061404140CB06DB17394C2340D7
:1004000053408A06D217384C22405A40830728406E
:1004100040423840490841404808DB173B404340D0
:10042000980950408906C917314041409806C017C5
:1004300038404840049948400107C917274E3140C9
:100440004207D217264B1A404A40C106CB1725490E
:100450000B4053408106C9172140594002462A40AB
:1004600052423A40430853405A088007C017384068
:10047000504082094A409906C9171D4B1940514006
:100480008006C01738404840059948400107C91701
:10049000314034464207D217114B1A404A40C10638
:1004A000CB1710490B4053408106C9170E4A114023
:1004B000594002462A4052423A40430853405A08A3
:1004C0008007C0173840504082094A409906C91732
:1004D000074E314051408006C0170BE03288DB0EDA
:1004E00019C46D076410B71DC8206E3B2083B8ED9A
:1004F0009041DC7638404840069948400107C917CA
:1005000021404207D217FC4B1A404A40C106CB1784
:10051000FA490B4053408106C917F94A1140594026
:1005200002462A4052423A40430853405A08800744
:10053000C0173840504082094A409906C9173140D7
:1005400051408006C017384048400799484001078D
:10055000C917214026464207D217E74B1A404A40A6
:10056000C106CB17E5490B4053408106C917E44A41
:100570001140594002462A4052423A4043085340F3
:100580005A088007C0173840504082094A409906EF
:10059000C917DC4C214051408006C0173840484004
:1005A000089948400107C91731404207D217D24E77
:1005B00032404A40C106CB17D0490B405340810618
:1005C000C917CF4A1140594002462A4052423A4088
:1005D000430853405A088007C017384050408209EA
:1005E0004A409906C917214051408006C01738403B
:1005F0004840099948400107C917C34A11404207BA
:10060000D21732404A40C106CB17BC4E334053404C
:100610008106C917BA4C2140594002462A4052422D
:100620003A40430853405A088007C01738405040AA
:1006300082094A409906C917B24B194051408006B9
:10064000C017384048400A9948400107C917AE4AC8
:1006500011404207D217A84B1A404A40C106CB1797
:10066000334053408106C9172140594002462A4071
:1006700052423A40430853405A088007C017384056
:10068000504082094A409906C9179E4B1940514073
:100690008006C017384048400B9948400107C917E9
:1006A000994A11404207D217934B1A401C464A40C0
:1006B000C106CB17334053408106C917904A1140F9
:1006C000594002462A4052423A40430853405A0891
:1006D0008007C0173840504082094A409906C91720
:1006E000884B194051408006C017384048400C994B
:1006F00048400107C917844E31404207D2172240B3
:100700004A40C106CB177D490B4053408106C917AB
:100710007B4A1140594002462A402C4652423A40F8
:10072000430853405A088007C01738405040820998
:100730004A409906C917734B194051408006C017AB
:10074000384048400D9948400107C91731404207D9
:10075000D217694B1A404A40C106CB17674D2B4050
:1007600053408106C917664A11405940024622404B
:1007700052423A40430853405A088007C017384055
:10078000504082094A409906C9175E4B19405140B2
:100790008006C017384048400E9948400107C917E5
:1007A00031404207D217544B1A404A40C106CB177A
:1007B0002B4053408106C917514E314059400246E3
:1007C000224052423A40430853405A088007C0171B
:1007D0003840504082094A409906C917494B194090
:1007E00051408006C017384048400F9948400107E3
:1007F000C917454A11404207D2173F4B1A404A4099
:10080000C106CB172B4053408106C91731405940D0
:100810000246224052423A40430853405A08800759
:10082000C0173840504082094A409906C917354BD5
:10083000194051408006C017384048401099484040
:100840000107C917304A11404207D2172A4B1A40F4
:100850004A40C106CB172B4053408106C91731408F
:1008600059400246224052423A40430853405A08F7
:100870008007C0173840504082094A409906C9177E
:10088000204B194051408006C0173840484011990C
:1008900048400107C9171C4A11404207D217164B9E
:1008A0001A404A40C106CB172B4053408106C91756
:1008B000314059400246224052423A404308534098
:1008C0005A088007C0173840504082094A409906AC
:1008D000C9170C4B194051408006C017384048409A
:1008E000129948400107C917074A11404207D21719
:1008F000014B1A404A4009E019C46D076410B71D46
:10090000C8206E3B9041DC763288DB0EC106CB17E7
:100910002B4053408106C9173140594002462240BE
:1009200052423A40430853405A088007C0173840A3
:10093000504082094A409906C917CC4B1940514092
:100940008006C01738404840139948400107C9172E
:10095000C74A11404207D217C64D2A404A40C10635
:10096000CB17C5490B4053408106C9173140594048
:100970000246224052423A40430853405A088007F8
:10098000C0173840504082094A409906C917B74BF2
:10099000194051408006C0173840484014994840DB
:1009A0000107C917B24A11404207D2172A404A40EC
:1009B000C106CB17B0490B4053408106C9173140DF
:1009C00059400246224052423A40430853405A0896
:1009D0008007C0173840504082094A409906C9171D
:1009E000A24D294051408006C01738404840159913
:1009F00048400107C9179E4A11404207D2179D4B34
:100A00001A404A40C106CB179B490B405340810610
:100A1000C917314059400246224052423A404308E9
:100A200053405A088007C0173840504082094A4056
:100A30009906C917294051408006C01738404840E0
:100A4000169948400107C917F04E31404207D217A6
:100A5000EF4B1A404A40C106CB17EB4D2B40534099
:100A60008106C917E74A11405940024622405242C6
:100A70003A40430853405A088007C0173840504056
:100A800082094A409906C917DD4B1940514080063A
:100A9000C01738404840179948400107C9173140EE
:100AA0004207D217DA4B1A404A40C106CB172B40F7
:100AB00053408106C917D34A11405940024622408B
:100AC0001B9452423A40430853405A088007C017CB
:100AD0003840504082094A409906C917C84B19400E
:100AE00051408006C017384048401999CAB2424068
:100AF0005008114621404B423B4043405808910763
:100B0000CC173C404440A00917905007C617C04876
:100B100006401007C017BD490840D506ED17BA4971
:100B20000D409206D217B7490A409B06DB17B4491D
:100B30000B40A406E4173C407040684050401799B1
:100B40004840584060401999090ACAB242405008CA
:100B500011461B9B19404B423B40434058089107AC
:100B6000CC173C404440A00917905007C617A8482E
:100B700006401007C017A5490840D506ED17A24941
:100B80000D409206D2179F490A409B06DB179C49ED
:100B90000B40A406E4173C40704068405040179951
:100BA0004840584060401999090CCAB24240500868
:100BB00011461B9B19404B423B404340580891074C
:100BC000CC173C404440A00917905007C6179048E6
:100BD00006401007C0178D490840D506ED178A4911
:100BE0000D409206D21787490A409B06DB178449BD
:100BF0000B40A406E4173C407040684050401799F1
:100C000048405840604019990A0E42405008114629
:100C10001B9B19404B423B40434058089107CC175F
:100C20003C404440A00919905007C6177848064038
:100C30001007C01775490840D506ED1772490D40D9
:100C40009206D2176F490A409B06DB176C490B408E
:100C5000A406E4173C407040684050401999484051
:100C600058401A9B6040002B08D17EE09041DC7612
:100C70003288DB0E19C46D076410B71D1C991A93D6
:100C80001C91098807F068FD1C99498807F064FDEC
:100C90001C99898807F060FD1C99C98807F05CFDE4
:100CA0001C99097A414048080A461B9B1A40524247
:100CB000524F3A40424050088B07DB173B404340BD
:100CC000980919904807C417514804400807C517E8
:100CD0004E480540C806C6174B4806408806C71749
:100CE000484807409006C017454908409906C9176B
:100CF000424A11401C9A527A62406A4072407A40DD
:100D00003E4F199B5A4041405140480813461B9C96
:100D100023405C423C40444060089307DE173E405D
:100D20004640B3095007C517394805401007C0179A
:100D3000364A1040CA06D217334F3A408906C917BF
:100D4000304F3940A406E4172D4F3C40B606F61745
:100D50002A4F3E4068405040484058401A9B1C99DA
:100D6000604070400A315B1E89D11899002942D039
:100D700005460398806A1C90029F781E032109F0A3
:100D8000E1FA481C00260328344600D004461B9094
:100D9000032F284618D33D1B00261C9F398807F0D7
:100DA000DBFC798807F0D8FCB98807F0D5FCF98816
:100DB00007F0D2FC398907F0CFFC798907F0CCFC29
:100DC000F61C0C37B542E9D11B99032913D0B100A9
:100DD0001C9A5518298807F0BFFC698807F0BCFCED
:100DE000012C08D0A98807F0B7FCE98807F0B4FC0B
:100DF0000835A41EEED1C0431DB0F0BD2083B8ED70
:100E00009041DC76C8206E3B6410B71D3288DB0E43
:100E100019C46D07F0B5B5B01E4615920C460746CD
:100E200048251846294609F0E5FD002F01D100F0BC
:100E30006FFC119614950920129080013E181394AE
:100E4000204606F02AFD002807D02F2000013D187B
:100E5000286804F031FD00280AD000203070149971
:100E6000705417204001381809F0A6FD35B0F0BDC8
:100E70006868002803D006F08DFA0028EDD10E979F
:100E80000A9523201399095C0020CA0703D1149DF9
:100E90000E9B374616E00E9B1A78002A374610D074
:100EA0001A79002A149D0DD0DA68002A0AD0139806
:100EB000C06C1A691F46159B9A1A82424CD8381D7D
:100EC0004BE0149D8A0701D4119E16E01A46903219
:100ED0001378002B119E0FD01379002B0CD0D36800
:100EE000002B09D00797139BDB6C1569159F7D1BA1
:100EF0009D4234D9079F149D0E9B4A0715D5129A1F
:100F000052019A181378002B0ED01379002B0BD0B6
:100F1000D368002B08D0139BDB6C12931469159BCC
:100F20001C1B129B9C4221D90E9B090727D51B2114
:100F3000090159180A78002A21D00A79002A1ED0FE
:100F4000CA68002A1BD0139AD26C0B69159CE31A4D
:100F5000934210D90E9B12E000203B4699E70028EF
:100F6000079F149D0E9BC8D1101DC6E700280E9B3D
:100F7000DBD1101DD9E700280E9B00D1081D344697
:100F80004434397800280DD03D460027012200293D
:100F900016D0A8881399098C8842384611D1E86A7E
:100FA00000220EE0002907D0F8681599081A139955
:100FB000096D884200D84BE2002038707855B6E1C0
:100FC00038460392049006940795139A23323E46BE
:100FD0000C970B9205E00E9B0B9A7F1C042F00D1FF
:100FE00090E1107801252C46BC400442F5D09020B9
:100FF0007843191808780028EFD008790028ECD039
:101000000D94CC68002CE8D01398C06C0A69159B2D
:101010009A1A8242DFD809968C20085C02061FD0FB
:101020007831C4B2A20030A809F010FD0894012C58
:1010300011D00898841E0321204609F083F9481C2A
:101040000328059000D100201090022C33D205987F
:10105000032800D0DCE008984008800030A90C5834
:101060000A980668204609F051FB0246F9B216AB11
:10107000304609F0BDFB002800D1F5E10C98C0B264
:101080001290C10028AA5318FD00139846197668DB
:10109000455955505E601298810020AA5450169A06
:1010A00024AB5A501FA90F54099E0D9806430C9863
:1010B000401C0C908FE71098C043089940180F907F
:1010C0000021012509E00846800030A90C50ED1CE4
:1010D0001299C91C0F988142B9D01291A80030A969
:1010E0000C582A462E46900030A94118091F0B685B
:1010F000A342114623D930A90B50701EC1B2002063
:1011000000291BD08A0030ABD3181B1F1B68A342D9
:1011100015D930A98B50B11EC9B200290ED08A0052
:1011200030ABD3181B1F1B68A34208D930A98B50C2
:10113000F61EF2B2002A0146D5D100E00146880031
:1011400030A90C506E1CB0000C583246B10030A8CB
:101150000818001F0368A342304623D930A8435023
:10116000501EC0B2002100281BD0860030ABF318FF
:101170001B1F1B68A34215D930A88351901EC0B213
:1011800000280ED0860030ABF3181B1F1B68A3424B
:1011900008D930A88351D21ED6B2002E0846D5D128
:1011A00000E00846800030A90C50AA1C90000C58A2
:1011B0001646910030A80818001F0368A342104685
:1011C00082D930A84350701EC0B20021002800D13F
:1011D00079E7820030ABD3181B1F1B68A34200D8ED
:1011E00072E730A88350B01EC0B2002800D16AE771
:1011F000820030ABD3181B1F1B68A34200D863E7E3
:1012000030A88350F61EF2B2002A0846D1D15BE71F
:10121000002012900BE02046800030A90A50AD1C3F
:101220001299891C10981291814200D113E7A800ED
:1012300030A90A582E462B46B40030A82018001FAB
:1012400001689142304623D930A80151581EC0B2DE
:10125000002400281BD0860030A97118091F0968D6
:10126000914215D930A88151981EC0B200280ED0E5
:10127000860030A97118091F0968914208D930A861
:101280008151DB1EDEB2002E2046D5D100E0204683
:10129000800030A90A500120129908431099884211
:1012A00000D1D8E66E1CB00030A90A583346B4000D
:1012B00030A82018001F016891423046ACD930A8F0
:1012C0000151581EC0B200240028A4D0860030A9C5
:1012D0007118091F096891429ED930A88151981E42
:1012E000C0B2002897D0860030A97118091F09687C
:1012F000914291D930A88151DB1EDEB2002E2046EA
:10130000D5D189E70C98C0B2079D297812900128A1
:1013100011D80029119C139A09D0108CA9888842F1
:1013200005D1E8681599081A116D884216D9172059
:101330004001181898E50029119C139F1DD0A8881A
:101340003A8C904219D10A98007A002815D00A9850
:10135000C068159A101ABA6C90420ED248222046E4
:10136000294609F073FBE671002020720C98607228
:1013700001200699487035B0F0BD01240A9B1C720B
:101380001598D8601FA8129A022A7AD10278002AEA
:1013900077D14078012874D15868002871D0109412
:1013A0000996209A01263404A24269D2219BA342C5
:1013B000109C66D291B29AB216AB00F0F7FD0028ED
:1013C0005CD0172040010E990818398C0F230A466B
:1013D00012931A40179B06F07BFFB96A07F059FC7D
:1013E000044616A840780028049802D0189807F000
:1013F000D5FDC94908F01CFA054605F0E7FE01468F
:10140000204608F015FA07461B901095284605F06F
:101410000FFD01461494204608F00AFA03461C907A
:1014200016A8817807984830002900D138E10A9938
:1014300009686922D20089181BAA159D009501929E
:101440003A4601F085F91B980F901C980E902CE1FC
:1014500048223046394609F0F9FA0020F07130810F
:101460000120607035B0F0BD002007990870149A13
:101470008854172040010E990818F5E4297800E0F7
:10148000109C002907D0A888398C884203D129698B
:1014900068691D9105E000201D90B86AF96A07F09F
:1014A000F8FB1E90386C30A90090019128A824A95F
:1014B0001DAB129A03F04CFB002800D128E130A8A4
:1014C000417C1091807C0F9000263046314606E02A
:1014D00010433943761C129AB2421C4611D01FAAFF
:1014E000925D2746974023462546B5402C46109AE4
:1014F00014403A4600D122460F9C2540E8D12F46A1
:10150000E6E7119F3C7030AA137C0025022B00D81F
:101510002C467C70BD701295139E348CBC800F25B8
:101520002540BD71F87139727B72319D329C1598DE
:10153000F8603D617C6133983864D17C069A117003
:10154000316C08F08BFA7F21CE05314607F0A1FB04
:1015500001463046129E08F081FA386378632046CF
:10156000214608F065F904462846294608F060F946
:10157000214607F08EFB07F0BDFE1399896A07F03C
:1015800083FB0446314608F033FC002800D1264690
:101590003299319806F018FD5E4908F049F9054680
:1015A0000A9800683B46383339463C310091314651
:1015B0002A4605F043FA00284CD0B96B304607F0B4
:1015C00068FB07460024214608F012FC002800D1E1
:1015D0003C46119FF96B284607F05BFB07F0DEFCE9
:1015E00006461398816A204607F053FB0546787833
:1015F000411E88410399014302D10120B870049E25
:101600004549304608F014F9064605F0DFFD01466D
:10161000284608F00DF904461B90304605F008FCFA
:101620000146284608F004F903461C90797807988B
:101630004830002919D00A9909686922D20089180E
:101640001BAA159E00960192224601F081F81B9C70
:101650001C9B0CE03846149C214609F0CBF9002075
:1016600007990870085535B0F0BD00210170139935
:10167000BC61FB61384608F011FC787A042801D37C
:10168000042002E0032803D10320069948703AE0C1
:10169000022006994870002078700120B87032E06E
:1016A00000210170159D0F970E93119F3E80BE7013
:1016B0001398008CB88012990140B9710998F8719B
:1016C00002267E72FD60109C204605F07FFD0146DB
:1016D000149D284608F0ACF83861204605F0A8FBB8
:1016E0000146284608F0A4F878610F98B8610E9872
:1016F000F86119981A9938637963069846703846E4
:10170000139908F0CBFB48220798394609F09EF957
:1017100035B0F0BDE02E654235FA8E3CF0B5A9B08B
:1017200015460291064600200B9010A9325C0A541F
:10173000002A6FD00B1831184C7810AA5C70002C5E
:101740006ED013188C7810AA9C70002C6ED01318D1
:10175000CC7810AADC70002C6ED013180C7910AA6B
:101760001C71002C6ED013184C7910AA5C71002CDF
:101770006ED013188C7910AA9C71002C6ED013189F
:10178000CC7910AADC71002C6ED013180C7A10AA38
:101790001C72002C6ED013184C7A10AA5C72002CAC
:1017A0006ED013188C7A10AA9C72002C6ED013186D
:1017B000CC7A10AADC72002C6ED013180C7B10AA05
:1017C0001C73002C6ED013184C7B10AA5C73002C79
:1017D0006ED013188C7B10AA9C73002C6ED013183B
:1017E000CC7B10AADC73002C6ED013180C7C10AAD2
:1017F0001C74002C6ED013184C7C10AA5C74002C46
:101800006ED01218897C917400296FD013305F2834
:101810008BD175E05F21091A10AA1018401C6AE0EC
:101820005E21091A10AA1018801C64E05D21091AB3
:1018300010AA1018C01C5EE05C21091A10AA10182A
:10184000001D58E05B21091A10AA1018401D52E033
:101850005A21091A10AA1018801D4CE05921091AA2
:1018600010AA1018C01D46E05821091A10AA101815
:10187000083040E05721091A10AA101809303AE040
:101880005621091A10AA10180A3034E05521091AF5
:1018900010AA10180B302EE05421091A10AA1018A3
:1018A0000C3028E05321091A10AA10180D3022E03C
:1018B0005221091A10AA10180E301CE05121091AE1
:1018C00010AA10180F3016E05021091A10AA10188B
:1018D000103010E04F21091A10AA101811300AE038
:1018E0004E21091A10AA1018123004E04D21091ACD
:1018F00010AA10181330022902D3491E09F07AF8F1
:10190000039604955F2110A8002201910A92425487
:10191000F34F02E02C218170C01C0178092907D007
:101920003B2905D000291ED079184978C90601D570
:101930002C2101704178092907D03B2905D00029C5
:1019400011D079184978C90601D52C2141708178C8
:101950000929DFD03B29DDD0002904D07918497846
:10196000C906D7D4D8E7DF4910A808F05FFC0028E3
:1019700000D1CDE2054601260A9806900790059011
:10198000099609E00A9000242046D64908F04EFC4A
:101990000546002800D1E7E12878002819D06D1C01
:1019A00038184078C00611D52878002811D038188A
:1019B0004078C0060DD56878002809D038184078DE
:1019C000C00605D5A878ED1C0028E9D16D1E00E001
:1019D0006D1C0020295C00290AD029184A78002AA9
:1019E00005D08978C01C0029F4D1401E00E0401CBD
:1019F0002818A84217D9421E117879184978C906C3
:101A000011D5AA4212D9811E0B78FB185B78DB0630
:101A10000CD5A94209D9C01E0278BA185278D2064C
:101A20000A46E6D402E0024600E00A4600211170B0
:101A30002A78002AA7D03D2A284623D1002804D19D
:101A40003A2A284633D1002846D001702A78002A45
:101A500053D06D1CBA185278D20611D52A78002AB4
:101A60004BD0BA185278D20647D56A78002A43D0AC
:101A7000BA185278D2063FD5AA78ED1C002AE9D1CF
:101A80006D1E3AE0681C1346002BD9D00378002B5A
:101A9000D6D03D2BD2D04378002BD1D03D2B00D1D6
:101AA0005EE18378C01C3D2BEED1401EC6E7681C6A
:101AB0001346002B10D00378002B0DD03A2BC2D048
:101AC0004378002B08D03A2B00D14BE18378C01C1F
:101AD0003A2BEED1401EB6E70798032800D952E70B
:101AE000B8184078800700D44DE70799481C890052
:101AF0000CAA5550079046E76D1C6A5C002A0AD074
:101B00006A185378002B05D09278C91C002AF4D1AA
:101B1000491E00E0491C6918A94217D94A1E1378CA
:101B2000FB185B78DB0611D5AA4212D98B1E1C78F4
:101B30003C196478E4060CD5AB4209D9C91E0A7871
:101B4000BA185278D2061A46E6D402E00A4600E0F5
:101B50001A46002111704278002A18D0841CB81847
:101B60004078C00611D52078002813D03818407866
:101B7000C0060FD5607800280BD038184078C00612
:101B800007D5A278E41C002AE9D1641E02E0441CB7
:101B900000E0641C605C00280AD060184278002ACB
:101BA00005D08078C91C0028F4D1491E00E0491CEA
:101BB0006018A04217D9411E0A78BA185278D20686
:101BC00011D5A14212D9821E1378FB185B78DB066F
:101BD0000CD5A24209D9C01E017879184978C906E6
:101BE0001146E6D402E0014600E0114600230B70E6
:101BF000297800291FD0284605E08170C21CC178D1
:101C00000029104617D0CAB2613A1A2A00D22039E8
:101C10000170417800290ED00A46613A1A2A00D292
:101C2000203941708178002905D00A46613A1A2A84
:101C3000E3D22039E1E708932846D14907F088FE2E
:101C4000002817D02846CF4907F082FE002811D07F
:101C50002846CD4907F07CFE00280BD02846CB490A
:101C600007F076FE002805D02846C94907F070FE27
:101C7000002842D1601C411E0A78B9184978401CDE
:101C8000CB06F8D4861E302A09D1421E12782023B2
:101C90001343782B03D101787918497806468807D1
:101CA0002AD528A91022304606F0F8F8289AB24220
:101CB00022D011787B185B78DB060AD551787B1827
:101CC0005B78DB0605D591787B185B78D21CDB0648
:101CD000EFD4AA4A904207D8099A089B06E0C0466A
:101CE000F0B300006BB700000123099A00291146E8
:101CF00000D1194601292FD1099E2846A54907F090
:101D000027FE00281ED02846A34907F021FE002800
:101D100018D02846A14907F01BFE002812D02846FB
:101D20009F4907F015FE00280CD028469D4907F072
:101D30000FFE002806D028469B4907F009FE002820
:101D400000D020E60BA9204606F0C4FE002830464D
:101D500000D017E60A9815E60590099E069612E649
:101D6000401C6BE6401C6EE60698C00704D007983E
:101D700002283ED300203DE00798022800D2C7E0A9
:101D80000C98401C411E0A78B9184978401CCB06B3
:101D9000F8D4861E302A09D1421E1278202313431C
:101DA000782B03D10178791849780646880733D50E
:101DB00028A91022304606F071F805462898B0424E
:101DC0002AD001787A185278D2060AD541787A1842
:101DD0005278D20605D581787A185278C01CD2067E
:101DE000EFD44C424C416548401C854211D3002041
:101DF00010E001200A99C907324600D10246002AA4
:101E000002D0059D0A9C0BE000293446059D12D1A5
:101E100009E00120044000D1059D0A98C00702D0C6
:101E2000E00708D174E00D980BA906F053FE002CD2
:101E30006ED000286CD07421049E304608F0DAFD84
:101E40000120307075800F20284030710B98B060F1
:101E50000298F060122003990B181A46123A127871
:101E6000002A5BD01A46113A1278002A58D01A4636
:101E7000103A1278002A55D01A460F3A1278002AE2
:101E800052D01A460E3A1278002A4FD01A460D3A0E
:101E90001278002A4CD01A460C3A1278002A49D0FF
:101EA0001A460B3A1278002A46D01A460A3A127895
:101EB000002A43D01A46093A1278002A40D01A461E
:101EC000083A1278002A3DD0DA1F1278002A3BD057
:101ED0009A1F1278002A39D05A1F1278002A37D058
:101EE0001A1F1278002A35D0DA1E1278002A33D051
:101EF0009A1E1278002A31D05A1E1278002A2FD04A
:101F00000A5C002A2DD013307128A5D1019828E051
:101F1000002104980170084629B0F0BD123820E075
:101F200011381EE010381CE00F381AE00E3818E0A7
:101F30000D3816E00C3814E00B3812E00A3810E0C7
:101F400009380EE008380CE0C01F0AE0801F08E0E6
:101F5000401F06E0001F04E0C01E02E0801E00E0FB
:101F6000401E30741136C4B23046224608F06EFD71
:101F700000203055099829B0F0BDC046FFFF000091
:101F80005AB7000038B70000D0B6000050B70000C4
:101F900019B700002EB70000ADB60000F0B6000083
:101FA00013B70000BFB6000057B70000F0B5B9B0D6
:101FB000002B00D1E1E11446059100271F605F600E
:101FC0009F60DF601F6106461D4605F0E3F90028AB
:101FD00000D0D3E10295F0881390002800D1CDE124
:101FE0000025E8431290706A1090059808F08EFB67
:101FF0000F90F0680E90204608F088FB0D90306935
:102000000C900896307A0B9029A8014614310A9159
:102010000146103903911838049019A8014614316B
:1020200006910146103900911838019029462A4638
:10203000119515950DE0C00019A90A18149B0B50B5
:10204000189850602A461799491C1398814200D16C
:1020500064E116920A201791484310990C18085A07
:1020600008F054FB01460F9806F00EFE0E9907F09B
:10207000F5FC06461494608808F048FB01460D986C
:1020800006F002FE0C9907F0E9FC014607F0D0FBD0
:1020900007463046314607F0CBFB394606F0F9FDDE
:1020A0001890159B1806119F2DD0D8B2129C44434E
:1020B00001210D1A02270A9E30461038006818992F
:1020C00007F0B4FE00281AD1E819022814D03046CF
:1020D00008380068189907F0A9FE002811D1E01906
:1020E0000AD03068189907F0A1FE00280AD1FF1C19
:1020F000E01918360228DFD1159B1F4603E0BF1EEA
:1021000000E07F1E159BF8B2D9B20B9A914204D31E
:10211000904202D3169A149B61E0914204D30024AA
:10212000914204D25D1C03E001249142FAD31D4682
:102130006A1ED3B2834249D9099515990C19E41B3B
:10214000A41EE1B2AB2507914D436D0A03266E43F1
:10215000A41B611C1591CCB2032C01D10021159157
:10216000032C1BD0DC0003990E190027B468F1681A
:102170003461716101213943C9B2159CE4B2A142B5
:102180000AD022CE31607560921E9B1EBF1CF9B230
:10219000183EA142EAD101E0521E5B1E07990229B6
:1021A000099D13D3D900049B5B1819695C69DC6134
:1021B0009961D9689C681C61596159681C689C6068
:1021C000D960D21ED1B2183B8142EED8C00029A9F5
:1021D0000A18149B0B50189850601595169A187A87
:1021E000C007179900D12FE70898437A10062BD023
:1021F0000993D0B2129D454301210C1A0227069E75
:10220000304610380068189907F010FE00281DD1DC
:10221000E019022814D0304608380068189907F0F1
:1022200005FE002814D1E8190AD03068189907F083
:10223000FDFD00280DD1FF1CE81918360228DFD15A
:10224000169A1746099B06E0002704E0BF1E00E02F
:102250007F1E099B169AF8B2D1B2994202D39842D6
:1022600000D3F0E6994204D30024994204D2551CCD
:1022700003E001249942FAD315466A1ED3B2834281
:1022800000D8D8E6099516990C19E41BA41EE1B2F2
:10229000AB2507914D436D0A03266E43A41B611CB9
:1022A0001691CCB2032C01D100211691032C1BD026
:1022B000DC0000990E190027B468F168346171617F
:1022C00001213943C9B2169CE4B2A1420AD022CE00
:1022D00031607560921E9B1EBF1CF9B2183EA14270
:1022E000EAD101E0521E5B1E07990229099D00D226
:1022F000A1E6D900019B5B1819695C69DC619961F1
:10230000D9689C681C61596159681C689C60D960D7
:10231000D21ED1B2183B8142EED88CE61598000649
:1023200002982AD016920121109101702A98FD4935
:10233000149007F05DFD1599CDB2002821D000273B
:1023400029AE3C467068FB4907F052FD00280ED0CC
:102350003068808808F0DAF90146204606F099FCDA
:1023600004467F1C6D1E0836002DEBD1159FF8B278
:1023700008F0CCF9014620462FE00027384639B056
:10238000F0BD002129AC0E461AE07F20C005314681
:1023900007F064FB07462068808808F0B7F901461B
:1023A000384607F045FA179906F073FC0646189868
:1023B000394606F06EFC01466D1E0834002D0BD028
:1023C0001796189167683846DB4E314607F010FDC6
:1023D0000028DAD13E46D8E7304607F03FFB0646F4
:1023E000089F7C697F20C5052046294607F014FD1B
:1023F000002806D11894BC7A022C029804D2109FAF
:10240000C4E00298109FC1E01796BE6A002E31D03A
:102410001195B8690025294607F008FD00282CD041
:10242000149806F067FFB96907F018FB0146119F81
:10243000384606F029FC04460026314607F0D8FC51
:10244000002807D12046394607F0F0FC0028264630
:1024500000D03E463846189C214606F015FC314611
:1024600007F0E6F9214606F014FC01460898866A52
:10247000847A04E0109F179E88E0119F18993846CF
:10248000189106F001FC1590A00030180146071FB6
:102490003888059A90421ED9301D022C18D33188F5
:1024A000914215D2611E7719BA88059B9A4215D2BE
:1024B00001290DD03A89059B9A4211D2022907D0F1
:1024C000BA89059B9A420DD2C91E0C350029EAD162
:1024D0000746354608E00D46083D05E03F1D02E091
:1024E000083700E00C373D1F388808F00FF9064622
:1024F0002C46288808F00AF905463046294606F099
:10250000C3FB06460120C107304688438B4907F0CC
:102510006FFC00280FD0608808F0F8F8054678882E
:1025200008F0F4F80146284606F0B3FB3F210906FF
:1025300007F07EF91AE0059808F0E8F8294606F059
:10254000A3FB314607F08AFA0646608808F0DEF8F9
:102550000546788808F0DAF8294606F095FB01462A
:10256000304607F065F9294606F093FB01461598B9
:1025700007F05EF905461898179907F059F92946AA
:1025800006F087FB06460298109F119D466014983E
:1025900006F0B0FE294606F07CFB0146284607F00F
:1025A0005DFA0299C8601698000600D1E6E611951A
:1025B00001244C701A9D284606F09CFE0899C969B2
:1025C00007F020FC414241410E915A490F9528469F
:1025D00007F00EFC00282DD01698C0B21299414386
:1025E000129119AE1436271A0225524C3046103873
:1025F0000068214607F0FCFB00281DD0781902284E
:1026000016D0304608380068214607F0F1FB002854
:1026100014D0129840190BD03068214607F0E8FB1F
:1026200000280CD0ED1C1298401918360228DDD174
:10263000169D04E0169D05E0AD1E00E06D1E109F86
:10264000280671D0EEB200273F4818903D4C19ADD6
:10265000394617E01198214607F000FA044639463A
:1026600007F0E6F8149906F014FB07461398214684
:1026700006F00FFB0146761E0835002E179C1698B3
:10268000189029D013911497159628680621405E5A
:1026900007F0F6FE2D4907F0E1F907466E6821467E
:1026A00007F0A6FB0028384600D120461790384690
:1026B000189C214607F0BAFB0028384600D1204676
:1026C000169030461C4C214607F092FB00283046FD
:1026D000159EBFD10446BDE7384607F0BFF9109FED
:1026E000029A90600E980028119D01D000200AE007
:1026F0001698179906F0C8FA0899096A07F082FB3C
:10270000029A411E884190700F98144606F0F2FD1F
:10271000294606F0BEFA0146284607F09FF92061D7
:102720002CE6C046CCBC8C2B0548064917910649BF
:102730001691D5E7CCBC8C2B17B7D139BD37863570
:102740000000C07F00007A4400007AC40000C84244
:10275000F0B5A1B01F460E460446279D2699007885
:1027600000281792209100D1FFE006971595606828
:10277000081A07F0CBFF864907F070F9054618964E
:102780007769394607F052FB002800D12F46209880
:1027900060602069A568394607F04AF8294606F0C6
:1027A00078FA1090A0606069E568394607F040F853
:1027B000294606F06EFA0590E060A569A16B1C91B0
:1027C000384607F035F8294606F063FA2090A56AE6
:1027D000A16C1B91384607F02BF8294606F059FAF0
:1027E0001F90E569E16B1491384607F021F82946FE
:1027F00006F04FFA1190E56AE16C0E91384607F049
:1028000017F8294606F045FA1390256A216C0F91B6
:10281000384607F00DF81290294606F03AFA1E9055
:10282000256B216D3846089107F002F80C90294677
:1028300006F02FFA1D90666A616C3846079106F023
:10284000F7FF0A90314606F024FA0646656B1694A7
:10285000616D0D91384606F0EBFF0446294606F0FF
:1028600018FA054638461E9906F0E2FF209906F050
:1028700010FA0B9038461A96314606F0D9FF119996
:1028800006F007FA209038461D9906F0D1FF1F99EF
:1028900006F0FFF91F9038461995294606F0C8FF43
:1028A000139906F0F6F9099012981C9906F0F1F9BF
:1028B00011900A98149906F0ECF912900C981B9953
:1028C00006F0E7F9139020460E9906F0E2F914900D
:1028D000189C26682F49384606F0DBF90546304635
:1028E000294606F0A5FF06460B9906F0D2F90746E1
:1028F0003046099906F0CDF906466068294606F08B
:1029000097FF05460F9906F0C4F90C9028460D99DB
:1029100006F0BFF90D90A5681B973846294606F0CA
:10292000B8F907461C963046294606F0B2F9044627
:102930000120C507209969401F9806F079FF0646D7
:1029400038461894214606F073FF314606F0A1F987
:102950000446A843104907F04BFA00281ED0159DE5
:10296000109828601698C76847E25821204608F05A
:1029700041F801202070209860601799A160E760FD
:10298000F068A061E062306920646065296034E22B
:1029900000007A446F12833ABD3786351B9D284666
:1029A000189906F045FF314606F073F90294214666
:1029B00007F054F804903846209C214606F038FF72
:1029C0000646284621460E9706F032FF014630465D
:1029D00006F05AF9029F394607F040F803901F9C11
:1029E00020461C9D294606F023FF064620461899DE
:1029F00006F01EFF314606F047F9394607F02EF87B
:102A00000F900E98294606F013FF0646204620999F
:102A100006F00EFF0146304606F036F9394607F05B
:102A20001DF809902046129C214606F001FF06463B
:102A3000119D2846189906F0FBFE314606F024F950
:102A4000394607F00BF80B900E98214606F0F0FE81
:102A500006462846209906F0EBFE0146304606F071
:102A600013F93D46394606F0F9FF0A901F98149C69
:102A7000214606F0DDFE0646139F3846189906F0FB
:102A8000D7FE314606F000F92E46294606F0E6FF4D
:102A900018900E98214606F0CBFE05463846209940
:102AA00006F0C6FE0146284606F0EEF8314606F06E
:102AB000D5FF0E901798109906F0E6F8054606988F
:102AC000059906F0E1F80646039906F0B1FE0746BF
:102AD0000498294606F0ACFE394606F0DAF80146BD
:102AE000169CA06806F0D5F81790A06030460999AA
:102AF00006F09EFE07460F98294606F099FE3946D5
:102B000006F0C7F80146E06806F0C3F8E06030461A
:102B10000A9906F08DFE07460B98294606F088FEB6
:102B2000394606F0B6F80146206906F0B2F8206191
:102B300030460E9906F07CFE06461898294606F0A7
:102B400077FE314606F0A5F80146606906F0A1F867
:102B50006061049C20461B9D294606F069FE0146E3
:102B6000284606F091F80546039E30461F9906F068
:102B70005FFE0146284606F087F810902046209D0B
:102B8000294606F055FE0146284606F07DF8054622
:102B900030461C9906F04CFE0146284606F074F8B3
:102BA000069020461E9D294606F042FE0146284614
:102BB00006F06AF8054630461D9906F039FE0146D2
:102BC000284606F061F8059020461A9C214606F03A
:102BD0002FFE0146204606F057F805463046199963
:102BE00006F026FE0146284606F04EF804900F9F98
:102BF00038461B9906F01CFE01461F9E304606F023
:102C000043F80546099C2046314606F011FE014670
:102C1000284606F039F803903846209906F008FE59
:102C200001461C9E304606F02FF8054620463146E8
:102C300006F0FEFD0146284606F026F802903846CA
:102C40001E9906F0F5FD01461D9F384606F01CF85A
:102C5000054626462046394606F0EAFD0146284646
:102C600006F012F801900F981A9906F0E1FD01465E
:102C7000199C204606F008F805463046214606F025
:102C8000D7FD0146284605F0FFFF0F900B9E30460A
:102C90001B9906F0CDFD0146119805F0F5FF05469C
:102CA0000A9F38461F9906F0C3FD0146284605F0E5
:102CB000EBFF11903046209C214606F0B9FD0146FD
:102CC000129805F0E1FF054638461C9906F0B0FD64
:102CD0000146284605F0D8FF129030461E9906F0AE
:102CE000A7FD01460C9805F0CFFF054638461D9913
:102CF00006F09EFD0146284605F0C6FF0C903046C2
:102D00001A9906F095FD0146079805F0BDFF0546A6
:102D10003846199906F08CFD0146284605F0B4FFA7
:102D20000B90189F38461B9906F082FD01461398B8
:102D300005F0AAFF05460E9E30461F9906F078FD65
:102D40000146284605F0A0FF1F903846214606F0B0
:102D50006FFD0146149805F097FF0546304634464E
:102D60001C9906F065FD0146284605F08DFF0546D5
:102D700038461E9906F05CFD0146089805F084FF70
:102D8000064620461D9906F053FD0146304605F0E3
:102D90007BFF064638461A9906F04AFD01460D9813
:102DA00005F072FF07462046199906F041FD0146DD
:102DB000384605F069FF1699109A8A61069ACA6129
:102DC000059A0A62049A4A62039A8A62029ACA625D
:102DD000019A0A630F9A4A63119A8A63129ACA6324
:102DE0000C9A0A640B9A4A641F9A0B46483364C3D0
:102DF0004865159D17982860CF686F6021B0F0BDB9
:102E0000F0B58FB005469920C143084699300E9021
:102E1000002D00D10AE302916920C000281800901B
:102E20001F200001281807907D4E7E4F29680EACA8
:102E30000C94204604F08CFBA988204605F0C2FAC9
:102E4000E988204605F0BEFA287A0E994140012211
:102E50000D9208461040434248083340434058080A
:102E60008A07D41734404440A0090B904807C6177E
:102E70003E400807C0176C4A1040CF06FF176B4A48
:102E800017408906C9176A4A11409B06DB17694A31
:102E90001340A406E417624A14407040784048404A
:102EA0000B994840584060406A7A424010460D995C
:102EB0000840434250085A4E334043405808910757
:102EC000CC1734404440A0090B905007C617554812
:102ED00006401007C01754490840D706FF1753494A
:102EE0000F409206D21752490A409B06DB17514900
:102EF0000B40A406E4174A490C407040784050400B
:102F00000B99484058406040AA7A424010460D99BB
:102F1000084043425008424E33404340580891070E
:102F2000CC1734404440A0090B905007C6173D48C9
:102F300006401007C0173C490840D706FF173B4919
:102F40000F409206D2173A490A409B06DB173949CF
:102F50000B40A406E41732490C40704078405040C2
:102F60000B99484058406040E97A414008460D9A24
:102F70001040434248082A4E3340434058088A07CD
:102F8000D41734404440A0090B904A07D61725486F
:102F900006400A07D21724480240CF06FF172348ED
:102FA00007408906C917224801409B06DB172148C4
:102FB0000340A406E4171A48044072407A404A408D
:102FC0000B9842405A4062400E92E9680C9C2046A1
:102FD00004F0BEFA2969204604F0BAFA696920466D
:102FE00004F0B6FAA969204604F0B2FAE96920466D
:102FF00004F0AEFA296A204604F0AAFA696A20466B
:1030000004F0A6FAA96A204604F0A2FAE96A20466A
:1030100004F09EFA042001952E462C460CE0C04692
:103020002083B8ED19C46D073288DB0E6410B71D1C
:10303000C8206E3B9041DC760B940C90304680307B
:103040000A903046303009903020305C0E9B43406F
:1030500018460D99084045425808F64A1540454023
:1030600068089907CC1714404440A00908905807F5
:10307000C217F54802401807C117F2480140D806A8
:10308000C017EF4F38409B06DB17EC4F3B40AD06B7
:10309000ED17E94F3D40A406E417E64F3C40514090
:1030A0004140594008984140694061400998427840
:1030B0004A4010460D990840434250083D463B4067
:1030C000434058089107CC173C404440A009099060
:1030D0005107CD17DC4805401107C917D9480140F1
:1030E000D706FF17D64807409206D217D3480240AA
:1030F0009B06DB17D0480340A406E417CD480440E4
:1031000069407940514009984140594061400B9CC9
:103110000E91718E0EAD284605F054F9716B28465C
:1031200004F016FAB16B284604F012FAF16B284647
:1031300004F00EFA316C284604F00AFA716C284645
:1031400004F006FAB16C284604F002FAF16C284645
:1031500004F0FEF9316D284604F0FAF9716D284645
:1031600004F0F6F9B16D284604F0F2F9F16D284645
:1031700004F0EEF9316E284604F0EAF9716E284643
:1031800004F0E6F9B16E284604F0E2F9F16E284643
:1031900004F0DEF97034316F284604F0D9F9716F0C
:1031A000284604F0D5F9B16F284604F0D1F9F16F43
:1031B000284604F0CDF980203158284604F0C8F99B
:1031C0000A9E7168284604F0C3F9B168284604F0E5
:1031D000BFF9F168284604F0BBF93169284604F0CC
:1031E000B7F97169284604F0B3F9B169284604F0CB
:1031F000AFF9F169284604F0ABF90C98401E264659
:1032000000D019E7079C21880EAD284605F0DAF8B2
:103210006188284605F0D6F8A188284605F0D2F83E
:10322000E188284605F0CEF82189284605F0CAF83D
:103230006189284605F0C6F8A189284605F0C2F83C
:10324000E189284605F0BEF8218A284605F0BAF83B
:10325000618A284605F0B6F8A18A284605F0B2F83A
:10326000E18A284605F0AEF8218B284605F0AAF839
:10327000618B284605F0A6F8A18B284605F0A2F838
:10328000E18B284605F09EF8218C284605F09AF837
:10329000618C284605F096F8852080000199081871
:1032A0000390029C039807199A200D90395A0EAD8D
:1032B000284605F087F89C200C90395A284605F0DE
:1032C00081F89E200B90395A284605F07BF8A02003
:1032D0000A90395A284605F075F8A2200990395A03
:1032E000284605F06FF8A4200890395A284605F0C2
:1032F00069F8A6200790395A284605F063F8A820F7
:103300000690395A284605F05DF8AA200590395AEA
:10331000284605F057F8AC200490395A284605F0A5
:1033200051F8AE26B95B284605F04CF81634B9D1F1
:103330004648019908180390029D039847190D9873
:10334000395A0EAC204605F03DF80C98395A204603
:1033500005F038F80B98395A204605F033F80A98EA
:10336000395A204605F02EF80998395A204605F0BA
:1033700029F80898395A204605F024F80798395A50
:10338000204605F01FF80698395A204605F01AF82D
:103390000598395A204605F015F80498395A204600
:1033A00005F010F8B95B204605F00CF81635C4D1CD
:1033B000009D29680EAC204604F0CAF869682046D2
:1033C00004F0C6F8A968204604F0C2F8E96820466F
:1033D00004F0BEF82969204604F0BAF8696920466D
:1033E00004F0B6F8A969204604F0B2F8E96920466D
:1033F00004F0AEF8296A204604F0AAF8696A20466B
:1034000004F0A6F8A96A204604F0A2F8E96A20466A
:1034100004F09EF8296B204604F09AF8696B204668
:1034200004F096F80E98C0430FB0F0BD00200FB026
:10343000F0BDC0462083B8ED9041DC76C8206E3BDD
:103440006410B71D3288DB0E19C46D07AE02000090
:10345000F0B5FFB0A2B01F46144601910D90A6989A
:1034600007908000DB490E585D1ED01E1821009188
:1034700006F09AFDC11788431721C94341430A1931
:10348000411B13910A9675190C9080001297B90090
:10349000401AD1494018061D002764AC0992AF427A
:1034A0000EDC1398C01904D4306807F0EDF8099ABF
:1034B00001E00020014603C47F1C0034361DEEE706
:1034C0001298C00064A94418083C00230A9FBB421C
:1034D0001FDC109300250D9F119413952E46129812
:1034E00085420FDA03CF0CCC083C083F04F0DEFF26
:1034F000139A334604F0A3FA13900E466D1C083C51
:103500000837ECE707F040FA5B1C119C0834099A75
:10351000DCE71046183806903020801A03902F20E0
:10352000801A02908DA8011FB80005910818049018
:103530003A46D60014A8811983594968083E8DAFD0
:103540000B921392139801282ADB119710960026EC
:1035500018460C4632460E93A04B04F0A7FF06F027
:103560001BFE07F091F80F900D463246109E119FFA
:103570009B4B04F09BFF0E9A234604F060FA06F082
:103580000BFE01C71398401E139014A8811980598F
:1035900049680F9A2B4604F052FA0346083ED1E7D9
:1035A0001846069F3A4605F003FB04460D46FF20E9
:1035B000830500262046324604F078FF04F0CCFB59
:1035C0000E963246874B04F071FF22462B4604F0DC
:1035D00036FA04460D4606F0DFFD064607F054F8BD
:1035E00002460B462046294604F024FA1390012F88
:1035F00011915CDB0B9880008DA94018001F0168B9
:103600000A46039B1A41961908969A40891A016046
:10361000029801410A9D744E0E91012953DB00244A
:103620008DA821460B9A91420EDA0268002C33468F
:1036300002D1002A06D0731C9A1A02600124491C88
:10364000001DEFE70024FAE7069801280899674F64
:103650000B9B0EDB099A192A654802D01A2A08D159
:10366000644899008DAA8918091F0A6802400A60F7
:103670000899491C08910E98022824D10020394647
:10368000139A119B04F0D6F9064602200E90002CE6
:103690007CD000200C463946069A05F089FA02468D
:1036A0000B463046214604F0C5F907460DE0089662
:1036B000002F0A9D5FD013980E9AF04B06F07AFB0C
:1036C0000028ED4E5FD1139F1199002438460E4615
:1036D0002246234606F050FB002859D00B9EB0002E
:1036E000059909183246AA4204DD521E0B681C4394
:1036F000091FF8E7002C0499324660D10868521C73
:10370000091F0028FAD012988019C00064A90F1868
:103710000F92711C964200DB0BE70C981091081871
:103720008000D449085806F0AFFF129AB218D200B0
:1037300064AB9C1898506160002511970D9C1395FF
:103740002E46129885420FDA03CC0CCF083F083C76
:1037500004F0ACFE139A334604F071F913900E4650
:103760006D1C0834083FECE707F00EF9119F08378D
:103770001E460F9ACDE70B9880008DA94018001FB8
:103780000068C11547E702200E9048E737469CE7DE
:103790003946099F0098C21B0846314605F008FAD1
:1037A00005460C460022B74B06F004FB002823D147
:1037B0002846214606F0F0FC06460B9F39E08DA90D
:1037C0000818001F069A183A761E0168001F002983
:1037D000F9D033E040B60000E8B200000000703ECF
:1037E000000070C1000020C0FFFFFF000000F03F9C
:1037F000FFFF7F00FFFF3F000027A34B2846214625
:103800003A4604F053FE06F0C7FC064606F03CFFBD
:103810009E4B3A460B9F04F049FE2A46234604F08D
:103820000EF906F0B9FCB9008DAA50507F1C09981A
:103830000690B8008DA90E50069A3E460020904989
:103840000C9005F0B5F93446B600E5000B9422461D
:10385000002A1DD407468DA8805913960C4616469B
:1038600006F012FF02460B463846214604F01EFEC3
:1038700014AA531950515960002238462146824BF0
:1038800004F014FE3246139E521E361F083DDFE739
:103890000B9FF90014A80D9144183A46002A079985
:1038A0000A982CD41092B91A8842129000DB129117
:1038B0000F9100211194764E0F460D4612988142C9
:1038C00011DC3068139171680CCC083C04F0EEFDFB
:1038D0003A462B4604F0B3F807460D461399491CA7
:1038E00008360834EAE70F98C0003CA90A180F50C0
:1038F0005560109A521E119C083C0B9FCEE7481E43
:1039000002281ED3002954D0032900D0ACE03CA8E3
:103910000D990C18083C3846002858DD06F0B4FF15
:1039200002460F462846314615463B4604F082F8CB
:1039300007F07DF8A0C40B9F206013986160103CD5
:10394000EAE7FE0000242546002F0CD43CA881198C
:1039500082594B682046294604F071F804460D460A
:103960007F1E083EF0E701260E980028284601D069
:10397000F007684001990C6048603C983D992246E8
:103980002B4604F057F83CAC08340B9DAE4206DCE5
:103990000CCC083C04F053F8761C0834F6E70E9A79
:1039A000002A02D00122D2075140019A9060D160D2
:1039B0005AE0F8003CA90C1800200146002F21D441
:1039C0000CCC083C04F03BF87F1E083CF6E73CA812
:1039D0000D990C18083C384601281CDD06F054FFF0
:1039E00007460B46284631463A461D4604F022F863
:1039F00007F01DF827600B9F6560A0601398E160D9
:103A0000083CE9E70E9A002A02D00122D207514071
:103A1000019A03C228E00C980146022F0ADB3CAA57
:103A20000D9C131912595B6804F009F87F1E083CBD
:103A30000D94F2E706463D983C9A0E9B002B0CD065
:103A40000123DB0758403E9C3F9D5D405940019B50
:103A50001A601A1D71C2596106E03E9B3F9C019D90
:103A60002A602A1D59C269610721089808407FB061
:103A700022B0F0BDE8B20000FFFFFF000000E03F11
:103A80000000F03F000070410000703E000070C177
:103A900050B50000F0B59FB0002800D1BBE20F4642
:103AA000002900D1B7E205460668002E00D1B2E237
:103AB0006879002806D0F869A968401A80087D282E
:103AC00000D2A8E2F9480A90012011902879002834
:103AD00010950F977FD1A0200090F5480190002409
:103AE00080273046214622463B4603F009FE0E253C
:103AF0000095F04801903046214622463B460F9FF4
:103B000003F0FEFDE9481F3080B20090E9480190C3
:103B100011980290E84B1C210422304606F06FFAFF
:103B2000E348433880B2009501907F233046214618
:103B30002A4602F0FFFA119D0295DD480190DF4808
:103B40000090DF4B072413223046214606F057FA37
:103B5000DA480090D64801900295DA4B1E22304692
:103B6000214606F04CFAD5480090D14801900295C4
:103B7000D54B29223046214606F041FACF48009025
:103B8000CB4801900295D14B71223046214606F078
:103B900036FACA480090C64801900295CC4B7D2267
:103BA0003046214606F02BFA33220092C948019094
:103BB00005247A25304621462B4602F0BBFA6C22BA
:103BC0000092C4480190304621462B46109D02F0D9
:103BD000B1FA11982871388817A90C9106F04AFBA0
:103BE00015A90D91384606F02AF912A9384605F0B4
:103BF000D9FA2F68089709260096AD4C01943E210A
:103C00000E9112223D230B93384603F079FD204696
:103C10004338079080B2099000900194119F029759
:103C200041241322089821460C9B06F0E8F92D68E0
:103C30000C9600969E4801901D2228460E990B9BDB
:103C400003F05EFD099800900F9EFC4801900297DA
:103C50001E222846099421460D9B06F0D0F91098A3
:103C60000768304606F026FD0890304606F022FD33
:103C70000078462802D0EE4D2C4601E0F04CEC4D89
:103C800020360D96ED4E502801D13446623C0C98FA
:103C900000900196282238460E990B9B03F030FDC8
:103CA000A0B20090019611980290292238460999F5
:103CB000089B06F0A4F90D98407A0028089501D0D9
:103CC00007980890109800680B900F9A107A0321BB
:103CD000014003292F4609D1D06800282F4605D07E
:103CE000106900282F4601D0D44F433F1F20099070
:103CF00038200090D04E019606213422059274237C
:103D00000B9C204603F0FCFC19AD0F98294604F0EB
:103D100065FAB8B2009001961198029007213722F7
:103D2000069220462B4606F06AF94620079000903E
:103D3000C048019006461E215022049222272046A8
:103D40003B4602F0F7F90E9D009501962A26204683
:103D50003946079A334602F0EDF939270097B548FE
:103D60000190204631462A46059E334602F0E2F98C
:103D700006980090AF4801904025204631463A46CB
:103D80002B4602F0D7F90097AA4801904C2620460E
:103D900005952946069A334602F0CCF90E98009014
:103DA000A44801905625204631463A462B4602F05B
:103DB000C1F9079F00979F4801905E26204629463B
:103DC0000E9A334602F0B6F9049800909948019093
:103DD0006223204631463A4602F0ACF90D98407A0B
:103DE000002804D10D98807A002800D115E10F9F9A
:103DF0007C6D944D2046294605F0FAFF002808D135
:103E0000914E2046314606F011F80028254600D094
:103E100035468E49284605F00BFD054603F0D6F9D8
:103E20008B4E314605F004FD8521C90504F031FFB4
:103E300006F0D8FB0446284602F0FAFF314605F0AA
:103E4000F7FC0146834804F01FFF06F0CBFB0899FE
:103E50008DB200900195402150220B9E30462346A2
:103E600002F068F90523009301953E214E22304669
:103E700003F046FC0998C4021CA9384604F0FAFB7A
:103E80000020109D119E06941CA9095C002924D0D5
:103E90001CA90918497800291ED01CA9091889787D
:103EA000C01C0029F0D1401E17E0C046E0FF000012
:103EB00042080000A510000070B60000718C0000E0
:103EC000D8B60000F8B6000029B7000047B70000D8
:103ED00042B70000692A0000401C5F494843803017
:103EE00040080222089989B2009153490191029633
:103EF0000E92039201B258221CAB0B9801F0B0F85D
:103F00002F680C9800904D4D01953E2170223D2365
:103F100038460B91089303F0F3FB2C46433CA0B2C8
:103F200000A961C14126712212AB3846314606F024
:103F300066F8109807680D9D287806F097FC0790A2
:103F4000287800283A4D00D025460C9800903B4C2C
:103F500001947C2238460B99089B03F0D1FBA8B250
:103F6000254600900194119802907D2238463146F2
:103F7000079B06F044F8109806680F9C204606F050
:103F8000AFFB0746E079002803D00A981F300A905B
:103F90000DE00D984078022802D00699099101E0C1
:103FA000623D09950021022800D0C9430A911420DE
:103FB00009998DB20090019500248C22802330460F
:103FC000214603F09DFB002F059911D0385D002894
:103FD0000AD038194178002905D08078E41C0028DF
:103FE000F4D1641E00E0641C1B486043803041082B
:103FF0000A9880B200900195119C02940E9803904B
:1040000009B28F2230463B4601F02AF80F98C0696A
:10401000109988604C711FB0F0BD4E220092044888
:1040200001903A2146230B9802F084F80F9F21E774
:10403000E0FF0000692A0000A5100000420800000F
:1040400000F8FFFF000070C20000704235FA8E3C9D
:104050000000B0410000A042F4FF0100F0B583B0C1
:104060000024002800D19AE2002900D197E24A6892
:10407000002A00D193E28A68002A00D18FE2CA6840
:10408000002A00D18BE20A69002A00D187E24A693E
:10409000002A00D183E20124002202604260826093
:1040A000C2600261426182611746024668C968C205
:1040B00068C968C2FC49816106C8083805460846D7
:1040C00021469047AA68286821469047EA682868F0
:1040D000214690476A69286805219047EA68286860
:1040E0003E46394690476A69286814219047EA6835
:1040F0002868214690476A6928689621019190476F
:1041000002AF3C7005CD00963146083D9047AA6845
:104110002868314690472B692868394622469847D7
:1041200005CD2146083D90476A6928680199904766
:1041300002AE1120307005CD009F3946083D9047F2
:10414000AA682868394690472B6928683146224674
:10415000984705CD2146083D90476A69286878212F
:10416000904702AEB120307005CD3946083D9047EA
:10417000AA682868394690472B6928683146224644
:104180009847AA682868214690472B692868C7493C
:1041900003220192984705CD2146083D904702AE83
:1041A000B220307005CD3946083D9047AA6828688E
:1041B000394690472B692868314622469847AA68B5
:1041C0002868214690472B692868F649019A984744
:1041D00005CD2146083D904702AEB320307005CD95
:1041E0003946083D9047AA682868394690472B69A8
:1041F0002868314622469847AA6828682146904791
:104200002B692868E8490622984705CD2146083DD4
:10421000904702AEB420307005CD3946083D904736
:10422000AA682868394690472B6928683146224693
:104230009847AA682868214690472B692868DB4977
:104240002246984705CD2146083D904702AEC02042
:10425000307005CD3946083D9047AA682868394630
:1042600090472B692868314622469847AA682868F3
:10427000214690472B692868CD49019A984705CD7A
:104280002146083D904702AEC120307005CD394629
:10429000083D9047AA682868394690472B692868E6
:1042A000314622469847AA682868214690472B69DC
:1042B0002868C0492246984705CD2146083D9047C9
:1042C00002AEC220307005CD3946083D9047AA683D
:1042D0002868394690472B69286831462246984716
:1042E000AA682868214690472B692868B2490222AB
:1042F0000192984705CD2146083D904702AEC32064
:10430000307005CD3946083D9047AA68286839467F
:1043100090472B692868314622469847AA68286842
:10432000214690472B692868A449019A984705CDF2
:104330002146083D904702AEC420307005CD394675
:10434000083D9047AA682868394690472B69286835
:10435000314622469847AA682868214690472B692B
:1043600028689749019A984705CD2146083D90470E
:1043700002AEC520307005CD3946083D9047AA6889
:104380002868394690472B69286831462246984765
:10439000AA682868214690472B69286889492246DF
:1043A000984705CD2146083D904702AE2020307049
:1043B00005CD3946083D9047AA6828683946904798
:1043C0002B69286831462246984705CD2146083D8D
:1043D000904702AE3A20307005CD3946083D9047EF
:1043E000AA682868394690472B69286831462246D2
:1043F0009847AA682868214690472B69286872491F
:104400002246984705CD2146083D904702AE36200A
:10441000307005CD3946083D9047AA68286839466E
:1044200090472B692868314622469847AA68286831
:10443000214690472B69286864492246984705CD54
:104440002146083D904702AE2A20307005CD3946FE
:10445000083D9047AA682868394690472B69286824
:10446000314622469847AA682868214690472B691A
:104470002868574904220192984705CD2146083DF6
:10448000904702AE2B20307005CD3946083D90474D
:10449000AA682868394690472B6928683146224621
:1044A0009847AA6804E0C0468000A000F1B400006C
:1044B0002868214690472B6928684649019A984701
:1044C00005CD2146083D904702AEE020307005CD75
:1044D0003946083D9047AA682868394690472B69B5
:1044E0002868314622469847AA682868214690479E
:1044F0002B692868384910220192984705CD21463A
:10450000083D904702AEE120307005CD3946083DA8
:104510009047AA682868394690472B692868314631
:1045200022469847AA682868214690472B69286840
:104530002A49019A984705CD2146083D904702AE89
:104540001320307005CD3946083D9047AA68286889
:10455000394690472B69286831462246984705CD51
:104560002146083D90476A6928680A21904702AEB3
:104570002920307005CD3946083D9047AA68286843
:10458000394690472B69286831462246984705CD21
:104590002146083D90476A69286864219047204673
:1045A00003B0F0BDF1B400000DB700006DB700001E
:1045B00054B700006FB7000065B7000067B7000090
:1045C00069B700006EB7000070B70000E7B20000E6
:1045D0004CB500004CB7000060B6000050B60000BB
:1045E000F0B59BB004910390002B00D171E11E4601
:1045F00022980290219807902098002101251C06FE
:104600002B405918630E07D02B405918A30E03D026
:104610002B405918E30EF1D1C9B20023032902D26D
:1046200018461BB0F0BD0028089609920B9500D1E2
:104630003DE1076840680C901990189700231946CF
:1046400005933D460691002A13931C46D0491191CB
:104650000A9700D19CE037460024049817900398ED
:104660001690CB48014623461190204613944BE008
:1046700004460E98314605F0F1F907460D9831468B
:1046800005F0ECF905463846214605F0D1F82646F6
:104690000446394605F0CCF8159904F0FAFA15905D
:1046A0002046294605F0C4F8109904F0F2FA0746AE
:1046B0002846314605F0BCF80646294605F0B8F80C
:1046C000119904F0E6FA119020460F9D294605F055
:1046D000AFF8129904F0DDFA04463046294605F099
:1046E000A7F8139904F0D5FA15993B461390089F43
:1046F000099A0A9D1498401C169E08361696179E15
:10470000361D1796824243D0064638461496F0402E
:10471000C007EFD0159110931294169C216828467B
:1047200004F0B2FA054661680C9804F0ADFA0D90F9
:10473000014605F07DF8064628460E95294605F007
:1047400077F8314604F0A5FA04F0D4FD0746FD4E93
:10475000314605F04DFB002800D13E461798016810
:10476000304604F091FA07460B98C0070F9787432D
:104770003846079C214605F045FB0546204639464C
:1047800005F06CF9002D00D172E77F20C40570E7B9
:1047900012940B98C007179018460E4619461C46EF
:1047A00005F046F8074615963046119E314605F04D
:1047B0003FF8394604F068FA169017990F46884377
:1047C000E14905F015FB002800D09CE17C401398DE
:1047D000214605F02DF805463046129905F028F8D7
:1047E000294604F056FA7840169F394605F036F906
:1047F00006461398159905F01BF8054620461299B0
:1048000005F016F8294604F044FA1799484039464D
:1048100005F024F90546014605F00AF8044630463D
:104820001796314605F004F8214604F032FA04F0F8
:1048300061FD0746C54C214605F0F8FA06462046BC
:10484000394605F00BF904467F20C005002E00D143
:10485000044616901798214604F0EAFF1790284660
:10486000214604F0E5FF0546002EB84C00D13C4639
:104870000A98179904F00DFA07460C98294604F097
:1048800008FA0C902046169905F0B2FA0028089E06
:1048900022D10699481C04290146099A0B9D059BC3
:1048A00000D2CEE60C981990189705231AE0002A3A
:1048B000184652D0D10002270020049D1446BA1E8B
:1048C0003346D340DA074AD17F1C08302D1D814280
:1048D000F5D100201BB0F0BD0C98199018970698E0
:1048E000431C0B9DFF20C0050740874200D10AE111
:1048F0000C9901408142099A05982ED02C4600253A
:10490000029F3D603D61FD603C7019981899796087
:10491000B86018A80090039804991793334604F0E0
:1049200021FE179BF8603146080621404D19410EC3
:1049300007D021404D19810E03D021404D19C10EE1
:10494000F2D1029A157456740020C0430999884028
:104950003043C0439074D37420461BB0F0BD791E21
:10496000C9B20022A14213921192109213460592ED
:10497000129200D396E0039908180A9002460C326E
:10498000291D00200346109011901290139080E092
:104990000AD7233C101F00680D900A9E34682146F8
:1049A0000F93169204F070F9014604F072F9159015
:1049B000169800680E9071680C9104F065F9014634
:1049C00004F067F914902868014604F031FF0646A8
:1049D00017980068014604F02BFF0146304604F0AA
:1049E00053F906462046214604F022FF0146304690
:1049F000089E04F049F904460D98014604F018FF9A
:104A0000214604F046F904460C98014604F010FFD4
:104A10000146204604F038F904460E98014604F099
:104A200007FF214604F035F90E90159C20462146DB
:104A300004F0FEFE129904F02CF912902046149C0A
:104A4000214604F0F5FE139904F023F91390204653
:104A5000214604F0EDFE119904F01BF91190159810
:104A60000E9C214604F0E4FE109904F012F9109017
:104A700014982146099C04F0DBFE0F9904F009F913
:104A80001799169A0346F8B27F1C091D0832A042F6
:104A900008D01791781E3146C140C80700D079E789
:104AA0001799F0E70F930120C407139E3046314653
:104AB00004F0BEFE05461298119F394604F0B8FE78
:104AC000294604F0E1F81790A0431D4905F090F93C
:104AD000002818D17440FF20C5050F98214604F026
:104AE000A7FE04461396109E3046394604F0A0FEF9
:104AF000214604F0CEF8179904F0B0FF074628408D
:104B00001695A84202D105981BB0F0BD1398314606
:104B100004F08EFE044612980F9904F089FE214697
:104B200004F0B2F8179904F099FF0C901699084018
:104B30008842089E099A059800D07FE50DE7C04697
:104B4000BD3786356F12833A77CC2B320000FA439B
:104B5000F0B59FB00F9316460D460246701FC1B2C6
:104B60000020FD2900D277E2002A00D174E2002D56
:104B700000D171E225990991002900D16CE20E92D1
:104B8000249F002138460C4605F03CF9002823D12B
:104B9000FF22D10538460840884220460E9C00D1AD
:104BA0005AE20B920A910D9500200C90C043B04040
:104BB000C543D5490497384605F043FC022E0ED173
:104BC0000F98009009980190EBB2022220460D99AF
:104BD00004F0C6F81FB0F0BD20461FB0F0BD074678
:104BE0001AA80F99009101970290EBB220460D9DF3
:104BF00029463246FFF7F4FC002800D12BE2042EB0
:104C00000C9800D1A9E0032E00D025E22E461B9D72
:104C10001C9F2168284604F037F8014604F008FE7E
:104C20002146044649680C97384604F02DF80146A1
:104C300004F0FEFD0146204604F02BF804F05AFB78
:104C4000316804F021F80446B048044000212046B1
:104C50000B9105F0EBF8002800D104460E9FB968CF
:104C6000284604F011F8014604F0E2FD0646F96812
:104C70000C9804F009F8014604F0DAFD01463046CC
:104C800004F007F804F036FB0D99496803F0FCFFC7
:104C90000646F24806403046214605F0C7F8411E58
:104CA00002468A410792002800D126460E9F3969A4
:104CB000284603F0E9FF014604F0BAFD044679698D
:104CC0000C9803F0E1FF014604F0B2FD01462046D6
:104CD00003F0DFFF04F00EFB0D9DA96803F0D4FF85
:104CE0000446DE4804402046314605F09FF8414224
:104CF00041410891002800D0264601200C90304602
:104D0000049905F093F80028099F00D166E110A8E6
:104D10000F9E00960190032206230E9C20462946F2
:104D200004F01EF8002800D1CBE0002E00D193E063
:104D30001198316803F0A8FF014604F079FD04469C
:104D40001298716803F0A0FF014604F071FD01465E
:104D5000204603F09EFF0A90AAE0089701200C90DD
:104D6000284600250B99C9050791274604460B954F
:104D700003950F9E04E06D1C0837241D042D48D0B8
:104D800001200A90A8400F21414010A80096089ADF
:104D900001920290CBB204220E980D99FFF720FCED
:104DA0000028E8D01198396803F06EFF014604F03E
:104DB0003FFD06461298796803F066FF014604F04D
:104DC00037FD014630460F9E03F063FF04F092FA70
:104DD000059013980690079905F00AF84142414161
:104DE0000B9808420C980B90C5D12168059803F0E8
:104DF0004BFF0A99C9078843039010A815A90CC84E
:104E00000CC14CC84CC10F9E069807900C980B9093
:104E1000B1E70398049905F009F8411E88410B9900
:104E20000140012911D17F20C105079803F031FF0E
:104E300004461D98FD21890504F0FAFC0146204630
:104E400004F0D6FF15A9002800D11AA9099C05C9AC
:104E500005C40DC90DC4FEE01198216803F014FFCC
:104E6000014604F0E5FC214604461298496803F027
:104E70000BFF014604F0DCFC0146204603F009FF6D
:104E800004F038FA296803F0FFFE04460120C00749
:104E900084433F200106204604F0CAFC07990029FC
:104EA000214600D101460898002800D121460A91E8
:104EB00010A815A90CC80CC11CC81CC10C980B90DB
:104EC0000E9C10A800960190032205232046294637
:104ED00003F046FF00285CD0002E19D011983168ED
:104EE00003F0D2FE014604F0A3FC04461298716858
:104EF00003F0CAFE014604F09BFC0146204603F085
:104F0000C8FE04460A9930E000001643FFFFFF7F09
:104F10001198A16803F0B8FE014604F089FC21460F
:104F200004461298C96803F0AFFE014604F080FC05
:104F30000146204603F0ADFE04F0DCF9696803F099
:104F4000A3FE06460120C00786433F2001063046E7
:104F500004F06EFC04460798002800D134460898F7
:104F600000280A9900D134460F9E204604F040FFE5
:104F7000414241410B9808420C980B9009D110A86E
:104F800015A90CC80CC12CC82CC10D9D0A940C98F5
:104F90000B9010A80096019003220E9C20462946F3
:104FA000134603F0DDFE002815D0002E18D011980E
:104FB000316803F069FE014604F03AFC0446129899
:104FC000716803F061FE014604F032FC01462046A0
:104FD00003F05FFE2CE00B98002837D11AA836E0CA
:104FE0001198216903F050FE014604F021FC21468E
:104FF00004461298496903F047FE014604F018FC84
:105000000146204603F045FE04F074F9A96803F058
:105010003BFE04460120C00784433F200106204692
:1050200004F006FC01462046089A002A00D10846F2
:105030000A990B9C04F0DCFE414241410C4205D12F
:1050400010A815A90CC80CC11CC81CC115A806C8FD
:1050500006C70EC80EC70C981FB0F0BDFFFFFF7F3C
:10506000F0B5F7B00D911690002800D170E21D4602
:10507000002B00D16CE27F981990C01EC0B240088E
:105080007F2800D264E216467D9822900627199860
:105090004743072141430591401EC2B2AB212192F3
:1050A0005143490A03220C925143401A401CC1B299
:1050B0002091032900D100207E9918917C991C91A0
:1050C00001211391199AD1000A91791E0491059931
:1050D000491E03912299090A1A91111A5300089343
:1050E0000C9B53430C93930007930523099353435D
:1050F0000693C0B21D90CCB20D9814900B970AE0A5
:10510000169905C9139990470B9F1498C0191490CC
:105110000E9E0F9D6D1C28780A2800D1E2E00D2814
:10512000F8D0002800D113E201467F395E22D24335
:1051300091420F9500D23F2009994843EC4940180D
:10514000A0381E9035B230461499084300B20028AA
:105150000E9600D5CCE01898002800D1C8E014982D
:1051600001B27818169A128B904200DDC0E00598C3
:105170004019169A528B904200DDB9E00498149AB7
:105180008018039A921912B2009203B216982A4616
:1051900002F0A6FF002800D1AAE01E98401C1B9038
:1051A00000273846159704E01298401C072800D1C4
:1051B0008FE11399129081401F91159A05E0179A7B
:1051C000521CD0B219998842EED21792159A07E074
:1051D00023ABFE1819543F1DF570D21C062AEED0E1
:1051E0001E98805C1F990840229900D01C990D0AD6
:1051F000219802280DD3002023AEF319F5555970DC
:105200009D70D9701D71BF1D5971C01CC3B2A342DE
:10521000F2D1209803280ED023A8C319C555B81C75
:1052200059701D9B012B01D1074604E023ABFE18EA
:105230001D543F1DF1701B98805C1F9908402299F6
:1052400000D01C990D0A219802280DD3002023AB11
:10525000DE19DD557170B570F1703571BF1D71715A
:10526000C01CC3B2A342F2D1209803280ED023A8B9
:10527000C319C555B81C59701D9B012B01D1074698
:1052800004E023ABFE181D543F1DF170901C05284F
:10529000229D1A9907D01E99085C1F990840229DEB
:1052A00000D01C9D290A219802280DD3002023AB91
:1052B000DE19D9557570B170F5703171BF1D7571FA
:1052C000C01CC3B2A342F2D12098032885D023A8E2
:1052D000C319C155B81C5D701D9B012B00D077E729
:1052E00007467AE70A9836180D9814906D1C12E755
:1052F0001998301800B21B900898301800B2179017
:105300000C98301800B215900798301800B212901F
:105310000698301800B21190F01900B210900021D8
:105320000F462E460EE0199B0093019016981F9988
:10533000109A02F0E5F97F1C199829462918062FC2
:1053400000D1E1E614980D46401800B21F90052FD9
:105350002AD118980028229832D1052F3AD11898CE
:105360000028229842D1052F4AD118980028229867
:1053700052D1052F5AD118980028229862D1052FB2
:105380006AD118980028229872D1052F7AD11898DE
:105390000028229800D082E0052F00D08AE01898DB
:1053A00000282298BFD1C6E71E98C15D139801401E
:1053B0001C9800D12298002902D118990029CCD03C
:1053C000199B0093019016981F99324602F098F9A4
:1053D000052FC4D01E98C05D022101401C9800D149
:1053E0002298002902D118990029BCD0199B00935A
:1053F000019016981F991B9A02F082F9052FB4D0DC
:105400001E98C05D042101401C9800D122980029FB
:1054100002D118990029ACD0199B009301901698DD
:105420001F99179A02F06CF9052FA4D01E98C05D41
:10543000082101401C9800D12298002902D1189916
:1054400000299CD0199B0093019016981F99159ADA
:1054500002F056F9052F94D01E98C05D102101402E
:105460001C9800D12298002902D1189900298CD0CB
:10547000199B0093019016981F99129A02F040F917
:10548000052F84D01E98C05D202101401C9800D1BA
:105490002298002903D11899002900D17CE7199B93
:1054A0000093019016981F99119A02F029F9052F7F
:1054B00000D174E71E98C05D402101401C9800D1C6
:1054C0002298002900D02EE71899002900D132E750
:1054D00029E7169D05CD0021083D9047AA68286858
:1054E00013999047002F00D10AE623AE0DE0C04685
:1054F0000CB10000F619169803690068314617468A
:105500009847F619EF1B00D1FAE5802F3D4600D3EE
:10551000802516980369006831462A469847812FEE
:1055200000D2EDE528467D1B802D2F4600D3802735
:10553000361816980369006831463A469847812D17
:1055400000D2DDE5ED1B802D2A46D3D38022D1E7A2
:1055500077B0F0BDF0B5E3B008920A910C90002846
:1055600000D1A5E118467F385E21C943884200D2A8
:105570003F236A980E90699C68980D9005205843C7
:10558000CC494018A038099008980A9908430B9410
:1055900000D5CCE00E98002800D1C8E00A98401D44
:1055A0000C99098B884200DBC1E00899891D0C9A8F
:1055B000528B914200DBBAE009B2009103B20C9821
:1055C0000A99089A02F08CFD002800D1AFE0200A69
:1055D0000E90099801780A91417808918178079195
:1055E000C17806910579002007460BE00A0A2023BE
:1055F000F2542122B15422210E9A725424372321CD
:105600007454C01C0126864031460A9A1140224635
:1056100000D00D9A130A0FACE119E3554A703246D7
:10562000089B1A400B9C224600D00D9A130A8B70DF
:10563000CA703246079B1A40224600D00D9A130AC0
:105640000B714A713246069B1A40224600D00D9AD1
:10565000130A8B71CA712E40224600D00D9A130A8C
:105660000B724A720E9A8A72CC72482F00D10DE1E9
:10567000022181400A460A9B1A40224600D00D9A18
:10568000130A0FACE619337372730A46089B1A406B
:105690000B9C224600D00D9A130AB373F2730A468C
:1056A000079B1A40224600D00D9A130A3374727475
:1056B0000A46069B1A40224600D00D9A130AB3747C
:1056C000F2742940214600D00D990A0A327571758D
:1056D0000E99B175F475042181400A460A9B1A405F
:1056E000224600D00D9A130A337672760A46089B3A
:1056F0001A40224600D00D9A130AB376F2760A4673
:10570000079B1A40224600D00D9A130A337772770E
:105710000A46069B1A40224600D00D9A130AB37718
:10572000F2772940214600D160E70D995EE708999C
:10573000481C00B20790881C00B20690C81C00B23A
:105740000590081D00B20490481D00B20390881D0A
:1057500000B2029000260AE0009701900C982946BA
:10576000029A3B4601F0CCFF761C052E7DD00998AD
:10577000845D0A98301805B201272046384002D1CE
:105780000E9900290BD000280D9800D10B98009796
:1057900001900C982946089A3B4601F0B1FF02207F
:1057A000204002D10E9900290BD000280D9800D17D
:1057B0000B98009701900C982946079A3B4601F0F8
:1057C0009FFF0420204002D10E9900290BD0002811
:1057D0000D9800D10B98009701900C982946069AD5
:1057E0003B4601F08DFF0820204002D10E99002990
:1057F0000BD000280D9800D10B98009701900C98C1
:105800002946059A3B4601F07BFF1020204002D13B
:105810000E9900290BD000280D9800D10B98009705
:1058200001900C982946049A3B4601F069FF20201C
:10583000204002D10E9900290BD000280D9800D1EC
:105840000B98009701900C982946039A3B4601F06B
:1058500057FF4020044002D10E98002884D0002C2D
:105860000D9800D078E70B9876E70E9800281FD0A7
:105870000A98401D072100910B99019101B2012363
:105880000C98089A01F03CFF63B0F0BD0C9C05CC6D
:105890000021083C9047A2682068012529469047CE
:1058A000236920680FA95422984705CC29469047C0
:1058B00063B0F0BD0CB10000F0B589B0002800D194
:1058C000D3E00168C94A914200D0D1E08188012229
:1058D0001302994200D0CEE0C188E1239B00994297
:1058E00000D0CBE0017A4B1FDBB20526FD2B00D2A6
:1058F000C7E0477A0023002F0DD03D462C06154007
:10590000EB18650E07D01540EB18A50E03D0154017
:10591000EB18E50EF2D1DAB28A4200D0B1E002967D
:105920006921C90041180191FF21CE05014674315A
:10593000059100240690089603973946E140C9076F
:105940000BD0E10041180A693240B24200D19EE01A
:1059500049693140B14200D199E07021614302466A
:10596000411830200B5C0620032B0790049436D09E
:10597000022B1AD0012B00D032E14A6B3240B242E6
:1059800000D12DE18D6B2846994904F03BFA00289F
:105990007AD00021284604F03FFA002874D0354020
:1059A000B5420798069A0FD11AE14B6B3340B342C8
:1059B00000D115E18B6B3340B34200D110E1C96BCC
:1059C0003140B14200D10BE1049C641C0598703059
:1059D0000590042C1046089E039FAED15AE0312258
:1059E0008C5C22460D3A0A23DB439A4200D2F7E050
:1059F0000A6C3240B24200D1F2E00D6F002128461D
:105A000004F0F6F900283FD13540B542079800D19F
:105A1000E6E0641E059F394630390E683146089A23
:105A20001140914200D1DBE03D680021284604F09E
:105A3000DFF9002828D1284608990840884223D059
:105A4000384634380168304604F0DCF900281BD1B0
:105A5000381F0168284604F0CBF9002814D13F1DF7
:105A6000641E0798069AD6D1AEE7012009B0F0BDB2
:105A7000022009B0F0BD032009B0F0BD042009B038
:105A8000F0BD304609B0F0BD079809B0F0BD0298EE
:105A900009B0F0BD03F0C6F901460720002900D186
:105AA0009EE00446019805685249284604F0AAF988
:105AB000002800D196E00021284604F0ADF9002826
:105AC00000D18FE03540B54200D18BE001984568A8
:105AD0004849284604F096F9002800D182E00021C8
:105AE000284604F099F900287CD03540B54279D099
:105AF000019885683F49284604F084F9002871D050
:105B00003D49284604F088F900286BD03540B5425D
:105B100068D00198C5683749284604F073F9002811
:105B200060D03549284604F077F900285AD0089803
:105B30000540854256D0019805692E49284604F053
:105B400061F900284ED02C49284604F065F9002858
:105B500048D008980540854244D0019845692449B9
:105B6000284604F04FF900283CD02349284604F089
:105B700053F9002836D008980540854232D0019864
:105B800085691E49284604F03DF900282AD07F2067
:105B9000C6052846314604F03FF9002822D008986F
:105BA000054085421ED00198C5691449284604F075
:105BB00029F9002816D02846314604F02DF900288E
:105BC00010D00898054085422046069908D00198D3
:105BD000846B0846FDF714F9201A411E8841C00065
:105BE00009B0F0BD204609B0F0BDC046554257315E
:105BF00000002041286B6E4E6F12833A00409C4596
:105C0000F0B585B0A34EA44C012257061305A44D50
:105C100020681F2109068843206004929204002016
:105C20000393194604F014FE99489C4901604224EC
:105C30003068384200D083E0284604F0F3FE306834
:105C400038427DD1284604F0EDFE3068384277D1E5
:105C5000284604F0E7FE3068384271D1284604F047
:105C6000E1FE306838426BD1284604F0DBFE306834
:105C7000384265D1284604F0D5FE306838425FD1FD
:105C8000284604F0CFFE3068384259D1284604F047
:105C9000C9FE3068384253D1284604F0C3FE30684C
:105CA00038424DD1284604F0BDFE3068384247D115
:105CB000284604F0B7FE3068384241D1284604F047
:105CC000B1FE306838423BD1284604F0ABFE306864
:105CD000384235D1284604F0A5FE306838422FD12D
:105CE000284604F09FFE3068384229D1284604F047
:105CF00099FE3068384223D1284604F093FE30687C
:105D000038421DD1284604F08DFE3068384217D144
:105D1000284604F087FE3068384211D1284604F046
:105D200081FE306838420BD1284604F07BFE306893
:105D3000384205D1284604F075FE163C00D077E7BE
:105D4000554880690290049842040020019003990C
:105D500004F07EFD4E4851490160422430683842CB
:105D600000D083E0284604F05DFE306838427DD1E3
:105D7000284604F057FE3068384277D1284604F0B0
:105D800051FE3068384271D1284604F04BFE30682D
:105D900038426BD1284604F045FE3068384265D160
:105DA000284604F03FFE306838425FD1284604F0B0
:105DB00039FE3068384259D1284604F033FE306845
:105DC000384253D1284604F02DFE306838424DD178
:105DD000284604F027FE3068384247D1284604F0B0
:105DE00021FE3068384241D1284604F01BFE30685D
:105DF00038423BD1284604F015FE3068384235D190
:105E0000284604F00FFE306838422FD1284604F0AF
:105E100009FE3068384229D1284604F003FE306874
:105E2000384223D1284604F0FDFD306838421DD1A8
:105E3000284604F0F7FD3068384217D1284604F0B0
:105E4000F1FD3068384211D1284604F0EBFD30688E
:105E500038420BD1284604F0E5FD3068384205D1C0
:105E6000284604F0DFFD163C00D077E70A48816938
:105E7000173502984543284604F064FA094940184A
:105E80000B2801D301980490049805B0F0BDC046DA
:105E90002C030B4004020B4038010B400100000EA4
:105EA000D103000035F8FFFFF0B591B00B46064670
:105EB0000520000209907B208700354660359A480E
:105EC0003418204611460D931A4601F07CFE2046F8
:105ED00004F0C0FD0A90B06DFFF7EEFC6021705435
:105EE000F16D002905D0084601F054FA01462878E2
:105EF00000E000212A469F230593854BF318089361
:105F0000854BF518854BF3180B93854BF3180C93C1
:105F1000099BF3180993F7190792517008430697E4
:105F200042D1304601F0B9FC00283DD0099C08342C
:105F3000384631460D9F3A462346FAF76BFFB320A9
:105F4000C000039030180490009601970EA8099F96
:105F5000394622460A9B00F033FA0E980399705096
:105F60001098049908720F984860387A00282FD04A
:105F70006C483018007801282AD0FF20C005099904
:105F8000C96A0140814223D00999496B014081428D
:105F90001ED0A120C0003118552000013018482221
:105FA00004F054FD089811E0A120C00030184821E9
:105FB00004F020FD00200C994864886404200999AD
:105FC00008700B99087001204871C81D01210170EB
:105FD000C32004900598800005904E483018099021
:105FE000524F7021284604F005FD308C0F21884364
:105FF0000A99084328802971089A107800281BD034
:106000000C9880680D99081AB84215D255200001E5
:10601000311847483018482204F018FD0C990888B8
:106020006880887868710121A9710A99401A4142F3
:1060300041410998817001E000201070E722049826
:10604000830005983118002728460A972F72069D6D
:106050002F78002F11D02F79002F0ED02F690D9C93
:10606000E71B324CA74208D201240A940890089FEB
:106070000A9C3C72EF68089DEF609700F2180B785D
:10608000002B10D00B79002B05460DD00B690D9C11
:10609000E31A2648834208D20A9B9B1C0A932B7260
:1060A000C968296101E005462048F1191378002BE1
:1060B0000DD01379002B0AD013690D9CE31A83428B
:1060C00005D20A9B1B1D0A932B72D2686A610A785B
:1060D000002A0CD00A79002A09D00A690D9B9A1A65
:1060E000824204D20A9808302872C868A8610D98C4
:1060F000E86144200C99085C099A10700B980078AC
:10610000507007990878D0704878107111B0F0BDC0
:1061100014060000C4050000A40500009905000055
:10612000540500004D050000EC040000B90B000010
:10613000CC050000F0B58BB00490002800D13DE103
:1061400016460F46012000217F2F044600D80C463A
:10615000002F024600D4620015469F2E00D9083554
:10616000002E00D5151D7F2B024600D80A46109937
:106170000A91002B00D450000A9902469F2900D9A9
:1061800008320A99002900D5021D114629434842C8
:1061900048412A4200D08AE0002900D187E0280641
:1061A000069200D02A46D4B2500709930596079765
:1061B00015D4200721D40A98801BDA1BA107089266
:1061C0002BD4D1170391C1177A42D31704F0DAFA0E
:1061D000089A039B04F082FB361800272BE0D81B9B
:1061E000C1177242D31704F0CDFA0A9A921BD31743
:1061F00004F074FB3F1800261DE0D81BC11737467A
:106200009F26F21BD31704F0BDFA0A9AD21BD317AC
:1062100004F064FB07990F180DE0D1170391C11723
:106220003A467F27BA1AD31704F0ACFA089A039BB0
:1062300004F054FB361801217F2F084600D80020B7
:10624000002F00D4410008469F2E00D90830002EB0
:1062500000D5081DE9B28C42089701D0079A089230
:106260008C42079601D0059A07928C4200D009977C
:106270002A468C420A9B00D033468C42054600D009
:1062800015460A938C42069900D00146EBB20A46A5
:10629000CCB221461943484248411C42099B09D1CE
:1062A000002908990F46079C264605D077E739460E
:1062B000344601E00899079C099300287ED0119884
:1062C00006900A9FBC4212D12546099CA14208466D
:1062D00000DB2046A14200DC2146091A491C0122AC
:1062E0000092069A01920BB201B22AB213E0099D04
:1062F0008D4215D1BC42204600DB38460B46BC42DD
:1063000000DC3C46211A491C09B200910699019112
:1063100002B219B20123049801F0F2F90BB0F0BDFA
:1063200007940C46691ACA170020C0430123089439
:10633000A542039300DC03905140079C3E1B00DD07
:10634000E61B3D468F1AA542029300DC0290F51928
:10635000009306980190089801B2079C22B2049815
:1063600001F0CEF9089922460596680086421DDDA7
:1063700086421FDD874201DB029BD2181646874208
:1063800000DBED1901230093069801900C4609B239
:1063900032B2049801F0B4F9214632460998844299
:1063A000059EE2D10A988242DFD107E0039BC9181B
:1063B0008642DFDCAD198742DEDADFE70BB0F0BDE5
:1063C000F0B587B0069104460125107800280CD05E
:1063D00017464520105C02280495029016D1797A60
:1063E000002001291ED801461FE00921204604F0A3
:1063F00001FB0027069B1F705F700020987067707C
:10640000E070791E022909D3014608E0C01E002170
:10641000012809D87878421E904106E001212171B7
:10642000607172E0012100E008460C9A0592002597
:106430000029039702D10028294624D0019300287F
:106440000CD0F86A0121C90788430599C96B03F08C
:10645000EDFC002802D00421019B14E07E6A059F18
:10646000796B304603F0CEFC002807D1F96A30463C
:1064700003F0C8FC002803D0022102E0032100E061
:106480000121019B039F0D9EBA79D71A784278416A
:106490002571E57065702572E571A57165712170D2
:1064A000A0709A4213D102990129049D069B1CD128
:1064B0001F785F70002098706770B91E484248418D
:1064C000E070791EC9B2022914D3002113E04848B4
:1064D000069908800598406D8019486000208870F2
:1064E000032767702071049D0FE05868B04213D9EC
:1064F000032780E7012121716071042F04D8012056
:10650000B8401921084200D10025A571F81E41426A
:106510004141E17107B0F0BD039A507A002702288B
:1065200000D268E75078022904D1516A029100280C
:106530000AD118E0C91E012900D95CE7002800D162
:1065400059E7039A506A0290D06A0121C90788432B
:106550000599C96B03F06AFC069B002803D01F78DD
:106560000020059E28E01F78012F0CD0022F059EE9
:1065700013D1B16B029803F045FC00280AD0069BAA
:10658000591C022031E0059E716B029803F03AFC21
:10659000002815D13046303007E0716B029803F0C7
:1065A00031FC00280CD130462C300168029803F0F1
:1065B00029FC411E8841069B591C874203D115E0E6
:1065C000069B591C02200A78824204D19A78FF2A3D
:1065D0000AD0521C01E0587001229A702423F35C07
:1065E0009A42069B00D267E718700746087061E779
:1065F0000303000070B5884EB5440125844806ACFD
:106600002018039003F0D2FF02F086F9204604958B
:10661000294604F08BF97F482018029013E006AC5D
:10662000208C0F22024020463146FFF73DFC039D9F
:106630002F700298214602F049FF6876204604F048
:10664000DFF904F0E5F804F0E1F90646002005A9B9
:1066500003F0B8FE0446002829D005AD2A7806A824
:1066600000273946334603F0D9FF3846294603F060
:10667000A9FE00281BD005AD2A7806A800273946B8
:10668000334603F0CBFF3846294603F09BFE002833
:106690000DD005AD2A7806A800273946334603F009
:1066A000BDFF3846294603F08DFE0028D5D10127CD
:1066B00005A9384603F086FE00282AD005AC2278CA
:1066C00006A801252946334603F0A8FF284621469F
:1066D00003F078FE00281BD005AC227806A801251F
:1066E0002946334603F09AFF2846214603F06AFE06
:1066F00000280DD005AC227806A80125294633468E
:1067000003F08CFF2846214603F05CFE0028D5D11B
:10671000049C022005A903F055FE00282AD005ACF0
:10672000227806A802252946334603F077FF28463B
:10673000214603F047FE00281BD005AC227806A8AE
:1067400002252946334603F069FF2846214603F017
:1067500039FE00280DD005AC227806A8022529466E
:10676000334603F05BFF2846214603F02BFE00284A
:10677000D5D1049C032005A903F024FE00282CD0C9
:1067800005AC227806A803252946334603F046FFC8
:106790002846214603F016FE002800D13FE705AC4D
:1067A000227806A803252946334603F037FF2846FA
:1067B000214603F007FE002800D130E705AC22781F
:1067C00006A803252946334603F028FF284621461C
:1067D00003F0F8FD0028D3D121E706AD288C0F2265
:1067E000024028463146FFF75FFB039E3770029850
:1067F000294602F06BFE7076284604F001F904F099
:1068000007F8002C00D01EE704F064F91BE7C0462F
:10681000AB050000CC050000D0F9FFFFF0B58DB04E
:106820000C9308920E4604468068216802F02CFA08
:106830000746E0680B94616802F026FA0546384680
:106840000A97394602F0F4FF04462846099529467E
:1068500002F0EEFF0146204602F01BFA02F04AFD6C
:106860000446744903F0C4FA41424141002800D073
:10687000BEE006913068014602F0DAFF0546079651
:106880007068014602F0D4FF0146284602F0FCF988
:1068900006462046214602F0CBFF314602F0F9F9C8
:1068A00006462046214602F0F4F90146304603F040
:1068B000D5F80646014602F0BBFF0146284602F025
:1068C000E3F905460027394603F092FA00280597B8
:1068D00000D12F46384602F00DFD04900B9F3D6815
:1068E0000A98314602F0A4FF214603F0B7F80146AA
:1068F000284602F0CEF902907D68099F384631465D
:1069000002F096FF214603F0A9F80146284602F05E
:10691000C0F903903846049F394602F089FF2146AA
:1069200003F09CF80546029E3046294602F0ACF979
:1069300009900A98394602F07BFF214603F08EF851
:106940000746039C214602F0A4F90A9028463146E6
:1069500002F09FF9049020460A9C394602F094F90F
:1069600007462046059E314603F056FA0546401E6E
:1069700085413846314603F04FFA41424141694072
:106980003AD0089D002D4ED02E680998314602F06D
:106990007BF9014602F04CFF05906D6820462946C0
:1069A00002F072F9014602F043FF0146059802F039
:1069B00070F908900498314602F066F9014602F039
:1069C00037FF06463846294602F05EF9014602F0D6
:1069D0002FFF0146304602F05CF90146089803F0AB
:1069E00011FA00280AD00C9D09986860AC6009E093
:1069F00000200C9A107013E0002DF4D10C9D049827
:106A00006860AF600799281D0090022203230B984D
:106A100002F0A8FD012129700749E8602961069963
:106A200008460DB0F0BD2046394603F0F5F90028C0
:106A3000D9D1E3E76F12833A02030000F0B593B0B7
:106A4000164602460020002A00D1F9E0002B00D1B2
:106A5000F6E0189C002C00D1F2E0FF25ED050F4672
:106A60002F40AF4200D1EBE037462F40AF4200D17C
:106A7000E6E00125002018602060D7681097BF0766
:106A800041D00E95957A1295022D00D2D8E00C9740
:106A9000D77A1197022F00D2D2E007960593694862
:106AA00010180B901F2000010A9210180690008801
:106AB0000D4603F02BFE0F95294603F0ADF900219A
:106AC000002809910F460D9108913BD11298471E5D
:106AD0007800069D285A03F019FE0F9903F092F9E9
:106AE000002813D1AE1C0127308803F00FFE0546A5
:106AF0000F9903F091F900280BD17F1CB61C129856
:106B0000B842F1D11EE0284613B0F0BD09970D98A8
:106B100017E0781E0990C0B240000699085A03F0A9
:106B2000F5FD06460F98314602F0AEF80F9707467E
:106B30002846314602F0A8F8014638460F9F02F079
:106B40008DFF08900F974049079802F071FE0546A7
:106B50000D9F0B98C05F03F093FC014612952846E9
:106B600003F050F900283D4639D11198451E6800C0
:106B70000B9E305E03F084FC0146129803F04CF942
:106B8000002812D1B61C01250020305E03F078FCED
:106B900007461298394603F035F9002808D16D1CD4
:106BA000B61C1198A842EFD119E000270D9516E008
:106BB000681E0D90C0B240000B99085E03F060FCA7
:106BC00006461298314602F05FF812903846314678
:106BD00002F05AF80146129802F040FF074610985A
:106BE000C007099E13D0852081000A984018E9B299
:106BF0000D9AD2B200920191089902910397F2B2D4
:106C00000F99CBB2119902F0F9FC059908600C9824
:106C100000280A9813D50D494018E9B20D9AD2B24E
:106C200000920191089902910397F2B20F99CBB2A9
:106C3000119902F0E3FC044902F010FF20600E9865
:106C400013B0F0BD060200000000C842AE02000012
:106C5000F0B587B00025002800D1E3E01446002AF3
:106C600000D1DFE00F46064600250846294603F01E
:106C7000BFF8002800D0D5E0FF20C1053846084005
:106C8000884200D1CEE03078032829D002280FD0E6
:106C9000012800D0C6E070680690B0680E463946FC
:106CA00002F0C6FD069901F0F4FF31460646A3E066
:106CB00070680590B0680691394602F0B9FD0599F3
:106CC00001F0E7FF0590F068394602F0B1FD394662
:106CD00002F0AEFD059901F0DCFF069906468BE057
:106CE000727810460D38C0B2F52800D29AE00592AD
:106CF00006913069394603F08FF8002844D1059891
:106D0000401E8000301804900069394603F07AF87C
:106D100000283BD102940599881EC0B2801C0090C7
:106D20004842039034461C340220401A019003204C
:106D300005900494083C2068394603F059F800286F
:106D400029D00598019908180328029C21D004989D
:106D5000001F0068394603F04BF800281ED0039846
:106D60000599401815D0049C2068394603F040F876
:106D7000002816D00599C91C0398059140180C34B9
:106D80000228D6D100980DE0366C34E00498066CE9
:106D900031E0009807E00598801E03E00598401E4A
:106DA00001E00598029C3146103102918000059067
:106DB000001F0490095838460F4601F065FF039004
:106DC000059802990858394601F05EFF014603987C
:106DD00002F044FE03904036049837580598305826
:106DE000394601F051FF0146039802F021FD394672
:106DF00001F04FFF0646069930460840884211D000
:106E000000253046294602F0F3FF002808D1074F3D
:106E10003046394603F00AF80028354600D03D4692
:106E200025600125284607B0F0BDC04600C05A4580
:106E3000F0B589B004460120C6072746B7435C4831
:106E400087420AD8204603F0CDFBF90D722912D8EB
:106E5000002810D17F20C005A5E0564887420FD8F2
:106E6000644887421AD303F02DFE02460B46002CDD
:106E700025DC634924E003F025FE02F08BFA92E062
:106E80004D48874213D85548874220D303F01AFE55
:106E900002460B46002C58DC544957E003F012FE22
:106EA00005460E46012C49DB5148534975E0FD0D5E
:106EB000FF2D15D32046214601F0E6FE73E04F4931
:106EC0004B4800F0BCFD02F065FA70406BE003F047
:106ED000F9FD05460E46012C5DDB414A414B2FE092
:106EE0003648874236D803F0EDFD03900D46344A0C
:106EF000344B01F0DBFA0024334B224600F09FFDB7
:106F0000324B224600F09BFD07460C4603F044F945
:106F10000290052002072E4B3846214601F0C6FAA2
:106F200003F08AFD03900D462A4A2B4B3846214632
:106F300001F0BCFA03F080FD029B23E02C4A2E4BAB
:106F40002846314600F07BFD2BE02749284800F019
:106F500076FD92E7963DE805381A03F013FA07919B
:106F600006900020009006A804A901272A463B4667
:106F7000FCF76EFA034605990498002C02D5FA072F
:106F800051405B4203221A40022A9CD0012A0CD0B5
:106F9000002A06D171E7124812492A46334600F00A
:106FA00049FD02F053F809B0F0BD7140F9E7C04661
:106FB000DA0F493FD1537B40D531E240DA0FC94D5A
:106FC00083C8C96D305FE43F00003843000038C318
:106FD000FB21F9BF63621A61B41051BEE0EDAF400E
:106FE000D221337F7CD912C0FB2119C0FB2119406B
:106FF000182D4454E4CB1640FB21F93FFB2109C076
:10700000FB210940FEB5074606460121C8073D465B
:107010008543EC0D992C07D36948854217D3304638
:10702000314601F036FE8DE05748854213D85C4961
:10703000304601F02EFE7F21C90502F0F7FE002147
:10704000C9430028029148D0732C7CD345E0002F1F
:1070500018DC5D4E77E04D48854215D84F48854293
:1070600027D82846294601F014FE4A4901F011FEAE
:1070700004460120810703F01BFD03F0F3FC0646E4
:10708000002029E04F4E5EE0414885421ED842492B
:1070900003F00EFD0446FF208105284602F0C8FBE0
:1070A0007F21C90501F0F5FD03F0DCFC0646022056
:1070B00012E00291374903F0FBFC04467F20C10532
:1070C00003F0F6FC03F0CEFC064606E03148294604
:1070D00002F0C4FC06460320029001973046314678
:1070E00002F0A6FB0446014602F0A2FB07462D492A
:1070F00002F09EFB2C4901F0CCFD0146384602F01F
:1071000097FB2A4901F0C5FD0146204602F090FB9D
:1071100004462749384602F08BFB264901F0B9FDA9
:107120000146384602F084FB17498D420DD82146AE
:1071300001F0AFFD0146304602F07AFB01463046D1
:1071400001F0A2FD06463046FEBD02998F001A49A5
:10715000CD59214601F09DFD01461848C4593046DD
:1071600002F066FB214601F08FFD314601F08CFDF7
:107170000146284601F088FD064601980028E2D520
:107180000120C0074640DEE7FFFFDF3EFFFF973FDD
:10719000FFFF1B40000080BF0000C0BFFFFF2F3F6C
:1071A000CAF2497125AC7C3D0DF5113EA9AAAA3E53
:1071B0004712DABD98CA4CBE10B6000020B60000D7
:1071C0000100807FDB0FC93FDB0FC9BFF0B589B07D
:1071D00004460120C6072746B743584887420AD8C5
:1071E000204603F0FFF9F90D722901D8002878D064
:1071F00003F06AFC72E05248874209D8614887422E
:1072000014D803F061FC5B4A012C5BDB534B8DE02F
:107210004C4887420ED85448874213D803F054FC98
:10722000554A012C00DA80E0554B4CE0002C11DC73
:10723000564D10E0FD0DFF2D16D32046214601F0DE
:1072400023FD4DE003F040FC02460B46002C41DCE0
:10725000474940E04C4D03F037FC02460B46454899
:10726000294600F0E7FB39E0374887423CD803F075
:107270002BFC03900D46354A354B01F017F90024DD
:10728000344B224600F0DBFB334B224600F0D7FBA9
:1072900007460C4602F080FF0290052002072F4BA4
:1072A0003846214601F002F903F0CBFB03900D466E
:1072B0002B4A2C4B3846214601F0F8F803F0C1FB6D
:1072C000029B29E0324B00F0BAFB02F0B1F8044611
:1072D000744006E02549274800F0B1FB01F00CFF9F
:1072E0000446204609B0F0BD963DE805381A03F083
:1072F00049F8079106900020009006A804A90127EC
:107300002A463B46FCF7A4F8034605990498002C4E
:1073100002D5FA0751405B4203221A40022A0AD0E2
:10732000012A05D0002AD0D1D8E7144B00F087FB02
:1073300002F07EF8D4E77140D0E7C046DA0F493F4B
:10734000D1537B40D531E240DA0FC94D83C8C96DB6
:10735000305FE43F00003843000038C3FB21F9BF31
:1073600063621A61B41051BEDFEDAF40FB2119C05A
:10737000FB211940182D4454D221337F7CD912406F
:107380007CD912C0E3CB1640FB210940FB2109C088
:10739000FB21F93FF0B587B007460120002F2ED022
:1073A0007A6A002A2BD0BE7A002E02D0BA6A002A4E
:1073B00025D03868644A904223D1B888FF210A4614
:1073C0000232904220D1FB881846613882B20420F4
:1073D0005E4CA24213D301253C7A2246093AD2B22E
:1073E000D208069200220592069A1F2A069500D31B
:1073F000059DA342069C00D3059C254307D007B0FA
:10740000F0BD022007B0F0BD032007B0F0BD7A7ACE
:107410001446093C934201D3002300E001230722D4
:10742000D243944200D30693102EE8D8069A002A3D
:10743000E5D10C467B697F22D10506970546059369
:107440001846049102F0D4FC0146069A002805D0A3
:107450002846022ED3D3916A0029D0D0E505D768FB
:10746000384628400523A84212D010690146294019
:10747000A9420DD005992940A94209D09469214615
:107480002940A94204D0D16903912940A94202D1DF
:10749000184607B0F0BD0193116A0291002102F075
:1074A000B1FC00284CD10021384602F0ABFC00288A
:1074B00046D102982840A84242D02746002103988E
:1074C00002F0A0FC00283BD10021059C204602F0E0
:1074D0008FFC002834D12046049902F0A7FC002834
:1074E0002ED10021384602F083FC002828D100214B
:1074F00002980C4602F086FC002821D1022E15D3FA
:107500000698806A711E828803889A4218D90129D8
:107510000CD0028983889A4212D9022906D0828926
:1075200003899A420CD90C30C91EECD10698C56A61
:10753000F8F7C6FD854200D00624204607B0F0BD0E
:10754000019807B0F0BDC04645504D31A0FF000086
:10755000F0B584B00F460190CAB202910068504065
:1075600001220392014611404D4241085E4B1D40ED
:107570004D406A088107C917194051408A09009295
:107580004207D617594A16400207D417584A1440E2
:10759000C206D317574A13408006C2175648024006
:1075A000A806C517554805408806C1174E48014032
:1075B000380AC0B27040604058405040009A504075
:1075C000694041400246039B1A4054424A08464DD6
:1075D0002C40544062088307DB172B4053409A0924
:1075E00000924207D517414A15400007C717404887
:1075F0000740C806C6173F4806408806C2173E48DF
:107600000240A006C4173D4804409806C0173649FA
:1076100008400299090CC9B2694079407140514053
:10762000009A5140604048400A46039B1A40544229
:1076300042082D4D2C40544062088B07DB172B402D
:1076400053409A0900924A07D517284A154009075E
:10765000CF1727490F40C106CE1726490E40800696
:10766000C21725480240A006C417244804409806C3
:10767000C0171D4908400299090E694079407140C0
:107680005140009A514060404840039A0A4053429A
:107690004208154D2B4053405A088C07E4172C40E4
:1076A0005440A7094D07ED17104E35400907C9177B
:1076B0000F4E3140C606F6170E4A16408006C01718
:1076C0000D4A10409B06DB170C4A1340A406E41732
:1076D000054A144069407140414079405940614039
:1076E0000198016004B0F0BD2083B8ED19C46D07A6
:1076F0003288DB0E6410B71DC8206E3B9041DC76EB
:10770000F0B5A5B0002800D1B9E0012B00DAB6E051
:1077100004462A98012800DAB1E0012680B29BB223
:107720005F18851800230497012F304600DB1846A8
:10773000012D039600DB1E46304300D09FE0238BD3
:10774000994200DB9BE0608B824200DB97E0CF1721
:10775000D6170296049E9E4200D30493B943029B1F
:107760009A43854200D305460498401E6B1E1BB207
:10777000009303B220460E46174600F0B1FC0028E5
:107780007DD02B99E81B02900A0A0123DB4305AD4B
:10779000EF18BA70F9703A717971BA71F9713A7279
:1077A0007972BA72F9723A737973BA73F9733A7477
:1077B0007974BA74F9743A757975BA75F9753A7657
:1077C0007976BA76F9763A777977BA77F9772025A4
:1077D0007A552125795522257A5523257955242551
:1077E0007A552525795526257A5527257955282531
:1077F0007A55292579552A257A552B2579552C2511
:107800007A552D2579552E257A552F2579553025F0
:107810007A553125795532257A55332579553425D0
:107820007A553525795536257A55372579553825B0
:107830007A55392579553A257A553B2579553C2590
:107840007A553D2579553E257A553F257955402570
:107850007A554120395440337E2B98D30498861BA7
:107860000298464305CC0021083C9047A268206856
:1078700003999047002E0BD105CC0399904725B072
:10788000F0BD236920687A0005A99847F61BF3D05C
:10789000402E3746F5D32F46F3E7F0B585B00146C5
:1078A0000020002929D00E46223635786A1F02238F
:1078B000DB439A4221D3B278002A1ED004918C6A0D
:1078C000002120460F4602F093FA002878D1FF20CD
:1078D000C3051C409C4238460FD004994C6B22468D
:1078E0001A409A4209D08A6B03921A409A4204D0F5
:1078F000CA6A02921A409A4201D105B0F0BD0193C2
:10790000086B0090029902F073FA002858D102988F
:10791000039902F06DFA002852D10398214602F033
:1079200067FA00284CD100212046039102F060FA4A
:10793000002845D1019800990140814204993846B8
:10794000DBD0CC6B2046039F394602F05BFA00285F
:1079500036D101980440844238460499CDD00C6C4D
:10796000002120460F4602F04DFA002828D1019848
:107970000440844204993846BFD04C6C0021204614
:107980000F4602F03FFA00281AD1019804408442C1
:1079900016D0049B986C00283846AED07278D00779
:1079A00011D1002190071BD59C68019E3440002016
:1079B000B442A2D0DC683440B4429ED0491C0FE0EF
:1079C000384605B0F0BD1968019C21400020A14255
:1079D00093D059682140A1428FD001219007E3D470
:1079E000500706D4100713D4491B4842484105B03C
:1079F000F0BD1C69019E34400020B44200D17CE7F8
:107A00005B693340B34200D177E7491C1007EBD5DF
:107A100004988269019B1A4000209A4200D16CE7C9
:107A2000049AD269019B1A409A4200D165E7491C29
:107A3000DAE7FEE7FCB40124E407634002E0FCB4AB
:107A40000124E40708B41D03ED08D60D35435602A2
:107A50005F007F0D06D12C00344300D0AEE001B0B2
:107A6000FCBC7047A408254307242402FF34A74226
:107A700005D10020190D090501B0FCBC7047002B91
:107A800003D50024A61BAC4125000B03DB08C20D67
:107A9000134342024800400D07D11C00144300D09C
:107AA0008CE00EBC1000F0BC704701246407234337
:107AB00007242402FF34A04205D10020090D090546
:107AC00001B0FCBC7047002903D50024A21A9C41D8
:107AD0002300C11B08D51C002B0025001400320018
:107AE00026000024611A3800362925D502B4393918
:107AF00049420C00203C03D22F008F40374301E065
:107B00003700A740002F01D040210E4302BC20299E
:107B10000BD500290ED04C42203420B4A5402C00B7
:107B200020BC0D41CE40361904E000292E000D4145
:107B300020390E4192196B411C0014433ED00024A1
:107B4000002B04D5012400218A1A99410B00401E04
:107B500052005B41FBD50121890215000D400CD07C
:107B6000521800277B4101D3401C0BE00721C901BB
:107B700015000D4001D189008A43072109028A437B
:107B800052005B41801C19DD07210902FF31884248
:107B900009D30EBC0020C90F0902FF31C900C91D5D
:107BA0000905F0BC7047190B00050143E4072143A8
:107BB0001805120B104301B0FCBC704700210020D7
:107BC00001B0FCBC7047F0B583B00F250D400178C3
:107BD000012904D145708570C57003B0F0BDC4782B
:107BE0008178012326461E40774277416F40FE0789
:107BF0000192029100931BD01A462B4613405E1E41
:107C00001F46B741012631404A424A417A4012D1CB
:107C10004168019A511A1E290DD3002B00D182E030
:107C2000029931430291817041787140417002E0C4
:107C30005C40C470426002262F46374079082246D5
:107C40003240534253414B4017D0791E3A468A4145
:107C5000029931404B424B41534012D18168019A05
:107C6000511A1E290DD3002F63D00299314302917E
:107C7000817041787140417003E07440C470019993
:107C8000816004262F463740B908224632405342CD
:107C900053414B400AD0791E3A468A4102993140FD
:107CA0004B424B4153401AD0019B03E07440C470D7
:107CB000019BC360072D01D80021009108262146B1
:107CC00031404A424A4100994A4003D0072D15D815
:107CD000002414E07440C470036103B0F0BDC168B7
:107CE000019B591A1E29E5D3002F28D00299314350
:107CF00002918170417871404170DBE70124029963
:107D000031404A424A4162400BD10169591A1E2949
:107D100007D3072D19D902993143817041787140F9
:107D2000417003B0F0BDFE21029A0A4002928270B7
:107D300081E7FD21029A0A4002928270A1E7FB21AD
:107D4000029A0A4002928270B4E7F721029A0A402E
:107D5000827003B0F0BD7047F0B585B00E460246A4
:107D60000B464748474C49004D0D28180746143725
:107D700021461431A94214D9A54220D21046424AC4
:107D80001946424B05460C46FFF759FE00273A4676
:107D90003B4602F019F8002843D0002E4AD43B4657
:107DA00050E0214633318D4221D9601C874263D196
:107DB00010461946FFF743FE02460B465CE0344886
:107DC000F8403040104357D010462F4A19462F4BE9
:107DD00004460D46FFF733FE00220492134601F0DD
:107DE000F3FF002820D0002E2ED4284630E00021BA
:107DF000C943C14011423FD002911046224A194660
:107E0000224B03900491FFF71AFE002201921346C1
:107E100001F0DAFF00280AD0002E1ED4049B039A3A
:107E200028E023462A4627E02B46224624E0049BEE
:107E3000039A21E00120C00786432A462E432346A9
:107E40001AD0154B3A4617E01148401CF84030183C
:107E5000104B3B410340049A0EE0142F049B039AFD
:107E600001D1731C06E0601B3430012181408A1867
:107E700001984341029882431046194605B0F0BD6F
:107E8000EDFBFFFFFF0300009C7500883CE4377E9C
:107E9000FFFF0F000000F0FF0000F0BFF0B585B05D
:107EA00002910546474B01902878191849786D1CB6
:107EB000C906F9D4242A00DD002201242B2802D08F
:107EC0002D2802D10024287800E06D1E102A12D03F
:107ED0001146002A0DD10A2230280AD168782021C3
:107EE0000143782917D1A87819184978890718D437
:107EF000302013461AE01026302816D16878302139
:107F000020220243782A04D1A8781A1852789207BE
:107F10000AD4084609E0302801D338284FD330204E
:107F20004EE0AD1C102301E0AD1C334600940A2B3B
:107F3000039301D30A21039100273C4601463039BF
:107F4000039A91420ED31F4909184A78510603D566
:107F500001463739994205D3910623D557389842BF
:107F600001461FD21846784304970F1838461E461C
:107F7000194602F0E7F90499814205D1611C2819DC
:107F800040780C463346D9E70020C74301F0DCFCBB
:107F9000222101600298002801D001990160384631
:107FA00005B0F0BD0298002804D0002C019900D043
:107FB0002919016000980028F1D17F42EFE76D1C7C
:107FC0000823B3E7F0B3000070B5FF22D5053B4AA4
:107FD0000B461340AB4202D80240AA4202D900F03D
:107FE00058FE70BD7F24E405A14202D1FFF70AF8D4
:107FF00070BDC60FCC0F6400A419002A0BD0AB4291
:108000000ED0002B01D0AA4226D10121C907084079
:108010003149401870BD022CE3D3032C18D119E06C
:10802000AA420AD12848C0467C4424796400A74467
:1080300001022224D5E7274870BD00207C44247922
:108040006400A74401020507CBE70120C00770BD0B
:108050001C4870BD1A4870BDD21AD2151A2A02DD0A
:108060001D48344612E0002909D51923DB439A4202
:1080700005DA00200AE0164870BD144870BD01F012
:10808000EDFC0121C9078843FEF7BCFF002CA8D0F6
:10809000022C05D0012C0BD10121C907484070BD2D
:1080A0000E4900F0F6FD0146064800F0EDFD70BDFA
:1080B0000A4900F0EEFD024991E7C046FFFFFF7F4D
:1080C000DB0F49C0DB0F4940DB0F493FE4CB16C053
:1080D000E4CB1640DB0F49BFDB0FC93F2EBDBB33DE
:1080E000F0B589B00E9D0024954273DB8B4271DBA5
:1080F00000286FD016460E436CD41826865F9E4229
:1081000068DD1A26865FAE4264DD012400940E0A03
:1081100005AF3E707970190AB970FB70110A04AB93
:10812000039319705A70290A9970DD7006AE2A21DE
:1081300031700368426800240546184621460194C0
:108140009047AA682868214690472B6928683146DD
:10815000009C22469847AA682868214690472B69C8
:108160002868042202923946984705CD2146083DE9
:10817000904707AE2B20307005CD019F3946083D52
:108180009047AA682868394690472B692868314685
:1081900022469847AA682868214690472B69286894
:1081A0000399029A984705CD2146083D904708AEAD
:1081B0002C20307005CD3946083D9047AA682868C4
:1081C000394690472B69286831462246984705CDA5
:1081D00021469047204609B0F0BD7047F0B583B006
:1081E0000C46412121703A266670002806D0017A9B
:1081F000C9070FD12D210B460D462FE02D20A07071
:10820000E0702071202060714220A071E671264646
:10821000083630E00290C068401D0A25294602F069
:1082200091F82949884200D3084629210901414390
:10823000090C30220092114383B2244F5F43FF0C9C
:10824000FAB20192CD23019A5343DB0A6B43FB1A26
:10825000009A13437D43451B15430298A170E370B8
:108260002571202161714221A171E67126460836EF
:10827000017A890703D42D20207260721FE0006903
:10828000401D0A25294602F05DF80F49884200D3B7
:1082900008462921090141430A0C30210A43227270
:1082A00082B20A4B5343DA0CD3B2CD275F43FB0AA9
:1082B0006B43D31A0B4363725543401B0843B070A2
:1082C0000020E07203B0F0BDE7030000CDCC000059
:1082D000F0B583B004461846002C04D0FF25ED0508
:1082E0002B40AB4201D103B0F0BD2378002B2AD044
:1082F00063888B4227D12379934224D10294A468C6
:108300000190214600F0C0FC06460127FD07A84366
:108310002A4901F077FD00281FD102994E79002EDD
:108320000BD0C9680198009100F0AEFCA843244925
:1083300001F07CFD029900281FD00198C8604F71A0
:10834000204603B0F0BD012323706180227100211B
:108350006171A060E06003B0F0BD7D20C1053046D2
:1083600001F066FA214600F094FC0021029A517156
:1083700090600199D16003B0F0BD304602F0C6F9BB
:108380000146009801F054FA019900F082FC05467C
:10839000761C304602F0BAF90146284601F05EFB31
:1083A0000146029AD060F0B25671032820469AD353
:1083B000916000205071084603B0F0BD00003443C6
:1083C0000000F042F0B584B001910390CAB2036896
:1083D000534001200290194601404E4259082D4851
:1083E00006404E4072089907C9170140514088095C
:1083F00000905A07D717284807401A07D51727486B
:108400000540DA06D417264804409806C3172548C5
:108410000340B006C217244802408806C0171D4E0C
:1084200030400199090A7940694061405940009BF8
:10843000594050404840029A0A4053424208334053
:1084400053405A088C07E41734405440A6094D079E
:10845000ED17114F3D400907C917104F3940C706A6
:10846000FF170F4A17408006C0170E4A10409B06A0
:10847000DB170D4A1340A406E417064A144069406E
:10848000794041407140594061400398016004B017
:10849000F0BDC0462083B8ED19C46D073288DB0EED
:1084A0006410B71DC8206E3B9041DC76FCB50C0013
:1084B0005C40E40FE40710B4DD02540D2543D602FE
:1084C0005F007F0D60D00124E407254307242402C8
:1084D000FF34A74250D0CB02440D2343C2024800D0
:1084E000400D51D00124E407234307242402FF3424
:1084F000A04241D0C01901B41800290002F038F898
:108500000F0001B41800310002F032F803000C0033
:108510001000310002F02CF806001000290002F0D3
:1085200027F805007618002202BC01BC55415141D4
:10853000A419554151418024A4005B195141FF18F1
:10854000514100D564003F19514102D47F00494197
:1085500000E0401C03242402FF34001B14DD241916
:10856000A04209D80305F80A4C0520434900090B2D
:10857000194310BC2143FCBD0020FF21C900C91DC7
:10858000090510BC2143FCBD0021002001B0FCBD49
:10859000F0B583B01E461746029104460546603585
:1085A00058301721890102F025FA30495822204617
:1085B00002F04CFAA765E6653846FDF77DF96021C3
:1085C0006054002E05D03046FEF7E4FE01462878C0
:1085D00000E00021234AA2180192234AA218009227
:1085E0006970002813D1204622303989018038690A
:1085F000796903C4B869F96961602060386A796A89
:10860000E160A060B86AF96A61612061083C2046B7
:10861000623002F0D9F92046C43002F0D5F9932037
:108620004000201802F0D0F93120C000201802F0DC
:10863000CBF97B20800020183946324602F0C6F87C
:108640000B482018029902F0AFF90520000220180B
:1086500002F004FA0020009908800199087003B024
:10866000F0BDC04614060000C4050000F4B40000CC
:10867000EC04000070B50C46002822D001462931D8
:108680000A78002A02D1497800291AD0456D30496C
:10869000284601F0CBFB002813D12846294602F0DA
:1086A00007F900280DD12B49284601F0A1FB00282D
:1086B00007D10021284601F0AFFB002806D03F205B
:1086C00005E02D2020706070A01C3EE0BF20010658
:1086D000284600F0DEFA01F085FF002801D42B21A6
:1086E00000E02D212170C1174840451A642D0BD39D
:1086F00064262846314601F025FE4643303060703E
:10870000AD1B0320022103E001210A2D08D3022022
:10871000EAB2CD235343DA0A30231343635400E013
:108720000846E9B2CD224A43D10A0A224A43A91A8D
:1087300030220A4321182254202048706420887077
:108740006520C87067200871481D0021017070BD48
:1087500000003443000034C3F0B583B00A46C9B208
:1087600041404808012402940B4623405F422C4CB0
:10877000274047407B088807C0172040584083099E
:1087800001934B07DC17274B1C4000940B07DE17A7
:10879000254B1E40CB06DD17244B1D408906CC1708
:1087A00023490C40B906CB1722490B408006C1175C
:1087B0001B4F3940120A0098424072406A406240A2
:1087C00001984240594051404808029B13405C4286
:1087D0003C40444060089307DD173D404540AF09E9
:1087E0005007C6170F4806401007C0170E4A104022
:1087F000CA06D2170D4B1A408906C9170C4B1940EF
:10880000A406E4170B4B1C40AD06ED17044B1D40AE
:1088100070405040484078406040684003B0F0BD30
:108820002083B8ED19C46D073288DB0E6410B71DC4
:10883000C8206E3B9041DC76F0B581B0354E002A01
:1088400011D015460C46501E032101F07BFD4A1C39
:108850000021032A084600D010460092032D0DD2B5
:10886000009A032A34D13068C00605D53068C006A6
:1088700002D53068C006F6D401B0F0BD2B1A651CD5
:10888000A71C002104E07A5C3263C91C9942E7D03E
:108890003268920705D43268920702D43268920790
:1088A000F6D5625C32633268920705D4326892076B
:1088B00002D432689207F6D56A5C32633268920756
:1088C000E1D432689207DED432689207F6D5DAE74F
:1088D000621C002305E0555C3563891C9B1C8342A8
:1088E000C1D03568AD0705D43568AD0702D4356809
:1088F000AD07F6D5655C356301251D438542B2D0D1
:108900003568AD07E7D43568AD07E4D43568AD0701
:10891000F6D5E0E710B14640B0B586B02348002454
:10892000047023490C7044704C7084708C70214822
:108930000460214D2C70214802F06EF82048214936
:10894000016021482149416021490A68FF231B0633
:108950009A4303239B07D2180A60846007210160B1
:10896000012041031B4A116008231360800310603B
:10897000194A11601360106000941848019018485B
:108980000290184803901848049018480590184C15
:1089900069462046FBF762FB2870002800D1044698
:1089A0001448214602F018F806B0B0BD0C02202091
:1089B0000F02202008022020120220200002202086
:1089C000A0120A4001C0010010E000E07F38010061
:1089D00020ED00E080E200E000E100E0F1A800000E
:1089E00005A9000019A9000039880000AD9C00000D
:1089F000D8012020F4012020F0B584B03049314A5C
:108A00000125AC0316682B0203939E4316600E6883
:108A1000264205D10E68264202D10E682642F6D0C3
:108A20006C02467E9769AF432E40BD1995612025A3
:108A3000455DD6690327BE433D407519D561224D7A
:108A40002E680727374005262E60466A3368136272
:108A5000736853622F60C3695B065B0CD5697F2620
:108A60003602B543EB18D361E8C800970768019751
:108A7000476802971B071B0B2D03ADB2ED18330798
:108A80001B0D007A009E35431D43019B1D43029B35
:108A90001D43054390690D4B03400D482840C01805
:108AA00090611068039B184310600868204205D14C
:108AB0000868204202D108682042F6D004B0F0BD18
:108AC00004020B4008010B40001340408D00F0FFF2
:108AD00072FF0F00F0B583B0421E344C501C537827
:108AE000E2185278D2060246F8D43A3B0025092211
:108AF000D243934257D3019102A90A273A46FFF77E
:108B0000CDF9064602990A78A0184078491CC0069B
:108B1000F9D4481E02901346613B1A2B00D2203A2A
:108B2000432A0DD04D2A16D108780246613A1A2AF6
:108B300000D220384D2810D1481C0290012712E0A5
:108B40000A781346613B1A2B00D2203A4D2A09D1EC
:108B5000481C029007E0012705E002917D20C70034
:108B6000084600E00127017862185278D2060AD53B
:108B7000417862185278D20605D581786218527809
:108B8000C01CD206EFD400290DD100253846294655
:108B900032462B4601F0F6FD481E814103D17E434B
:108BA000019806600125284603B0F0BDF0B300002F
:108BB000F8B515462A4E0A0D771C3A40294B9A42C1
:108BC00013D00C46002A18D10122D2079443044343
:108BD00044D00022244BFFF769FC0C4623498D4208
:108BE00008DC234A234B214636E002460B46FEF7BB
:108BF00026FFF8BD220D3A40363A5119B1420ADD3E
:108C000000F0A2FE222101600120C00704401D489F
:108C100021180020F8BD012904DB174A144009057A
:108C20002143F8BD3522D24391420CDC00F08CFE8A
:108C30002221016012488542E6DA0120C007044083
:108C400000202146F8BD0C4A144009051B2252059C
:108C5000891821430022094BFFF728FCF8BDC046C4
:108C6000FE070000FF07000000005043AF3CFFFF7D
:108C700059F3F8C21F6EA501FFFF0F800000903C62
:108C800051C300000000F07FFCB40127FF077940CA
:108C900002E0FCB40127FF070C024D002D0E03D1AA
:108CA000002C52D1FCBC70473C43FF2D50D0A4088F
:108CB000002900D56442020243001B0E04D1002AA1
:108CC00043D10800FCBC70473A43FF2B41D09208C7
:108CD000002800D552425E1B04D5170022003C003C
:108CE00076422B00192E06D527003741D2191C27B2
:108CF000F71B7F42BC40002A27D002D552420127F1
:108D000000E00027013B5200FCD5150080263540CD
:108D10000FD01500202635402C43803208D2150094
:108D2000402635402C4304D101263602B24300E0F0
:108D30005B1C5200023308DDFF2B0BD2500ADB050F
:108D40001843FF073843FCBC70470020FCBC704749
:108D50000800C70FFF07FF20C0053843FCBC704761
:108D6000F0B595B007930692002A27D004461B98C9
:108D700002901A980590002503910F460494294605
:108D800005E06D1C08343F1D0698A84218D0079BCB
:108D9000EB40DB07F5D0012910D8CB0011AEF0185D
:108DA000089005CCF0500898426038688A000FABF4
:108DB00098500EA84554491C083CE2E700252EE0D7
:108DC000002502292BD1049F069C11A80FA909ABED
:108DD000059AFDF723FD002821D009A8029E3146FF
:108DE0000CC80CC12CC82CC1022030740EA801780C
:108DF00001252A468A4040782946814011437174F2
:108E00000020C0432246A0400843C043B074301D38
:108E10000090CBB23846039900F0A4FBF0602846DE
:108E200015B0F0BDF0B50146837A007B80070ED007
:108E30001A460C3A00200924E443A24206D3CA7A17
:108E40001446083C0525ED43AC4204D2F0BD002B8E
:108E500041D00020F0BD1F24240109190D885B1E9C
:108E60008C1C2788AF42F1D9012B0BD06688BE42FB
:108E7000ECD9022B06D0A588B542E7D9DB1EA41D8C
:108E8000002BEED1022A2AD3CB8A921E1831002061
:108E90000C5E1BB29C4200DD01209C42D6DD002A04
:108EA000D4D002200D5EA54201DC002000E00120AC
:108EB000A542CBDD012AC9D004200B5EAB4201DC08
:108EC000002000E00120AB42C0DDD41E891D022A33
:108ED0002246DCD1BAE7C97A48424841F0BD0120B8
:108EE000F0BD0000F0B581B0274E284F0124650287
:108EF0002748002101603A1F10680F2109028843AA
:108F00004019009210603846083801680322D343A4
:108F10000B4003603868A0433860386830403860E0
:108F200010030A21224600F0F5FE1A48FFF764FDFF
:108F3000FCF766FE00280FD0009A1068102101434C
:108F4000202081431160106821030143116000203B
:108F500001F0D6F901B0F0BD0F4E03E0FCF750FE72
:108F60000028E9D13868084908403860386821028B
:108F70000143396030682842F0D130682842EDD191
:108F800030682842F6D0E9E7FFFEFFFF08010B40FA
:108F900008030B40E8B5000004020B4070B504461E
:108FA000264900F043FF00281FD0254D234E2046C0
:108FB0002946FFF76EFE0446314600F037FF0028D1
:108FC00013D020462946FFF764FE0446314600F0E0
:108FD0002DFF002809D020462946FFF75AFE0446F7
:108FE000314600F023FF0028E1D11649204600F069
:108FF000FFFE00281FD0144D124E20462946FFF7D1
:1090000048FE0446314600F0F3FE002813D0204607
:109010002946FFF73EFE0446314600F0E9FE0028EF
:1090200009D020462946FFF734FE0446314600F0B9
:10903000DFFE0028E1D1204670BDC0460000344369
:109040000000B4C3000034C30000B443F0B587B0DF
:109050000C46054601F021FD06460F4601F01DFDB8
:10906000069005911C4A1D4B01F008FD1C4A1D4B42
:10907000FEF7E5FC04900391304639462A46234624
:10908000FFF714FA02900191174A184B01F0F6FC11
:10909000174A184BFEF7D3FC02460B46029E304699
:1090A000019F3946FFF702FA2A462346FEF7C7FC1E
:1090B00004460D4630463946069A059BFFF7F6F9F9
:1090C000049A039BFFF7F2F922462B46FEF7B7FC02
:1090D00000F07EFD07B0F0BDA7463B8C87CDC63EB5
:1090E00074E7CAE2F9002ABFB2FB6E891011813F12
:1090F00077ACCB545555C5BFF0B587B00C46054687
:1091000001F0CEFC06460F4601F0CAFC0690059120
:109110001C4A1D4B01F0BEFC1C4A1D4BFEF78FFC88
:1091200004900391304639462A462346FFF7BEF99C
:1091300002900191174A184B01F0ACFC174A184BEA
:10914000FEF77DFC02460B46029E3046019F3946E3
:10915000FFF7ACF92A462346FEF771FC04460D469C
:1091600030463946069A059BFFF7A0F9049A039BFF
:10917000FFF79CF922462B46FEF761FC00F028FD24
:1091800007B0F0BDA7463B8C87CDC63E74E7CAE268
:10919000F9002ABFB2FB6E891011813F77ACCB5426
:1091A0005555C5BFF0B581B00C4600280AD028211E
:1091B000415C002906D0C56C0021284600F02CFE39
:1091C000002812D12D20207060702E21A170E07037
:1091D000072106220523042560552020E0546D2038
:1091E000A0540020605401B0F0BD164E2846314610
:1091F00000F01CFE002800D12E4613493046FFF730
:1092000048FD124900F02AFC01F024FA05466421C9
:1092100001F098F8303020702E2060700A26284621
:10922000314601F08FF80746314601F08BF83022C5
:109230001143A1707E43A81B10430621052204237D
:109240000325C9E700181C460000A040000020418B
:10925000F0B58B4200D1824204D90B0002000021FC
:10926000002040E0002B00D1002A0CD10B000200AE
:1092700000210020002B00D1002A01D0C943C043A7
:10928000FEF7ABFF2FE01C0015000B0002000CB432
:10929000002126002F00FF19764102D2491C4029E7
:1092A000F9D100201E001700FF19764102D2401CA0
:1092B0004028F9D10E1A21002800320001F0B8FA36
:1092C0000C0005000CBC00200021A34200D1AA42E2
:1092D00001D3521BA341404149416D08E7073D437B
:1092E0006408761EF1D5059F002F01D03A607B609F
:1092F000F0BD0000F8B50446FF20C005214601403E
:10930000814208D12046214600F092FA2146FFF71B
:10931000C0FC04463AE0002C31DD0123DA05E00D03
:1093200005D11846144202D16400401EFAE77F3886
:10933000511E2140114302461A40914000250093DE
:109340001C062A46002C0DD04E006719F31B31462F
:1093500000DB1946B74200DC3D19B74200DC1219A8
:109360006408EFE7002902D000991140521851100B
:109370004008C00540183F210906441806E0600077
:1093800004D000F0E1FA21210160014C2046F8BD33
:109390000000C07FF0B585B001F07FFB06460F46A8
:1093A00001F07BFB04460D46184A194B01F066FBA1
:1093B000184A194BFEF743FB04900391174A184BC8
:1093C00001F05CFB0022174BFEF739FB0290019184
:1093D000154A164B20462946FFF768F8029A019B6A
:1093E000FEF72DFB029001913046394622462B466E
:1093F000FFF75CF8049A039BFFF758F8029A019B69
:10940000FEF71DFB00F0E4FB05B0F0BD6950EEE097
:109410004293F93E271E0FE887C056BF815E0CFDC0
:10942000FFFFDFBF0000F03F423A05E15355A53F83
:10943000F0B585B001F034FB06460F4601F030FB75
:1094400004460D46184A194B01F024FB184A194BE3
:10945000FEF7F5FA04900391174A184B01F01AFB36
:109460000022174BFEF7EBFA02900191154A164BBA
:1094700020462946FFF71AF8029A019BFEF7DFFA09
:10948000029001913046394622462B46FFF70EF8EE
:10949000049A039BFFF70AF8029A019BFEF7CFFAA2
:1094A00000F096FB05B0F0BD6950EEE04293F93E46
:1094B000271E0FE887C056BF815E0CFDFFFFDFBF90
:1094C0000000F03F423A05E15355A53FB0B50246D2
:1094D00003780020002B1ED04523D35C022B07D13C
:1094E000547A0023012C0DD81C46002C11D013E017
:1094F000DB1E0024012B09D853785D1EAB41002CE4
:1095000007D009E00124002C03D005E02346002CFD
:1095100002D1002B00D1B0BD002B0FD0D06A0123A7
:10952000DB079843CB6B14460D46194600F07EFCD2
:1095300029462246002801D00420B0BD546A0D46B9
:10954000496B204600F05EFC002807D1E96A2046FE
:1095500000F058FC002803D00220B0BD0320B0BDAD
:109560000120B0BDF0B587B003930292002A42D02B
:109570000E4607460C980190002406942146019D52
:1095800005E0641C0837361D0298A04226D00398D7
:10959000E040C007F5D0286805913968FFF774FBF3
:1095A000014600F045F9049068687968FFF76CFBA4
:1095B000014600F03DF901460498FFF76AFBFFF70A
:1095C00099FE3168FFF760FB014600F031F906991A
:1095D000FFF75FFB05990690491CD2E708060AD001
:1095E000C8B201F093F80146069800F037FAFFF789
:1095F00081FE07B0F0BD002007B0F0BDF0B585B02A
:109600001F46034603900C9804900D9D0B98019003
:109610000A984A434F4351005C1840000290205E74
:1096200000F02EFF0646019840000190205E00F0F9
:1096300027FF3146FFF728FB0146284600F0F8F8DF
:109640003146FFF726FB0646780003990F1802986B
:10965000385E00F015FF04460198385E00F010FFF8
:109660002146FFF711FB0146284600F0E1F82146AC
:10967000FFF70FFB3146FFF707FB0146049800F0A8
:10968000D7F83146FFF705FB05B0F0BD10B51C4912
:109690001C4C204601F05DF91B49204600F0A2FD5C
:1096A0001A4801680322D203914301600169184AF4
:1096B0000A401532026141692D220A4312218A4370
:1096C0004261426801210A4043688B439A18426014
:1096D000104A13688C021C43146002684B04134345
:1096E0000360C26870231343C360C268022313433C
:1096F00005229343C36002680A43026010BDC0465E
:109700005FB700000000104086B600000011104056
:109710000000FFFF2810104010B51C491C4C2046CB
:1097200001F017F91B49204600F05CFD1A4801685A
:109730000322D203914301600169184A0A402B3287
:10974000026141691A220A4325218A434261426823
:1097500001210A4043688B439A184260104A1368FB
:109760008C021C43146002684B0413430360C268FC
:1097700070231343C360C26802231343052293433B
:10978000C36002680A43026010BDC04661B70000B2
:109790000000504090B60000001150400000FFFF54
:1097A0002810504010B51C491C4C204601F0D1F83F
:1097B0001B49204600F016FD1A4801680322D20317
:1097C000914301600169184A0A40153202614169FA
:1097D0002D220A4312218A434261426801210A4034
:1097E00043688B439A184260104A13688C021C43EA
:1097F000146002684B0413430360C2687023134370
:10980000C360C2680223134305229343C360026806
:109810000A43026010BDC04663B70000002010403C
:109820009AB60000003110400000FFFF28301040C1
:10983000FCB40127FF0706004E4001D4002600E0DB
:109840003E00020243001B0E30D03A43FF2B30D0C3
:109850000C024D002D0E29D03C43FF2D29D05B1961
:109860004240504042404C4061404C4000B500F006
:109870007FFE20BCAE464240504042404C406140DA
:109880004C4025001400002C01D46400013B8034BE
:1098900001D3013364087E3B08DDFF2B09D2BC43B2
:1098A000200ADB0518433043FCBC70470020FCBC99
:1098B0007047FF20C0053043FCBC7047F0B583B053
:1098C00003293CD8144690220B465343C3182578ED
:1098D000002D12D01E78002E0FD016464E4386194A
:1098E0000296F7886688B74207D08C260196002733
:1098F000029E0093019BF752009B1D704A438518FE
:10990000281D7422214601F0A1F82078002816D0E5
:10991000A068002813D08D216A5C9300EB1898672B
:10992000501C084A4243120C05235343C01A685482
:109930008C20285C042802D88C35401C287003B089
:10994000F0BDC046343300000048704714022020A8
:10995000024670B50A4392072AD11E4DEE0104C893
:1099600008C9541B9443344017D0D0B2D9B2401A1E
:109970002106014310D190B299B2401A210401434B
:109980000AD110021902000A090A401A21020143F1
:1099900002D1100E190E401A70BD9A42DFD010BAD3
:1099A00019BA884201D9012070BD0020C04370BDA2
:1099B00002780B7801300131002A09D09A4207D190
:1099C00002780B7801300131002A01D09A42EFD0A1
:1099D000D01A70BD0101010110B5194801460839BE
:1099E00000220A60011F0A608222C261154B0362D5
:1099F00015498A668B6502650B6083228263426328
:109A000081224A608A608A61104B036004680460A6
:109A1000436044684460C360C468C4600361036910
:109A20000361CA600A612C3802604A61084809492A
:109A300001612321090301600749016410BDC0468B
:109A400030804240820004008480424081000E0049
:109A500090120A4001C0010001F00300FCB401278C
:109A6000FF0706004E40F60FF607020243001B0EEA
:109A70002DD03A43FF2B2DD00C024D002D0E26D0B9
:109A80003C43FF2D26D05B1B002020216408520898
:109A9000A2424041A24200D3121B013904D0002A45
:109AA00001D05200F4D18840384201D14000013B3E
:109AB000803001D3013300E040007F3307DDFF2B0E
:109AC00008D2400ADB0518433043FCBC7047002035
:109AD000FCBC7047FF20C0053043FCBC7047000051
:109AE000F8B5451C00780023082B32D02F78C20728
:109AF0000CD16A780F241440E41C122C0BD10224E0
:109B00002E57F4B2002E08D4EE1C0EE06D1C4A1C39
:109B10000F7011461AE0AE1C08E02E1DED7800957E
:109B20007F252C40009DED012C1912343D011209B6
:109B30005219094DAA420ED0D243002C05D08D5C9B
:109B40004F1C0D70641E3946F7E7354640085B1C14
:109B5000CAE72846C5E7F8BDFF0F0000FEB502932F
:109B60000F46194D0024E143184E009737400190ED
:109B700043422B46BB4101D20C4623E008460299E2
:109B80000E405342B54101D204461BE013460199F1
:109B90000B433E431E43029D009E13D02B46334091
:109BA00004D401998B1A3346AB4103E00199531A4F
:109BB0002B46B341044605DB51406E400E43701EF8
:109BC000864134462046FEBD0000F07FFFFFFF7F48
:109BD0000CB41B4B4A00D21A1BD2000D0A031043CF
:109BE00001221202801802D3400812038918400A89
:109BF000002902D50122D20710434900490D38221D
:109C00001201891A0CD4FF290DD2C90508430CBCD6
:109C10007047DB431A40024305D0D8430CBC704761
:109C200000200CBC7047C90FC907FF20C0050843BE
:109C30000CBC7047C046C046C046C046C046C04681
:109C40000000E0FFF8B50446164F174D0E462E40B3
:109C50000120009464423C46B4411AD31D40544252
:109C6000AF4116D31046009C20433543054311D025
:109C70000020C0431C460C400ED4009CA41A0C4685
:109C80009C4106DB0098504059400143481E8141E9
:109C90000846F8BD0020F8BD009C141B1C468C41F2
:109CA000F0DAF6E70000F07FFFFFFF7FF0B581B04C
:109CB000002927D00C46481E032100F043FB481C16
:109CC000032801D0074600E00027114D032826464F
:109CD0000BD02646284600F0A5FE012F14D02846BA
:109CE00000F0A0FEB61EBF1EF4D1032C0AD32846F6
:109CF00000F098FE284600F095FE284600F092FEFF
:109D0000F61EF4D101B0F0BD761E032CEFD2F9E7B8
:109D100080380100F0B5164B1D46083D2E68012421
:109D2000A6432E601E6803273F03BE433840301809
:109D300018601868FF26B043C9B240181860286838
:109D4000204328601D68002A0ED00A4821022207FD
:109D500015431D6002680A4205D102680A4202D119
:109D600002680A42F6D0F0BD200785431D60F0BDB1
:109D700010010B4004020B4010B5FFF763FF0028F1
:109D800001D0002010BD012010BDC04610B5FFF766
:109D900059FF002801DB002010BD012010BDC04686
:109DA00010B5FFF74FFF002801DD002010BD012096
:109DB00010BDC04610B5FFF7D1FE002801DA002023
:109DC00010BD012010BDC04610B5FFF7C7FE00282A
:109DD00001DC002010BD012010BD000010B500F016
:109DE000A9FB002801D0002010BD012010BDC046F5
:109DF00010B500F09FFB002801DB002010BD012002
:109E000010BDC04610B500F095FB002801DD002014
:109E100010BD012010BDC04610B500F04FFB00285A
:109E200001DA002010BD012010BDC04610B500F0C1
:109E300045FB002801DC002010BD012010BD0028DA
:109E400008D08279002A05D04088020B0A2A07D35D
:109E5000373206E02D20C8708870487008701AE00C
:109E600030320A700205120F0A2A01D3373200E09D
:109E700030324A70C3B21A095B09052B01D337325D
:109E800000E030328A700F2210400A2801D33730A8
:109E900000E03030C870002008717047F0B581B024
:109EA0000D4604468669C0690146FFF7C1FC0746B6
:109EB00030463146FFF7BCFC3946FEF7EAFEFFF7B5
:109EC00019FA2062A96AFEF7DFFE06460025294638
:109ED000FFF78EFF002800D135466562A562A069B4
:109EE000E169FEF771F80349FFF7A2FCE06201B0F7
:109EF000F0BDC046E02E6542F0B510480068C0B223
:109F00000B2819D10E480168490715D40D490E4A8E
:109F10000E4B02E0046864070ED4C4698D786E1C91
:109F20007F2535409678B542F4D08E789E1901276A
:109F30003F02F4558D70EDE7F0BDC0462030104073
:109F4000083110400C0220200F02202000002020A9
:109F500070B5044600200D2919D0254660350A2920
:109F600012D168780026002830460AD129780029C5
:109F7000304606D000206054204611461A46F7F7B6
:109F8000CDFB2E706E7070BD6A78002A00D070BD57
:109F90002A785F2A04D3002028700121697070BDDF
:109FA000531C2B70A15470BD1CB5002922D04C0845
:109FB000002900D5494242105440002800D54042B3
:109FC00000230A00904201D95200FBE790425B4116
:109FD000904200D3801A914201D25208F6E719004C
:109FE000002C00D54042640000D549420200080020
:109FF00011001CBD01000020FDF7ADFE1CBDF0B539
:10A0000087B006910590002822D01C46002B1FD057
:10A0100015460E9804900D9803900C9E069F00E044
:10A02000641C23780A2B0FD00D2BF9D0002B0FD0F6
:10A030000096039801900498029039B22AB20598CC
:10A04000FBF788FABF1DEBE70835069F641CE8E7BD
:10A0500007B0F0BD70B50C480C4941600C4A516026
:10A060000C4B59600C4C61600C4D69600C4E71607A
:10A070000C49016011601960216029603160102075
:10A0800000F0D0FC70BDC04600080A40030000B1DB
:10A0900000280A40000810400008504000281040E6
:10A0A00000A8464001000026F0B50F480068C0B285
:10A0B0000B2818D10D480168490714D40C490D4AE2
:10A0C0000D4B02E0046864070DD4C4694D786E1C22
:10A0D0007F2535405678B542F4D04E789E198027BA
:10A0E000F4554D70EEE7F0BD20105040081150407F
:10A0F0000C0220200F0220200000202070B50E4806
:10A100000068C0B20B2816D10C480168490712D468
:10A110000B490C4A0C4B02E0046864070BD4C46979
:10A120000D786E1C7F2535401678B542F4D00E7838
:10A130009C550D70F0E770BD2010104008111040C4
:10A140000C0220200F0220200000202010B50D4915
:10A150000D4C204600F0F4FB0C49204600F0AEF810
:10A160000B4841680B4A0A40111D41608168122268
:10A170000A432D218A438260016801220A4302605A
:10A1800010BDC0465DB7000000A046407CB6000090
:10A1900004B1464000FCFFFF0CB54A00520D0323FA
:10A1A0001B02FF33D21A13D31F239A1A12D98E46D9
:10A1B000C9020123DB071943D1400B2A02D2153211
:10A1C000D04001437346002B00D5494208000CBD26
:10A1D00000200CBD0B000120C007002B00D401386B
:10A1E0000CBD000070B511221302C218C45801251D
:10A1F000AC43C4500C888D7825438C882C43C558BB
:10A20000084E2E40084D25407419C4508879CB79EA
:10A210000343087A184351687E239943184008186D
:10A22000506070BDE798FDFF18670000F8B50D4657
:10A230000F4F002801D0064600E03E683046294610
:10A2400000F08CFA34183C60305C00280DD02046B9
:10A25000294600F0A9FA21183960205C002805D0B1
:10A26000481C38600020087000E000242046F8BD3B
:10A2700018022020020B0A2A01D3373200E03032C4
:10A280000A700205120F0A2A01D3373200E0303279
:10A290004A70C3B21A095B09052B01D3373200E0BB
:10A2A00030328A700F2210400A2801D3373000E084
:10A2B0003030C870002008717047000070B511225E
:10A2C0001302C2180C894D8825438C792C43C5583C
:10A2D000094E2E40094D25407419C4508888CB7909
:10A2E00003430878184351685D239B009943184045
:10A2F0000818506070BDC04680CCFFFF7F3300005F
:10A3000010B50E490E4A01235C0590600868204292
:10A3100005D10868204202D108682042F6D01068B2
:10A320001B04034313600868C00605D40868C00610
:10A3300002D40868C006F6D510BDC04604020B4022
:10A3400004010B401CB50A0017D000230124E407C8
:10A35000A04200D20400944201D95200FBE790428F
:10A360005B41904200D3801A914201D25208F6E735
:10A3700019000200080011001CBD01000020FDF7BB
:10A38000EAFC1CBD08B443001B0E0FD0FF2B11D0FC
:10A390000721C9015B18C10FC9020B43010048071F
:10A3A0004902090B1B05194308BC70470021002016
:10A3B00008BC704701004002C90DC900C91D09054C
:10A3C00008BC7047B0B50022022813D8002911D06C
:10A3D000094B1C5C094D2D5CAC420BD01A5CC401CE
:10A3E000074D2C19A25C0A70195C491C7F220A4097
:10A3F0001A5401221046B0BD0F0220200C0220206A
:10A4000000002020F0B585B00A9CCD17DE1769400A
:10A410006840401BA94173407240921BB3416E409B
:10A4200002AF0097FEF714FF71407040801BB141EE
:10A43000029A039B6B406A40521BAB410CC405B0AF
:10A44000F0BDB0B504460D46FF20C00522460240CF
:10A45000824201D162020DD10140814201D16802E4
:10A4600009D12846604008D420462946FFF7C0FCA1
:10A47000002800D12C462046B0BD002CFAD5FAE7C2
:10A4800006B49E22002802D404D106BC7047414283
:10A4900004D400E00100013A4900FCD5803101D329
:10A4A000013200E04900490AD2051143002802D5D3
:10A4B0000122D2071143080006BC704740B5420094
:10A4C0004B005E08164301D006004E4000D4D01A5F
:10A4D00004D20120C90F06D1404204E003D9012073
:10A4E000C90F00D04042FF263606B24200D8B34220
:10A4F00001D90120404240BD70B50A480A4C84424F
:10A500000CD00A4D0A4EB54208D02A686968501C22
:10A5100012789200A25890470835F4E700BF00BFB8
:10A5200070BDC0468CB7000080B700009CB700002B
:10A53000ACB7000040B542004B005E08164301D0A6
:10A5400006004E4000D4D01A04D20120C90F06D113
:10A55000404204E003D90120C90F00D04042FF2649
:10A560003606B24200D8B34200D9012040BD0000F7
:10A57000FCB4020C0B0CFF242402FF3420402140C9
:10A580000C00444315005D4306005E430F00574333
:10A59000320C3B0CA818C01832043B040025A1184B
:10A5A0006841C9186841FCBC7047000080B5FFF7DE
:10A5B00051FDFFF711FAFEF795FCFFF767F8FFF77B
:10A5C000ABF8FFF7EFF8FFF7C1FD04482C2100229C
:10A5D000425403482421425480BDC04680012020BB
:10A5E000B001202006B54100090E7F390DD41F228D
:10A5F000511A0CD9864600020122D2071043C840E6
:10A600007246002A00D5404206BD002006BD020069
:10A610000120C007002A00D4401E06BD70B59EB0C0
:10A62000032914D80C460546622048432818623096
:10A6300001AE11461A463346FFF78AFC002806D0C1
:10A640007B208000281801AA2146FFF737F91EB0A9
:10A6500070BD000006B5002803D57346FFF7C2FFA2
:10A6600006BD4100090E7F3908D31F22511A07D3B6
:10A6700000020122D2071043C84006BD002006BDDB
:10A680000020401E06BD000004B40422002802D1B0
:10A69000002104BC704701D50832404212021F322B
:10A6A0000100521E4900FCD30805090B1205114395
:10A6B00004BC704701460748002907D08A79002A60
:10A6C00004D02220085C002801D0044870470248CA
:10A6D0007047C04624B7000033B700003DB7000004
:10A6E000002809D0C179002901D0064870472121EE
:10A6F000405CC0B2022801D0014870470248704750
:10A70000FFB60000E8B600001FB7000002B49E21AB
:10A71000002805D401D102BC704701394000FCD5A6
:10A72000803001D3013100E04000400AC9050843F0
:10A7300002BC7047084880F3088800BF00BF00F0E3
:10A74000C7F9002801D0FFF7D7FE0020FBF752FF22
:10A75000012000F0A8F9C04600802020B0B50025F7
:10A760002A4603780D462C78002C02D06D1CA3429B
:10A77000F9D1002B03D0401C551CA342F0D0104649
:10A78000B0BD000030B514004C4325001C0044430C
:10A790006419050010002900FFF7EAFE0019040003
:10A7A0000D002100280030BDB0B50246002013780E
:10A7B000002B0AD00C462578002D03D0641CAB4238
:10A7C000F9D102E0521C401CF1E7B0BDF0B581B0F8
:10A7D00000920D4606462F200701F41903200102BE
:10A7E000304600F007F9F5510098606001B0F0BD07
:10A7F00010B504460020002C09D0032907D870208A
:10A8000048432018303011461A46FCF721FA10BD93
:10A8100080B5002807D0014603480078002802D000
:10A820000248F9F737F980BD12022020F4012020F8
:10A8300018B520239B1A04D8010000205B429940E0
:10A8400004E004009140DC402143904018BD00002A
:10A850000843104304490A683F231B049A431840E5
:10A86000101808607047C04638010B40401EC0B247
:10A87000032803D8800003490858704700487047F0
:10A88000C8B6000030B60000401E139060CC2268AD
:10A8900012926368119328463146083C00E000009C
:10A8A00082B00094014C019410BD00BF3F7A0000BB
:10A8B00042004B000020FF2109068A4200D88B424B
:10A8C00000D90120704703228058002805D0401E7F
:10A8D0004A1C00230B701146F7E7704740B584B05F
:10A8E00002AE0096FFF78EFD029A039B04B040BDB6
:10A8F0000348002900D1103001210903016070478D
:10A9000090120A400348002900D110300121490368
:10A910000160704790120A400348002900D11030AE
:10A92000012149040160704790120A4080B5024A33
:10A93000024BFDF72DFE80BDE0AA000090B500009F
:10A9400010B50122120383180C785C60497881509D
:10A9500010BD10B50122120383180C789C60497851
:10A96000815010BD10B500239A4203D0CC5CC45472
:10A970005B1CF9E710BD80B50B4603214258C11D91
:10A98000184600F063F880BD109BD80014A90A187F
:10A99000139C0C505660704702480168491C0160C6
:10A9A0007047C04608022020002202604260826098
:10A9B000C260026101707047002804D0002101606C
:10A9C00041608160C16070470146603100220270C1
:10A9D0006023C2544A707047002803D001600021F0
:10A9E00081808160704700239A4202D0C1545B1C71
:10A9F000FAE770470A46002180B5FFF7F4FF80BDF3
:10AA0000014940187047C046A4050000014800688D
:10AA10007047C04608022020002802D000210160B3
:10AA200041607047811E091F00BFFCD2704702467B
:10AA30000B461298119933E702460B4603982946B4
:10AA40002EE702460B460398294629E780B5FFF713
:10AA500089FF80BD41780F200840704700210160C8
:10AA6000416070470146204600E0000082B000943B
:10AA7000014C019410BD00BF5D9A0000304639467C
:10AA800000E0000082B00094014C019410BD00BFB2
:10AA9000AD84000030463946F4E702460B46F1E744
:10AAA00002460B46EEE700F001F8FEE700BF7047F4
:10AAB0002846FFE782B00094014C019410BD00BF0E
:10AAC000938C000020465DE420465BE432E670474C
:10AAD0000120704720BF7047000000000000000008
:10AAE00055425731000184030203000000000000BA
:10AAF0000000FAC2000020420000FA42000020429A
:10AB00000000000000000000000000000000000045
:10AB100001000000000000000000803F0000000075
:10AB20000000000000000000000000000000000025
:10AB30000000000000000000000000000000000015
:10AB40000000000000000000000000000000000005
:10AB500000000000000000000000000000000000F5
:10AB600000000000000000000000000000000000E5
:10AB700000000000000000000000000000000000D5
:10AB800001000000000000000000803F0000000005
:10AB900000000000000000000000000000000000B5
:10ABA00000000000000000000000000000000000A5
:10ABB0000000000000000000000000000000000095
:10ABC0000000000000000000000000000000000085
:10ABD0000000000000000000000000000000000075
:10ABE0000000000000000000000000000000000065
:10ABF00001000000000000000000803F0000000095
:10AC00000000000000000000000000000000000044
:10AC10000000000000000000000000000000000034
:10AC20000000000000000000000000000000000024
:10AC30000000000000000000000000000000000014
:10AC40000000000000000000000000000000000004
:10AC500000000000000000000000000000000000F4
:10AC600001000000000000000000803F0000000024
:10AC700000000000000000000000000000000000D4
:10AC800000000000000000000000000000000000C4
:10AC900000000000000000000000000000000000B4
:10ACA00000000000000000000000000000000000A4
:10ACB0000000000000000000000000000000000094
:10ACC0000000000000000000000000000000000084
:10ACD0000000000000000000000000000000000074
:10ACE0000000000000000000000000000000000064
:10ACF0000000000000000000000000000000000054
:10AD00000000000000000000000000000000000043
:10AD10000000000000000000000000000000000033
:10AD20000000000000000000000000000000000023
:10AD30000000000000000000000000000000000013
:10AD40000000000000000000000000000000000003
:10AD500000000000000000000000000000000000F3
:10AD600000000000000000000000000000000000E3
:10AD700000000000000000000000000000000000D3
:10AD800000000000000000000000000000000000C3
:10AD900000000000000000000000000000000000B3
:10ADA00000000000000000000000000000000000A3
:10ADB0000000000000000000000000000000000093
:10ADC0000000000000000000000000000000000083
:10ADD0000000000000000000000000000000000073
:10ADE0000000000000000000000000000000000063
:10ADF0000000000000000000000000000000000053
:10AE00000000000000000000000000000000000042
:10AE10000000000000000000000000000000000032
:10AE200000000000000000000000C8410000C8420F
:10AE300000401C4500401C4600401C470000003FED
:10AE40000000164300003443000000000000000032
:10AE500000000000000000000000000000000000F2
:10AE6000C1D1C93D6C027A03E803000001008002F1
:10AE7000A203E803000001008A021004E8030000B6
:10AE80000100BE002C01F40100000100A604F00541
:10AE9000DC0500000100A604F005DC05000001004F
:10AEA000D8046E05DC0500000000BA044605DC0588
:10AEB000000000009C04B603DC05000000009204C2
:10AEC000D403DC0500000000C602B603E80300005E
:10AED0000000C6028A02E803000000006C02EA01DA
:10AEE000E8030000000062021202E8030000000014
:10AEF0006E00DC00F4010000000022014600F401B5
:10AF0000000000007602A802E803DC0501000C0343
:10AF10000203E80324FA01006C022C012003000064
:10AF200001006C022C01200300000100D403020385
:10AF3000B00400000100CA030203B00400000100D5
:10AF40004A06D2050807000001004006BE050807B2
:10AF500000000100DA071C079808000001009E07A6
:10AF6000F40698080000010006094808C40900001A
:10AF70000100E8082A08C40900000100040B3C0A8B
:10AF8000B80B00000100DC0A460AB80B0000010003
:10AF900008029402E8036CEE010008029402E80340
:10AFA0006CEE01006C02B202E80348F401008A0270
:10AFB000B202E80348F40100E8032602E80330F88F
:10AFC0000100F2033002E80330F801004803940264
:10AFD000E80318FC010048039402E80318FC010090
:10AFE0000C032602E803000001000C033002E80312
:10AFF00000000100E4021202E803E8030100E40299
:10B000001202E803E80301000C03FE01E803D00785
:10B010000100D0020802E803D0070100E402440264
:10B02000E803B80B0100E4024402E803B80B010096
:10B03000D002F401E80394110100D002F401E80306
:10B0400094110100D205D606D0076CEE0100D2059E
:10B05000D606D0076CEE010062079A06D00748F4C6
:10B0600001004407A406D00748F4010062072C063B
:10B07000D00730F8010094074006D00730F80100EF
:10B080001C076806D00718FC01001C076806D007DB
:10B0900018FC0100FE065406D00700000100FE0661
:10B0A0007206D00700000100C206E605D007E803DB
:10B0B0000100C206FA05D007E80301007206E605A2
:10B0C000D007D0070100FE067C06D007D00701009C
:10B0D00036065E06D007B80B010090064006D00782
:10B0E000B80B01007C063606D007941101009006CB
:10B0F0004006D0079411010076075E06DC0524FAAD
:10B1000001005406FA05DC05DC0501000000000022
:10B110000000005F00000007000700147F147F1488
:10B12000242A7F2A122313086462364955225000CC
:10B1300005030000001C2241000041221C001408ED
:10B140003E081408083E08080050300000080808AF
:10B150000808006060000020100804023E514945C4
:10B160003E00427F400042615149462141454B31FA
:10B170001814127F1027454545393C4A494930018A
:10B18000710905033649494936064949291E0036E1
:10B190003600000056360000081422410014141432
:10B1A0001414004122140802015109063249794160
:10B1B0003E7E1111117E7F494949363E414141226F
:10B1C0007F4141221C7F494949417F090909013ECC
:10B1D0004149497A7F0808087F00417F41002040AB
:10B1E000413F017F081422417F404040407F020CD4
:10B1F000027F7F0408107F3E4141413E7F090909DB
:10B20000063E4151215E7F09192946464949493187
:10B2100001017F01013F4040403F1F2040201F3F70
:10B220004038403F631408146307087008076151F1
:10B23000494543007F41410002040810200041417C
:10B240007F0004020102044040404040000102042B
:10B250000020545454787F484444383844444420AF
:10B26000384444487F3854545418087E0901020C6D
:10B270005252523E7F0804047800447D4000204032
:10B28000443D007F1028440000417F40007C0418AA
:10B2900004787C0804047838444444387C1414143A
:10B2A00008081414187C7C080404084854545420DA
:10B2B000043F4440203C4040207C1C2040201C3C5B
:10B2C0004030403C44281028440C5050503C4464CA
:10B2D000544C44000836410000007F000000413615
:10B2E00008000804081008C083F9A200444E6E004C
:10B2F000FC291500D1572700DD34F50062DBC000C2
:10B300003C999500419043006351FE00BBDEAB00C9
:10B31000B761C5003A6E2400D24D42004906E000F4
:10B3200009EA2E001C92D100EB1DFE0029B11C0081
:10B33000E83EA700F535820044BB2E009CE984005E
:10B34000B4267000417E5F00D691390053833900E6
:10B350009CF439008B5F840028F9BD00F81F3B0086
:10B36000DEFF97000F980500112FEF000A5A8B009F
:10B370006D1F6D00CF7E360009CB2700464FB7000A
:10B380009E663F002DEA5F00BA277500E5EBC70017
:10B390003D7BF100F739070092528A00FB6BEA000F
:10B3A0001FB15F00085D8D00300356007BFC460036
:10B3B000F0AB6B0020BCCF0036F49A00E3A91D006F
:10B3C0005E619100081BE60085996500A0145F008E
:10B3D0008D40680080D8FF0027734D0006063100BD
:10B3E000CA561500C9A873007BE260006B8CC000D0
:10B3F000008080808080808080809090909090807D
:10B40000808080808080808080808080808080803C
:10B41000801804040404040404040404040404045C
:10B4200004020202020202020202020404040404F0
:10B43000040443434343434341414141414141416A
:10B4400041414141414141414141414104040404E0
:10B45000040423232323232321212121212121210A
:10B460002121212121212121212121210404040440
:10B47000800000000000000000000000000000004C
:10B4800000000000000000000000000000000000BC
:10B4900000000000000000000000000000000000AC
:10B4A000000000000000000000000000000000009C
:10B4B000000000000000000000000000000000008C
:10B4C000000000000000000000000000000000007C
:10B4D000000000000000000000000000000000006C
:10B4E000000000000000000000000000000000005C
:10B4F00000012C2D0000FAC2000020420000FA4298
:10B5000000002042000000000000000000000000D9
:10B51000000000000A000203030000000000964340
:10B520000000FA440020004500007A4400408344B3
:10B53000000034420000344300001643F4010000D0
:10B5400078000000F4010000BC0200000000007F51
:10B5500000000040FB21F93F000000002D44743E34
:10B56000000000809846F83C0000006051CC783B19
:10B5700000000080831BF0390000004020257A384D
:10B58000000000802282E336000000001DF36935D0
:10B5900045504D310101440002040A009C342E4400
:10B5A00032B598430000003FCDCCCC3D0000403F79
:10B5B0000000A04164AE0000C0B50000E528541AA8
:10B5C000C500F4016C022003C802E803CF03B004F5
:10B5D000CA04DC0545060807D206D007BC07980850
:10B5E000F708C409F00AB80B0100000000000000D1
:10B5F000000000000000000000000000100000003B
:10B600000001000003000000000000003400C441FD
:10B610003863ED3EDA0F493F5E987B3FDA0FC93F52
:10B620006937AC3168212233B40F14336821A23357
:10B63000E0B60000B6B6000006B70000A4B60000F1
:10B6400003000000040000000400000006000000E9
:10B65000031D07062E2C292D2E2E373F0000021029
:10B66000021C07123732292D29252B39000103101E
:10B670004449474954414C204B45590004000000BF
:10B68000000007100000000018000000003000005B
:10B69000000018000000003000000000180000004A
:10B6A000003000004241434B534944450044495354
:10B6B00054414E434500415050524F41434800527F
:10B6C000414E47455F4D4D00494E56414C4944005F
:10B6D000414444524553530054414720534554007C
:10B6E0004F555453494445004D4F4E49544F520015
:10B6F000444953545F4D4D00544147204944004C48
:10B700004F434B454400554E4C4F434B00012C2DAD
:10B71000012C2D52414E4745004B45594944004F9D
:10B7200050454E0057414954004155544800444942
:10B730005354004641494C00414444520050415347
:10B7400053005A4F4E450044495354000000009F97
:10B750004B455900A202844D4D00494400080008A1
:10B7600000080008000A008A2A8AEE2C00070EC58D
:10B7700005000000000000000000000000000000C4
:10B78000E19A000077A90000C7A8000002000000AD
:10B79000130200000001000004FFF0008CB700005D
:10B7A0000000202094B700001402202000000000B8
:040000030000A7351D
:00000001FF
