:100000000080202029A800002B7700002B7700001B
:1000100000000000000000000000000000000000E0
:100020000000000000000000000000002B7700002E
:1000300000000000000000002B770000E1A6000097
:100040002B7700002B7700002B7700007D9D0000B0
:100050002B7700002B7700002B7700002B77000018
:10006000000000002B7700002B770000000000004C
:1000700000000000259E0000CD9B00002B770000B3
:100080002B7700002B7700002B7700002B770000E8
:100090002B7700002B77000000000000000000001C
:1000A0002B7700002B77000000000000000000000C
:1000B0002B770000000000002B7700002B7700005A
:1000C000F0B59DB007460020002F01D100F094FE4E
:1000D0007B6A002B01D100F08FFEBC7A220604D08F
:1000E000B96A002901D100F087FE1C931892FB4DDC
:1000F000FB4EF8881A90386A1990F869010E17912A
:10010000010CC9B21691010AC9B21591C0B214907E
:10011000B869010E1391010CC9B21291010AC9B25A
:100120001191C0B210907869010E0F91010CC9B203
:100130000E91010AC9B20D91C0B20C903869010E3E
:100140000B91010CC9B20A91010AC9B20991C0B25E
:100150000890F868010E0791010CC9B20691010AD6
:10016000C9B20591C0B204903868C343010E029130
:10017000010CC9B20191000AC2B2FF20C04318436A
:1001800003941C07E4172C405D07ED1735406540CC
:10019000DC06E617D3490E406E409C06E417D249B0
:1001A0000C4074400121450808404042CF4E304089
:1001B000684045089B07DB1733406B409D0965404D
:1001C0008006C017CA4C204068409B06DB173340AE
:1001D000434053401807C017C04A10405A07D2176F
:1001E000BF4C22404240D806C417BE480440544089
:1001F0009806C017BC4D284060401A460A400D467C
:10020000524232405C08544062089B07DB1733407F
:1002100053409A094240A006C017B54908405040D3
:100220009A06D21732404240019842401007C01748
:10023000AA4C20405107C917A94B19404140D0068C
:10024000C317A84803404B409006C017A649084072
:100250005840114629404942314053084B40590803
:100260009207D21732404A40910941409806C01780
:100270009F4B184048409106C917314041400298B1
:1002800041400807C01720404A07D217944B1A4034
:100290004240C806C3179348034053408806C0171E
:1002A000914C204058400A462A40524232404B0866
:1002B00053405A088907C917314051408A094240C2
:1002C0009806C3178A48034053408806C017304039
:1002D0005840B98808F070F81A9908F06DF8397A22
:1002E00041404807C0177E4A10407A7A42400807CA
:1002F000C0177A4B18405040CA06D217794B1A40A3
:1003000042408806C31723405340084628404042D5
:1003100030404A08424050088907C91731404140DF
:10032000880958404307DC176D4B1C40039BDBB228
:1003300002935C400307DB17684E3340634092062C
:10034000D2176B4C22408906C917684E3140514084
:100350004140CA06D217634C22405A408B06DB1735
:10036000614C2340534082072840404230404908B6
:1003700041404808D2173240424090095840430754
:10038000DB17574C23400397FC7A37465C40030742
:10039000DB17524E334063408906CC1754490C405A
:1003A0009106C917394061404140CA06D4174D4AE9
:1003B00014405C408A06D2174B4B1A4062408307B8
:1003C000284040423840490841404808DB173B403C
:1003D0004340980950400207D41734404207D217CF
:1003E0003F4E324062408906CC17414E3440990658
:1003F000C917394061404140CB06DB17394C2340D7
:1004000053408A06D217384C22405A40830728406E
:1004100040423840490841404808DB173B404340D0
:10042000980950408906C917314041409806C017C5
:1004300038404840049948400107C917274E3140C9
:100440004207D217264B1A404A40C106CB1725490E
:100450000B4053408106C9172140594002462A40AB
:1004600052423A40430853405A088007C017384068
:10047000504082094A409906C9171D4B1940514006
:100480008006C01738404840059948400107C91701
:10049000314034464207D217114B1A404A40C10638
:1004A000CB1710490B4053408106C9170E4A114023
:1004B000594002462A4052423A40430853405A08A3
:1004C0008007C0173840504082094A409906C91732
:1004D000074E314051408006C0170BE03288DB0EDA
:1004E00019C46D076410B71DC8206E3B2083B8ED9A
:1004F0009041DC7638404840069948400107C917CA
:1005000021404207D217FC4B1A404A40C106CB1784
:10051000FA490B4053408106C917F94A1140594026
:1005200002462A4052423A40430853405A08800744
:10053000C0173840504082094A409906C9173140D7
:1005400051408006C017384048400799484001078D
:10055000C917214026464207D217E74B1A404A40A6
:10056000C106CB17E5490B4053408106C917E44A41
:100570001140594002462A4052423A4043085340F3
:100580005A088007C0173840504082094A409906EF
:10059000C917DC4C214051408006C0173840484004
:1005A000089948400107C91731404207D217D24E77
:1005B00032404A40C106CB17D0490B405340810618
:1005C000C917CF4A1140594002462A4052423A4088
:1005D000430853405A088007C017384050408209EA
:1005E0004A409906C917214051408006C01738403B
:1005F0004840099948400107C917C34A11404207BA
:10060000D21732404A40C106CB17BC4E334053404C
:100610008106C917BA4C2140594002462A4052422D
:100620003A40430853405A088007C01738405040AA
:1006300082094A409906C917B24B194051408006B9
:10064000C017384048400A9948400107C917AE4AC8
:1006500011404207D217A84B1A404A40C106CB1797
:10066000334053408106C9172140594002462A4071
:1006700052423A40430853405A088007C017384056
:10068000504082094A409906C9179E4B1940514073
:100690008006C017384048400B9948400107C917E9
:1006A000994A11404207D217934B1A401C464A40C0
:1006B000C106CB17334053408106C917904A1140F9
:1006C000594002462A4052423A40430853405A0891
:1006D0008007C0173840504082094A409906C91720
:1006E000884B194051408006C017384048400C994B
:1006F00048400107C917844E31404207D2172240B3
:100700004A40C106CB177D490B4053408106C917AB
:100710007B4A1140594002462A402C4652423A40F8
:10072000430853405A088007C01738405040820998
:100730004A409906C917734B194051408006C017AB
:10074000384048400D9948400107C91731404207D9
:10075000D217694B1A404A40C106CB17674D2B4050
:1007600053408106C917664A11405940024622404B
:1007700052423A40430853405A088007C017384055
:10078000504082094A409906C9175E4B19405140B2
:100790008006C017384048400E9948400107C917E5
:1007A00031404207D217544B1A404A40C106CB177A
:1007B0002B4053408106C917514E314059400246E3
:1007C000224052423A40430853405A088007C0171B
:1007D0003840504082094A409906C917494B194090
:1007E00051408006C017384048400F9948400107E3
:1007F000C917454A11404207D2173F4B1A404A4099
:10080000C106CB172B4053408106C91731405940D0
:100810000246224052423A40430853405A08800759
:10082000C0173840504082094A409906C917354BD5
:10083000194051408006C017384048401099484040
:100840000107C917304A11404207D2172A4B1A40F4
:100850004A40C106CB172B4053408106C91731408F
:1008600059400246224052423A40430853405A08F7
:100870008007C0173840504082094A409906C9177E
:10088000204B194051408006C0173840484011990C
:1008900048400107C9171C4A11404207D217164B9E
:1008A0001A404A40C106CB172B4053408106C91756
:1008B000314059400246224052423A404308534098
:1008C0005A088007C0173840504082094A409906AC
:1008D000C9170C4B194051408006C017384048409A
:1008E000129948400107C917074A11404207D21719
:1008F000014B1A404A4009E019C46D076410B71D46
:10090000C8206E3B9041DC763288DB0EC106CB17E7
:100910002B4053408106C9173140594002462240BE
:1009200052423A40430853405A088007C0173840A3
:10093000504082094A409906C917CC4B1940514092
:100940008006C01738404840139948400107C9172E
:10095000C74A11404207D217C64D2A404A40C10635
:10096000CB17C5490B4053408106C9173140594048
:100970000246224052423A40430853405A088007F8
:10098000C0173840504082094A409906C917B74BF2
:10099000194051408006C0173840484014994840DB
:1009A0000107C917B24A11404207D2172A404A40EC
:1009B000C106CB17B0490B4053408106C9173140DF
:1009C00059400246224052423A40430853405A0896
:1009D0008007C0173840504082094A409906C9171D
:1009E000A24D294051408006C01738404840159913
:1009F00048400107C9179E4A11404207D2179D4B34
:100A00001A404A40C106CB179B490B405340810610
:100A1000C917314059400246224052423A404308E9
:100A200053405A088007C0173840504082094A4056
:100A30009906C917294051408006C01738404840E0
:100A4000169948400107C917F04E31404207D217A6
:100A5000EF4B1A404A40C106CB17EB4D2B40534099
:100A60008106C917E74A11405940024622405242C6
:100A70003A40430853405A088007C0173840504056
:100A800082094A409906C917DD4B1940514080063A
:100A9000C01738404840179948400107C9173140EE
:100AA0004207D217DA4B1A404A40C106CB172B40F7
:100AB00053408106C917D34A11405940024622408B
:100AC0001B9452423A40430853405A088007C017CB
:100AD0003840504082094A409906C917C84B19400E
:100AE00051408006C017384048401999CAB2424068
:100AF0005008114621404B423B4043405808910763
:100B0000CC173C404440A00917905007C617C04876
:100B100006401007C017BD490840D506ED17BA4971
:100B20000D409206D217B7490A409B06DB17B4491D
:100B30000B40A406E4173C407040684050401799B1
:100B40004840584060401999090ACAB242405008CA
:100B500011461B9B19404B423B40434058089107AC
:100B6000CC173C404440A00917905007C617A8482E
:100B700006401007C017A5490840D506ED17A24941
:100B80000D409206D2179F490A409B06DB179C49ED
:100B90000B40A406E4173C40704068405040179951
:100BA0004840584060401999090CCAB24240500868
:100BB00011461B9B19404B423B404340580891074C
:100BC000CC173C404440A00917905007C6179048E6
:100BD00006401007C0178D490840D506ED178A4911
:100BE0000D409206D21787490A409B06DB178449BD
:100BF0000B40A406E4173C407040684050401799F1
:100C000048405840604019990A0E42405008114629
:100C10001B9B19404B423B40434058089107CC175F
:100C20003C404440A00919905007C6177848064038
:100C30001007C01775490840D506ED1772490D40D9
:100C40009206D2176F490A409B06DB176C490B408E
:100C5000A406E4173C407040684050401999484051
:100C600058401A9B6040002B08D17EE09041DC7612
:100C70003288DB0E19C46D076410B71D1C991A93D6
:100C80001C91098807F098FB1C99498807F094FB90
:100C90001C99898807F090FB1C99C98807F08CFB88
:100CA0001C99097A414048080A461B9B1A40524247
:100CB000524F3A40424050088B07DB173B404340BD
:100CC000980919904807C417514804400807C517E8
:100CD0004E480540C806C6174B4806408806C71749
:100CE000484807409006C017454908409906C9176B
:100CF000424A11401C9A527A62406A4072407A40DD
:100D00003E4F199B5A4041405140480813461B9C96
:100D100023405C423C40444060089307DE173E405D
:100D20004640B3095007C517394805401007C0179A
:100D3000364A1040CA06D217334F3A408906C917BF
:100D4000304F3940A406E4172D4F3C40B606F61745
:100D50002A4F3E4068405040484058401A9B1C99DA
:100D6000604070400A315B1E89D11899002942D039
:100D700005460398806A1C90029F781E032109F0A3
:100D800079F9481C00260328344600D004461B90FD
:100D9000032F284618D33D1B00261C9F398807F0D7
:100DA0000BFB798807F008FBB98807F005FBF98889
:100DB00007F002FB398907F0FFFA798907F0FCFA9E
:100DC000F61C0C37B542E9D11B99032913D0B100A9
:100DD0001C9A5518298807F0EFFA698807F0ECFA91
:100DE000012C08D0A98807F0E7FAE98807F0E4FAAF
:100DF0000835A41EEED1C0431DB0F0BD2083B8ED70
:100E00009041DC76C8206E3B6410B71D3288DB0E43
:100E100019C46D07F0B5B7B014460D46074648260D
:100E200014931846314608F025FC002F01D100F03C
:100E30006EFC169613940924A00138181790159586
:100E400028463E4606F0A5FB002807D02F200001CB
:100E50003718386804F004FD00280BD00020179ADA
:100E600010701699505417204001301809F048FCB2
:100E700037B0F0BD7868002803D006F007F90028E5
:100E8000ECD10C960B972120159E305C0025C107F4
:100E900002D10C9B179F13E00C9B19780029179F18
:100EA0000ED0197900290BD0B16C1A691E46139B1C
:100EB0009A1A8A4201D8351D00E000253346159E56
:100EC00081071AD5194690310A78002A15D00A7977
:100ED000002A12D0B26C12920B69139AD31A129A8A
:100EE000934201D90C9B08E0002D0C9B04D02A7979
:100EF000097A8A4201D054E00D1D410718D56101DD
:100F000059180A78002A13D00A79002A10D0B26C36
:100F10000B69139CE31A934201D90C9B08E0002D46
:100F20000C9B04D02A79097A8A4201D039E00D1D40
:100F3000000719D51B20000118180178002913D0CB
:100F40000179002910D0B16C0269139B9A1A8A4268
:100F500001D90C9B08E0002D0C9B04D02979007A64
:100F6000814201D01DE0051D149A44323878002DCD
:100F70000ED00592002701240028099516D0179A53
:100F8000907929798842384611D1D06A00240EE040
:100F90000028139905D0F868081AF16C884200D827
:100FA0005FE20020387016997854C3E13846039404
:100FB0000490354621350D970E97089504E01346A9
:100FC0007F1C042F00D19EE1287801263146B940CC
:100FD0000142F5D0902078431A461B181878002853
:100FE000EDD018790028EAD00F911598806C196916
:100FF000139C611A8142E2D88C20185C010610977C
:1010000026D007937833C4B2A20032A8194609F05B
:10101000C7FB0A94012C11D00A98841E0321204694
:1010200009F028F8481C0328069000D100201290EF
:10103000022C47D20698032800D0EEE00A98400818
:10104000800032A90818159E0999109F079B03E09C
:1010500018460C30159E099909791A7A91420B9914
:1010600000D0F4E104680D68204609F0D5F9024685
:10107000F9B218AB284609F055FA002800D1E6E18C
:101080000E9FF8B2C1002AAA5318109DED001294C9
:10109000344676197668655955505E60810022AAFB
:1010A000129B5350189A26AB5A5021A9109A0A54F1
:1010B0000F980D9901430D917F1C0E97109F0C9B6B
:1010C000089D7DE71298C0430A99401811900023AB
:1010D000012608E00246900032AA1150F61CDB1CE3
:1010E00011988342A6D0B00032A90958344635463B
:1010F000A20032A81018001F07688F42204623D98B
:1011000032A88750681EC0B2002200281BD084007D
:1011100032AFE7193F1F3F688F4215D932A80751F8
:10112000A81EC0B200280ED0840032AFE7193F1FBE
:101130003F688F4208D932A80751ED1EECB2002C4F
:101140001046D5D100E01046800032AA1150741C20
:10115000A00011582546A00032AA8218121F176855
:101160008F42224623D932AA1750681EC2B20020ED
:10117000002A1BD0940032AFE7193F1F3F688F420F
:1011800015D932AA1751AA1ED2B2002A0ED0940045
:1011900032AFE7193F1F3F688F4208D932AA175173
:1011A000ED1EECB2002C0246D5D100E002469000C4
:1011B00032AA1150B41CA00011582546A00032AA32
:1011C0008218121F17688F42224684D932AA1750FC
:1011D000681EC2B20020002A00D17BE7940032AF23
:1011E000E7193F1F3F688F4200D874E732AA1751B2
:1011F000AA1ED2B2002A00D16CE7940032AFE719E0
:101200003F1F3F688F4200D865E732AA1751ED1E95
:10121000ECB2002C0246D1D15DE7002109E0054681
:10122000A80032AB1A50B61C891C1298814200D11A
:1012300004E7B00032AA125834463346A00032AD5B
:1012400045192D1F2F689742254623D932AC2750C8
:10125000581EC5B20020002D1BD0AC0032AFE719DC
:101260003F1F3F68974215D932AD2F519C1EE5B202
:10127000002D0ED0AC0032AFE7193F1F3F689742F8
:1012800008D932AD2F51DB1EDCB2002C0546D5D17A
:1012900000E00546A80032AB1A5001200843129A1C
:1012A000904200D1CAE6731C980032AA12581C461C
:1012B000980032AD45192D1F2F6897421D46AFD9B2
:1012C00032AB1F50601EC5B20020002DA7D0AB006E
:1012D00032AFDF193F1F3F689742A1D932ADEF50BF
:1012E000A31EDDB2002D9AD0AB0032AFDF193F1F35
:1012F0003F68974294D932ADEF50E41EE3B2002B21
:101300000546D5D18CE70D9E0E98C0B217990D7881
:101310001290012812D8002D149C0BD00998007946
:101320008A79904206D1C868139A101A159AD26C1D
:10133000904216D917204001181897E5002D149CEB
:101340000B9B1CD08879099A1279904217D1187A90
:10135000002814D0D868139A101A159A526C90422B
:101360000DD24822204609F01BFAE67100202072B7
:101370000E98607201200599487037B0F0BD0127C2
:101380001F721398D86021A81299022979D1027886
:10139000002A76D14078012873D15868002870D08F
:1013A000229A01210C04A2426BD2239BA342139CDC
:1013B00067D2119191B29AB218AB00F0F7FD0028F4
:1013C0005DD0172040010C990818099A51881279AC
:1013D000199B06F01FFE1599496A07F08CFA07461B
:1013E00018A840780028049802D01A9807F072FCD8
:1013F000C94908F0B5F8054605F064FD01463846D0
:1014000008F0AEF816901D901095284605F08CFB5C
:101410000146384608F0A4F803461E9018A8417803
:10142000179848300029129700D13AE10B990968C2
:101430006922D20089181DAA00940192169A01F01F
:1014400081F91D9816901E980F9021462DE10020DD
:1014500017990870169A8854172040010C9908189B
:1014600004E514464822149D2846394609F098F9A7
:101470000020E87128810120607037B0F0BD179816
:101480000578002D179A09D0907909990979884231
:1014900004D1116950691F91159C06E000201F902E
:1014A000159C606AA16A07F026FA2090E06B32A9C9
:1014B000009001912AA826A91FAB129A03F01CFBE9
:1014C000002800D123E132A8417C1191807C10904A
:1014D00000252846294606E0104331436D1C129A28
:1014E000AA421F4610D021AA525D3E4696403B4676
:1014F000AF403C46119A1440324600D12246109C1F
:101500002740E9D13E46E7E7149E377032AA137CA4
:101510000024022B00D827467770B470099D1294DE
:101520006C88B4802C79B471F07131727372339D10
:10153000349C1398F0603561746135983064D17CC7
:10154000059A1170159FF96B08F020F97F21CE05DF
:10155000314607F0D0F901463046149E08F016F9DE
:10156000306370632046214607F0FAFF04462846A0
:10157000294607F0F5FF214607F0BDF907F056FDB3
:10158000796A07F0B3F9044612990F4608F0C8FAD1
:10159000002800D127463499339806F031FC5D4984
:1015A00007F0DEFF05460B980068334638333146B6
:1015B0003C3100913C4639462A4604F0B9FF0028E8
:1015C0004BD0B16B204607F096F907460024214620
:1015D00008F0A6FA002800D13C46F16B284607F037
:1015E0008AF907F077FB05461598416A204607F00F
:1015F00082F907467078411E88410399014302D160
:101600000120B070049D4449284607F0A9FF044614
:1016100005F058FC0146384607F0A2FF05461D902C
:10162000204605F081FA0146384607F099FF034647
:101630001E90717817984830002919D00B990968C5
:101640006922D20089181DAA139C009401922A468F
:1016500001F078F81D9D1E9B0CE03046169C21463B
:1016600008F008F8002017990870085537B0F0BD49
:10167000002101701599B561F361304608F078FAE0
:10168000707A042802D30420059905E003280599FF
:1016900001D1032000E0022048704822179831460B
:1016A00033E00021017021460F93149F1198388078
:1016B000B870099A5088B8801079B871FE71022408
:1016C0007C72F960109D284605F0FCFB0146129ED5
:1016D000304607F045FF3861284605F025FA0146F7
:1016E000304607F03DFF78611698B8610F98F861B1
:1016F0001B981C993863796305984470384615998E
:1017000008F036FA48221798394609F049F837B0F8
:10171000F0BDC046E02E654235FA8E3CF0B5A9B06A
:1017200015460291064600200B9010A9325C0A541F
:10173000002A6FD00B1831184C7810AA5C70002C5E
:101740006ED013188C7810AA9C70002C6ED01318D1
:10175000CC7810AADC70002C6ED013180C7910AA6B
:101760001C71002C6ED013184C7910AA5C71002CDF
:101770006ED013188C7910AA9C71002C6ED013189F
:10178000CC7910AADC71002C6ED013180C7A10AA38
:101790001C72002C6ED013184C7A10AA5C72002CAC
:1017A0006ED013188C7A10AA9C72002C6ED013186D
:1017B000CC7A10AADC72002C6ED013180C7B10AA05
:1017C0001C73002C6ED013184C7B10AA5C73002C79
:1017D0006ED013188C7B10AA9C73002C6ED013183B
:1017E000CC7B10AADC73002C6ED013180C7C10AAD2
:1017F0001C74002C6ED013184C7C10AA5C74002C46
:101800006ED01218897C917400296FD013305F2834
:101810008BD175E05F21091A10AA1018401C6AE0EC
:101820005E21091A10AA1018801C64E05D21091AB3
:1018300010AA1018C01C5EE05C21091A10AA10182A
:10184000001D58E05B21091A10AA1018401D52E033
:101850005A21091A10AA1018801D4CE05921091AA2
:1018600010AA1018C01D46E05821091A10AA101815
:10187000083040E05721091A10AA101809303AE040
:101880005621091A10AA10180A3034E05521091AF5
:1018900010AA10180B302EE05421091A10AA1018A3
:1018A0000C3028E05321091A10AA10180D3022E03C
:1018B0005221091A10AA10180E301CE05121091AE1
:1018C00010AA10180F3016E05021091A10AA10188B
:1018D000103010E04F21091A10AA101811300AE038
:1018E0004E21091A10AA1018123004E04D21091ACD
:1018F00010AA10181330022902D3491E07F0BAFEAD
:10190000039604955F2110A8002201910A92425487
:10191000F34F02E02C218170C01C0178092907D007
:101920003B2905D000291ED079184978C90601D570
:101930002C2101704178092907D03B2905D00029C5
:1019400011D079184978C90601D52C2141708178C8
:101950000929DFD03B29DDD0002904D07918497846
:10196000C906D7D4D8E7DF4910A808F01BFB002828
:1019700000D1CDE2054601260A9806900790059011
:10198000099609E00A9000242046D64908F00AFB8F
:101990000546002800D1E7E12878002819D06D1C01
:1019A00038184078C00611D52878002811D038188A
:1019B0004078C0060DD56878002809D038184078DE
:1019C000C00605D5A878ED1C0028E9D16D1E00E001
:1019D0006D1C0020295C00290AD029184A78002AA9
:1019E00005D08978C01C0029F4D1401E00E0401CBD
:1019F0002818A84217D9421E117879184978C906C3
:101A000011D5AA4212D9811E0B78FB185B78DB0630
:101A10000CD5A94209D9C01E0278BA185278D2064C
:101A20000A46E6D402E0024600E00A4600211170B0
:101A30002A78002AA7D03D2A284623D1002804D19D
:101A40003A2A284633D1002846D001702A78002A45
:101A500053D06D1CBA185278D20611D52A78002AB4
:101A60004BD0BA185278D20647D56A78002A43D0AC
:101A7000BA185278D2063FD5AA78ED1C002AE9D1CF
:101A80006D1E3AE0681C1346002BD9D00378002B5A
:101A9000D6D03D2BD2D04378002BD1D03D2B00D1D6
:101AA0005EE18378C01C3D2BEED1401EC6E7681C6A
:101AB0001346002B10D00378002B0DD03A2BC2D048
:101AC0004378002B08D03A2B00D14BE18378C01C1F
:101AD0003A2BEED1401EB6E70798032800D952E70B
:101AE000B8184078800700D44DE70799481C890052
:101AF0000CAA5550079046E76D1C6A5C002A0AD074
:101B00006A185378002B05D09278C91C002AF4D1AA
:101B1000491E00E0491C6918A94217D94A1E1378CA
:101B2000FB185B78DB0611D5AA4212D98B1E1C78F4
:101B30003C196478E4060CD5AB4209D9C91E0A7871
:101B4000BA185278D2061A46E6D402E00A4600E0F5
:101B50001A46002111704278002A18D0841CB81847
:101B60004078C00611D52078002813D03818407866
:101B7000C0060FD5607800280BD038184078C00612
:101B800007D5A278E41C002AE9D1641E02E0441CB7
:101B900000E0641C605C00280AD060184278002ACB
:101BA00005D08078C91C0028F4D1491E00E0491CEA
:101BB0006018A04217D9411E0A78BA185278D20686
:101BC00011D5A14212D9821E1378FB185B78DB066F
:101BD0000CD5A24209D9C01E017879184978C906E6
:101BE0001146E6D402E0014600E0114600230B70E6
:101BF000297800291FD0284605E08170C21CC178D1
:101C00000029104617D0CAB2613A1A2A00D22039E8
:101C10000170417800290ED00A46613A1A2A00D292
:101C2000203941708178002905D00A46613A1A2A84
:101C3000E3D22039E1E708932846D14907F020FD97
:101C4000002817D02846CF4907F01AFD002811D0E8
:101C50002846CD4907F014FD00280BD02846CB4973
:101C600007F00EFD002805D02846C94907F008FDF9
:101C7000002842D1601C411E0A78B9184978401CDE
:101C8000CB06F8D4861E302A09D1421E12782023B2
:101C90001343782B03D101787918497806468807D1
:101CA0002AD528A91022304606F014F8289AB24204
:101CB00022D011787B185B78DB060AD551787B1827
:101CC0005B78DB0605D591787B185B78D21CDB0648
:101CD000EFD4AA4A904207D8099A089B06E0C0466A
:101CE00050B10000C4B400000123099A0029114634
:101CF00000D1194601292FD1099E2846A54907F090
:101D0000BFFC00281ED02846A34907F0B9FC0028D4
:101D100018D02846A14907F0B3FC002812D0284665
:101D20009F4907F0ADFC00280CD028469D4907F0DC
:101D3000A7FC002806D028469B4907F0A1FC0028F4
:101D400000D020E60BA9204606F0C4FA0028304651
:101D500000D017E60A9815E60590099E069612E649
:101D6000401C6BE6401C6EE60698C00704D007983E
:101D700002283ED300203DE00798022800D2C7E0A9
:101D80000C98401C411E0A78B9184978401CCB06B3
:101D9000F8D4861E302A09D1421E1278202313431C
:101DA000782B03D10178791849780646880733D50E
:101DB00028A91022304605F08DFF05462898B0422C
:101DC0002AD001787A185278D2060AD541787A1842
:101DD0005278D20605D581787A185278C01CD2067E
:101DE000EFD44C424C416548401C854211D3002041
:101DF00010E001200A99C907324600D10246002AA4
:101E000002D0059D0A9C0BE000293446059D12D1A5
:101E100009E00120044000D1059D0A98C00702D0C6
:101E2000E00708D174E00D980BA906F053FA002CD6
:101E30006ED000286CD07421049E304607F01AFC46
:101E40000120307075800F20284030710B98B060F1
:101E50000298F060122003990B181A46123A127871
:101E6000002A5BD01A46113A1278002A58D01A4636
:101E7000103A1278002A55D01A460F3A1278002AE2
:101E800052D01A460E3A1278002A4FD01A460D3A0E
:101E90001278002A4CD01A460C3A1278002A49D0FF
:101EA0001A460B3A1278002A46D01A460A3A127895
:101EB000002A43D01A46093A1278002A40D01A461E
:101EC000083A1278002A3DD0DA1F1278002A3BD057
:101ED0009A1F1278002A39D05A1F1278002A37D058
:101EE0001A1F1278002A35D0DA1E1278002A33D051
:101EF0009A1E1278002A31D05A1E1278002A2FD04A
:101F00000A5C002A2DD013307128A5D1019828E051
:101F1000002104980170084629B0F0BD123820E075
:101F200011381EE010381CE00F381AE00E3818E0A7
:101F30000D3816E00C3814E00B3812E00A3810E0C7
:101F400009380EE008380CE0C01F0AE0801F08E0E6
:101F5000401F06E0001F04E0C01E02E0801E00E0FB
:101F6000401E30741136C4B23046224608F018FCC8
:101F700000203055099829B0F0BDC046FFFF000091
:101F8000B3B400008DB4000028B40000A9B4000070
:101F90006EB4000083B4000005B4000038B4000043
:101FA00062B4000017B40000B0B40000F0B5B9B0DE
:101FB000002B00D1E1E11446059100271F605F600E
:101FC0009F60DF601F6106461D4605F05FF8002830
:101FD00000D0D3E10295F0881390002800D1CDE124
:101FE0000025E8430B90706A1190059808F014FAE8
:101FF0001090F0680F90204608F00EFA0E903069AD
:102000000D900896307A0C9029A8014614310A9157
:102010000146103903911838049019A8014614316B
:1020200006910146103900911838019029462A4638
:10203000129515950DE0C00019A90A18149B0B50B4
:10204000189850602A461799491C1398814200D16C
:1020500064E116920A201791484311990C18085A06
:1020600008F0DAF90146109806F040FC0F9907F0E5
:102070008DFB06461494608808F0CEF901460E9850
:1020800006F034FC0D9907F081FB014607F068FA71
:1020900007463046314607F063FA394606F02BFC16
:1020A0001890159B1806129F2DD0D8B20B9C444354
:1020B00001210D1A02270A9E30461038006818992F
:1020C00007F04CFD00281AD1E819022814D0304638
:1020D00008380068189907F041FD002811D1E0196F
:1020E0000AD03068189907F039FD00280AD1FF1C82
:1020F000E01918360228DFD1159B1F4603E0BF1EEA
:1021000000E07F1E159BF8B2D9B20C9A914204D31D
:10211000904202D3169A149B61E0914204D30024AA
:10212000914204D25D1C03E001249142FAD31D4682
:102130006A1ED3B2834249D9099515990C19E41B3B
:10214000A41EE1B2AB2507914D436D0A03266E43F1
:10215000A41B611C1591CCB2032C01D10021159157
:10216000032C1BD0DC0003990E190027B468F1681A
:102170003461716101213943C9B2159CE4B2A142B5
:102180000AD022CE31607560921E9B1EBF1CF9B230
:10219000183EA142EAD101E0521E5B1E07990229B6
:1021A000099D13D3D900049B5B1819695C69DC6134
:1021B0009961D9689C681C61596159681C689C6068
:1021C000D960D21ED1B2183B8142EED8C00029A9F5
:1021D0000A18149B0B50189850601595169A187A87
:1021E000C007179900D12FE70898437A10062BD023
:1021F0000993D0B20B9D454301210C1A0227069E7C
:10220000304610380068189907F0A8FC00281DD146
:10221000E019022814D0304608380068189907F0F1
:102220009DFC002814D1E8190AD03068189907F0ED
:1022300095FC00280DD1FF1CE81918360228DFD1C3
:10224000169A1746099B06E0002704E0BF1E00E02F
:102250007F1E099B169AF8B2D1B2994202D39842D6
:1022600000D3F0E6994204D30024994204D2551CCD
:1022700003E001249942FAD315466A1ED3B2834281
:1022800000D8D8E6099516990C19E41BA41EE1B2F2
:10229000AB2507914D436D0A03266E43A41B611CB9
:1022A0001691CCB2032C01D100211691032C1BD026
:1022B000DC0000990E190027B468F168346171617F
:1022C00001213943C9B2169CE4B2A1420AD022CE00
:1022D00031607560921E9B1EBF1CF9B2183EA14270
:1022E000EAD101E0521E5B1E07990229099D00D226
:1022F000A1E6D900019B5B1819695C69DC619961F1
:10230000D9689C681C61596159681C689C60D960D7
:10231000D21ED1B2183B8142EED88CE61598000649
:1023200002982AD016920121129101702A98FE4932
:10233000149007F0F5FB1599CDB2002821D00027A5
:1023400029AE3C467068F84907F0EAFB00280ED039
:102350003068808808F060F80146204606F0CBFA25
:1023600004467F1C6D1E0836002DEBD1159FF8B278
:1023700008F052F8014620462FE00027384639B0D1
:10238000F0BD002129AC0E461AE07F20C005314681
:1023900007F0FCF907462068808808F03DF8014600
:1023A000384607F0DDF8179906F0A5FA06461898A2
:1023B000394606F0A0FA01466D1E0834002D0BD0F8
:1023C0001796189167683846D84E314607F0A8FB33
:1023D0000028DAD13E46D8E7304607F0D7F906465E
:1023E000089F7C697F20C5052046294607F0ACFB85
:1023F0000028139506D11894BC7A022C029804D2B6
:10240000129FC3E00298129FC0E01796BE6A002E8A
:1024100030D0B8690025294607F0A0FB00282CD051
:10242000149806F003FEB96907F0B0F90146139F4E
:10243000384606F05BFA04460026314607F070FB8A
:10244000002807D12046394607F088FB0028264699
:1024500000D03E463846189C214606F047FA3146E1
:1024600007F07EF8214606F046FA01460898866A8B
:10247000847A04E0129F179E88E0139F18993846CB
:10248000189106F033FA1590A00030180146071F86
:102490003888059A90421ED9301D022C18D33188F5
:1024A000914215D2611E7719BA88059B9A4215D2BE
:1024B00001290DD03A89059B9A4211D2022907D0F1
:1024C000BA89059B9A420DD2C91E0C350029EAD162
:1024D0000746354608E00D46083D05E03F1D02E091
:1024E000083700E00C373D1F388807F095FF064697
:1024F0002C46288807F090FF05463046294606F00E
:10250000F5F906460120C10730468843884907F09F
:1025100007FB00280FD0608807F07EFF054678880B
:1025200007F07AFF0146284606F0E5F93F21090643
:1025300007F016F81AE0059807F06EFF294606F036
:10254000D5F9314607F022F90646608807F064FFA6
:102550000546788807F060FF294606F0C7F901466E
:10256000304606F0FDFF294606F0C5F901461598EC
:1025700006F0F6FF05461898179906F0F1FF294670
:1025800006F0B9F906460298129F139D466014980A
:1025900006F04CFD294606F0AEF90146284607F044
:1025A000F5F80299C8601698000600D1E6E61A9E72
:1025B000304606F03BFD0899C96907F0CFFA0021C3
:1025C000002800D09CE010915749304607F0A8FA47
:1025D000002811962ED01698C0B20B9941430B914A
:1025E00019AE143601210F1A02254F4C304610380F
:1025F0000068214607F094FA00281DD078190228B7
:1026000016D0304608380068214607F089FA0028BD
:1026100014D00B9840190BD03068214607F080FA8F
:1026200000280CD0ED1C0B98401918360228DDD17B
:10263000169D04E0169D06E0AD1E00E06D1E129F83
:10264000119E28066AD0EFB23B4C00203B4D19AAE0
:102650001890179016E0214607F098F80446314686
:1026600006F07EFF179906F046F917901898214654
:1026700006F041F918907F1E159A0832002F149821
:10268000044629D01697106817460621405E07F0C9
:102690008FFD2B4907F07AF8064615977F68294683
:1026A00007F03EFA0028304600D12846054630465D
:1026B000214607F053FA0028304600D120461490F6
:1026C00038461A4C214607F02BFA002813983A4650
:1026D000169FC0D11446BEE7294606F007F9129F9F
:1026E000119E0899096A07F039FA0028139D10997C
:1026F00006D11798189907F049F802998860394669
:10270000029C6170304606F091FC294606F0F3F811
:102710000146284607F03AF820612FE605480021D7
:1027200017911891DDE7C046CCBC8C2B17B7D13977
:10273000BD3786350000FAC400007AC400007A4430
:102740000000C842F0B5A1B01F460E460446279DC2
:102750002699007800281792209100D1FFE0069773
:1027600015956068081A07F057FE864907F00EF8BD
:10277000054618967769394607F0F0F9002800D128
:102780002F46209860602069A568394606F0E8FE6B
:10279000294606F0B0F81090A0606069E5683946F7
:1027A00006F0DEFE294606F0A6F80590E060A56971
:1027B000A16B1C91384606F0D3FE294606F09BF823
:1027C0002090A56AA16C1B91384606F0C9FE2946E7
:1027D00006F091F81F90E569E16B1491384606F018
:1027E000BFFE294606F087F81190E56AE16C0E916C
:1027F000384606F0B5FE294606F07DF81390256AA6
:10280000216C0F91384606F0ABFE1290294606F077
:1028100072F81E90256B216D3846089106F0A0FED7
:102820000C90294606F067F81D90666A616C384680
:10283000079106F095FE0A90314606F05CF80646D0
:10284000656B1694616D0D91384606F089FE04465D
:10285000294606F050F8054638461E9906F080FED7
:10286000209906F048F80B9038461A96314606F043
:1028700077FE119906F03FF8209038461D9906F032
:102880006FFE1F9906F037F81F90384619952946B4
:1028900006F066FE139906F02EF8099012981C991E
:1028A00006F029F811900A98149906F024F812906D
:1028B0000C981B9906F01FF8139020460E9906F00D
:1028C0001AF81490189C26682F49384606F013F819
:1028D00005463046294606F043FE06460B9906F0AB
:1028E0000AF807463046099906F005F8064660687A
:1028F000294606F035FE05460F9905F0FCFF0C90C1
:1029000028460D9905F0F7FF0D90A5681B973846EE
:10291000294605F0F0FF07461C963046294605F08B
:10292000EAFF04460120C507209969401F9806F078
:1029300017FE064638461894214606F011FE314629
:1029400005F0D9FF0446A843104907F0E9F800282C
:102950001ED0159D109828601698C76847E2582128
:10296000204606F087FE01202070209860601799AD
:10297000A160E760F068A061E06230692064606592
:10298000296034E200007A446F12833ABD378635FD
:102990001B9D2846189906F0E3FD314605F0ABFF74
:1029A0000294214606F0F2FE04903846209C21460F
:1029B00006F0D6FD0646284621460E9706F0D0FDC5
:1029C0000146304605F092FF029F394606F0DEFED2
:1029D00003901F9C20461C9D294606F0C1FD06461B
:1029E0002046189906F0BCFD314605F07FFF3946B8
:1029F00006F0CCFE0F900E98294606F0B1FD064673
:102A00002046209906F0ACFD0146304605F06EFFE9
:102A1000394606F0BBFE09902046129C214606F07E
:102A20009FFD0646119D2846189906F099FD3146EE
:102A300005F05CFF394606F0A9FE0B900E98214682
:102A400006F08EFD06462846209906F089FD0146CF
:102A5000304605F04BFF3D46394606F097FE0A909A
:102A60001F98149C214606F07BFD0646139F3846AE
:102A7000189906F075FD314605F038FF2E462946B7
:102A800006F084FE18900E98214606F069FD054672
:102A90003846209906F064FD0146284605F026FFD9
:102AA000314606F073FE0E901798109905F01EFF40
:102AB00005460698059905F019FF0646039906F0A4
:102AC0004FFD07460498294606F04AFD394605F0B1
:102AD00012FF0146169CA06805F00DFF1790A0603C
:102AE0003046099906F03CFD07460F98294606F046
:102AF00037FD394605F0FFFE0146E06805F0FBFEB4
:102B0000E06030460A9906F02BFD07460B982946EF
:102B100006F026FD394605F0EEFE0146206905F077
:102B2000EAFE206130460E9906F01AFD0646189816
:102B3000294606F015FD314605F0DDFE01466069C7
:102B400005F0D9FE6061049C20461B9D294606F0D5
:102B500007FD0146284605F0C9FE0546039E30469E
:102B60001F9906F0FDFC0146284605F0BFFE1090B7
:102B70002046209D294606F0F3FC0146284605F034
:102B8000B5FE054630461C9906F0EAFC014628468B
:102B900005F0ACFE069020461E9D294606F0E0FC9E
:102BA0000146284605F0A2FE054630461D9906F06E
:102BB000D7FC0146284605F099FE059020461A9C50
:102BC000214606F0CDFC0146204605F08FFE054665
:102BD0003046199906F0C4FC0146284605F086FEE9
:102BE00004900F9F38461B9906F0BAFC01461F9EC1
:102BF000304605F07BFE0546099C2046314606F02E
:102C0000AFFC0146284605F071FE03903846209936
:102C100006F0A6FC01461C9E304605F067FE054600
:102C20002046314606F09CFC0146284605F05EFE33
:102C3000029038461E9906F093FC01461D9F3846C7
:102C400005F054FE054626462046394606F088FC27
:102C50000146284605F04AFE01900F981A9906F0A1
:102C60007FFC0146199C204605F040FE0546304693
:102C7000214606F075FC0146284605F037FE0F9008
:102C80000B9E30461B9906F06BFC0146119805F02F
:102C90002DFE05460A9F38461F9906F061FC014645
:102CA000284605F023FE11903046209C214606F070
:102CB00057FC0146129805F019FE054638461C9946
:102CC00006F04EFC0146284605F010FE12903046F4
:102CD0001E9906F045FC01460C9805F007FE0546D6
:102CE00038461D9906F03CFC0146284605F0FEFDDD
:102CF0000C9030461A9906F033FC0146079805F00F
:102D0000F5FD05463846199906F02AFC0146284685
:102D100005F0ECFD0B90189F38461B9906F020FC3F
:102D20000146139805F0E2FD05460E9E30461F99B8
:102D300006F016FC0146284605F0D8FD1F903846DF
:102D4000214606F00DFC0146149805F0CFFD05461E
:102D5000304634461C9906F003FC0146284605F02F
:102D6000C5FD054638461E9906F0FAFB014608984F
:102D700005F0BCFD064620461D9906F0F1FB014614
:102D8000304605F0B3FD064638461A9906F0E8FBD2
:102D900001460D9805F0AAFD07462046199906F050
:102DA000DFFB0146384605F0A1FD1699109A8A61AD
:102DB000069ACA61059A0A62049A4A62039A8A626A
:102DC000029ACA62019A0A630F9A4A63119A8A6345
:102DD000129ACA630C9A0A640B9A4A641F9A0B46A9
:102DE000483364C34865159D17982860CF686F60A5
:102DF00021B0F0BDF0B58FB005469920C14308461B
:102E000099300E90002D00D10AE302916920C00094
:102E1000281800901F200001281807907D4E7E4F33
:102E200029680EAC0C94204604F00EFAA9882046BE
:102E300005F06AF9E988204605F066F9287A0E99C6
:102E4000414001220D920846104043424808334059
:102E5000434058088A07D41734404440A0090B90D7
:102E60004807C6173E400807C0176C4A1040CF06F7
:102E7000FF176B4A17408906C9176A4A11409B061B
:102E8000DB17694A1340A406E417624A14407040F5
:102E9000784048400B994840584060406A7A424028
:102EA00010460D990840434250085A4E3340434063
:102EB00058089107CC1734404440A0090B905007A4
:102EC000C617554806401007C01754490840D70692
:102ED000FF1753490F409206D21752490A409B06EA
:102EE000DB1751490B40A406E4174A490C407040D7
:102EF000784050400B99484058406040AA7A424080
:102F000010460D99084043425008424E334043401A
:102F100058089107CC1734404440A0090B90500743
:102F2000C6173D4806401007C0173C490840D70661
:102F3000FF173B490F409206D2173A490A409B06B9
:102F4000DB1739490B40A406E41732490C407040A6
:102F5000784050400B99484058406040E97A4140E1
:102F600008460D9A1040434248082A4E33404340D9
:102F700058088A07D41734404440A0090B904A07E8
:102F8000D617254806400A07D21724480240CF0624
:102F9000FF17234807408906C917224801409B06AE
:102FA000DB1721480340A406E4171A480440724086
:102FB0007A404A400B9842405A4062400E92E9687B
:102FC0000C9C204604F040F92969204604F03CF9A5
:102FD0006969204604F038F9A969204604F034F9FB
:102FE000E969204604F030F9296A204604F02CF9FA
:102FF000696A204604F028F9A96A204604F024F9F9
:10300000E96A204604F020F9042001952E462C465A
:103010000CE0C0462083B8ED19C46D073288DB0E82
:103020006410B71DC8206E3B9041DC760B940C9069
:10303000304680300A903046303009903020305C85
:103040000E9B434018460D99084045425808F64AE1
:103050001540454068089907CC1714404440A00922
:1030600008905807C217F54802401807C117F248E0
:103070000140D806C017EF4F38409B06DB17EC4FD6
:103080003B40AD06ED17E94F3D40A406E417E64F7F
:103090003C4051404140594008984140694061409E
:1030A000099842784A4010460D990840434250081A
:1030B0003D463B40434058089107CC173C404440B4
:1030C000A00909905107CD17DC4805401107C91721
:1030D000D9480140D706FF17D64807409206D217B5
:1030E000D34802409B06DB17D0480340A406E417F0
:1030F000CD480440694079405140099841405940C9
:1031000061400B9C0E91718E0EAD284604F0FCFFC1
:10311000716B284604F098F8B16B284604F094F8D7
:10312000F16B284604F090F8316C284604F08CF8D6
:10313000716C284604F088F8B16C284604F084F8D5
:10314000F16C284604F080F8316D284604F07CF8D4
:10315000716D284604F078F8B16D284604F074F8D3
:10316000F16D284604F070F8316E284604F06CF8D2
:10317000716E284604F068F8B16E284604F064F8D1
:10318000F16E284604F060F87034316F284604F080
:103190005BF8716F284604F057F8B16F284604F0C9
:1031A00053F8F16F284604F04FF880203158284634
:1031B00004F04AF80A9E7168284604F045F8B168A0
:1031C000284604F041F8F168284604F03DF83169DA
:1031D000284604F039F87169284604F035F8B169D9
:1031E000284604F031F8F169284604F02DF80C98CF
:1031F000401E264600D019E7079C21880EAD2846C0
:1032000004F082FF6188284604F07EFFA1882846EA
:1032100004F07AFFE188284604F076FF21892846E9
:1032200004F072FF6189284604F06EFFA1892846E8
:1032300004F06AFFE189284604F066FF218A2846E7
:1032400004F062FF618A284604F05EFFA18A2846E6
:1032500004F05AFFE18A284604F056FF218B2846E5
:1032600004F052FF618B284604F04EFFA18B2846E4
:1032700004F04AFFE18B284604F046FF218C2846E3
:1032800004F042FF618C284604F03EFF8520800058
:10329000019908180390029C039807199A200D9031
:1032A000395A0EAD284604F02FFF9C200C90395A55
:1032B000284604F029FF9E200B90395A284604F036
:1032C00023FFA0200A90395A284604F01DFFA220AF
:1032D0000990395A284604F017FFA4200890395A5B
:1032E000284604F011FFA6200790395A284604F01A
:1032F0000BFFA8200690395A284604F005FFAA20A3
:103300000590395A284604F0FFFEAC200490395A43
:10331000284604F0F9FEAE26B95B284604F0F4FE18
:103320001634B9D14648019908180390029D0398B4
:1033300047190D98395A0EAC204604F0E5FE0C985A
:10334000395A204604F0E0FE0B98395A204604F022
:10335000DBFE0A98395A204604F0D6FE0998395AFD
:10336000204604F0D1FE0898395A204604F0CCFEDD
:103370000798395A204604F0C7FE0698395A204665
:1033800004F0C2FE0598395A204604F0BDFE0498A8
:10339000395A204604F0B8FEB95B204604F0B4FE6A
:1033A0001635C4D1009D29680EAC204603F04CFFB1
:1033B0006968204603F048FFA968204603F044FFEF
:1033C000E968204603F040FF2969204603F03CFFEE
:1033D0006969204603F038FFA969204603F034FFED
:1033E000E969204603F030FF296A204603F02CFFEC
:1033F000696A204603F028FFA96A204603F024FFEB
:10340000E96A204603F020FF296B204603F01CFFE9
:10341000696B204603F018FF0E98C0430FB0F0BD53
:1034200000200FB0F0BDC0462083B8ED9041DC769F
:10343000C8206E3B6410B71D3288DB0E19C46D07BF
:10344000AE020000F0B5FFB0A2B01F4614460191D5
:103450000D90A69807908000DB490E585D1ED01E87
:103460001821009106F00AFCC11788431721C943AF
:1034700041430A19411B13910A9675190C9080005B
:103480001297B900401AD1494018061D002764ACB4
:103490000992AF420EDC1398C01904D4306806F0CC
:1034A000A5FF099A01E00020014603C47F1C0034F7
:1034B000361DEEE71298C00064A94418083C0023AA
:1034C0000A9FBB421FDC109300250D9F119413959A
:1034D0002E46129885420FDA03CF0CCC083C083FE9
:1034E00004F086FE139A334604F025F913900E4635
:1034F0006D1C083C0837ECE707F0EAF85B1C119CF0
:103500000834099ADCE71046183806903020801AF3
:1035100003902F20801A02908DA8011FB8000591FA
:10352000081804903A46D60014A8811983594968AE
:10353000083E8DAF0B921392139801282ADB119746
:103540001096002618460C4632460E93A04B04F007
:103550004FFE06F0DDFC06F049FF0F900D463246A7
:10356000109E119F9B4B04F043FE0E9A234604F0DD
:10357000E2F806F0CDFC01C71398401E139014A882
:103580008119805949680F9A2B4604F0D4F80346F4
:10359000083ED1E71846069F3A4605F03BF9044637
:1035A0000D46FF20830500262046324604F020FE0B
:1035B00004F04EFA0E963246874B04F019FE22466E
:1035C0002B4604F0B8F804460D4606F0A1FC06466A
:1035D00006F00CFF02460B462046294604F0A6F8EA
:1035E0001390012F11915CDB0B9880008DA940187E
:1035F000001F01680A46039B1A41961908969A40D3
:10360000891A0160029801410A9D744E0E910129A8
:1036100053DB00248DA821460B9A91420EDA0268F2
:10362000002C334602D1002A06D0731C9A1A02607D
:103630000124491C001DEFE70024FAE70698012841
:103640000899674F0B9B0EDB099A192A654802D02F
:103650001A2A08D1644899008DAA8918091F0A6896
:1036600002400A600899491C08910E98022824D14A
:1036700000203946139A119B04F058F806460220A0
:103680000E90002C7CD000200C463946069A05F09E
:10369000C1F802460B463046214604F047F807467B
:1036A0000DE00896002F0A9D5FD013980E9AF04BFC
:1036B00006F018FA0028ED4E5FD1139F11990024EF
:1036C00038460E462246234606F0EEF9002859D029
:1036D0000B9EB000059909183246AA4204DD521E1D
:1036E0000B681C43091FF8E7002C0499324660D18F
:1036F0000868521C091F0028FAD012988019C000CF
:1037000064A90F180F92711C964200DB0BE70C980E
:10371000109108188000D449085806F067FE129AE4
:10372000B218D20064AB9C189850616000251197C4
:103730000D9C13952E46129885420FDA03CC0CCFC0
:10374000083F083C04F054FD139A334603F0F3FF9E
:1037500013900E466D1C0834083FECE706F0B8FFE6
:10376000119F08371E460F9ACDE70B9880008DA950
:103770004018001F0068C11547E702200E9048E777
:1037800037469CE73946099F0098C21B08463146D8
:1037900005F040F805460C460022B74B06F0A2F9AA
:1037A000002823D12846214606F0B2FB06460B9F8F
:1037B00039E08DA90818001F069A183A761E01688C
:1037C000001F0029F9D033E098B3000048B0000092
:1037D0000000703E000070C1000020C0FFFFFF002D
:1037E0000000F03FFFFF7F00FFFF3F000027A34BDB
:1037F000284621463A4604F0FBFC06F089FB0646C3
:1038000006F0F4FD9E4B3A460B9F04F0F1FC2A466D
:10381000234603F090FF06F07BFBB9008DAA5050C1
:103820007F1C09980690B8008DA90E50069A3E4656
:10383000002090490C9004F0EDFF3446B600E500FE
:103840000B942246002A1DD407468DA88059139652
:103850000C46164606F0CAFD02460B46384621467F
:1038600004F0C6FC14AA531950515960002238467E
:103870002146824B04F0BCFC3246139E521E361F7A
:10388000083DDFE70B9FF90014A80D9144183A4654
:10389000002A07990A982CD41092B91A88421290DB
:1038A00000DB12910F9100211194764E0F460D46C8
:1038B0001298814211DC3068139171680CCC083C7D
:1038C00004F096FC3A462B4603F035FF07460D46BA
:1038D0001399491C08360834EAE70F98C0003CA940
:1038E0000A180F505560109A521E119C083C0B9FED
:1038F000CEE7481E02281ED3002954D0032900D049
:10390000ACE03CA80D990C18083C3846002858DD5E
:1039100006F054FE02460F462846314615463B4601
:1039200003F004FF06F029FFA0C40B9F206013984A
:103930006160103CEAE7FE0000242546002F0CD40D
:103940003CA8811982594B682046294603F0F3FEB2
:1039500004460D467F1E083EF0E701260E9800281B
:10396000284601D0F007684001990C6048603C98F7
:103970003D9922462B4603F0D9FE3CAC08340B9D02
:10398000AE4206DC0CCC083C03F0D5FE761C0834B5
:10399000F6E70E9A002A02D00122D2075140019A7E
:1039A0009060D1605AE0F8003CA90C180020014654
:1039B000002F21D40CCC083C03F0BDFE7F1E083C38
:1039C000F6E73CA80D990C18083C384601281CDD88
:1039D00006F0F4FD07460B46284631463A461D469A
:1039E00003F0A4FE06F0C9FE27600B9F6560A0608F
:1039F0001398E160083CE9E70E9A002A02D0012200
:103A0000D2075140019A03C228E00C980146022FC8
:103A10000ADB3CAA0D9C131912595B6803F08BFE5C
:103A20007F1E083C0D94F2E706463D983C9A0E9B9B
:103A3000002B0CD00123DB0758403E9C3F9D5D408E
:103A40005940019B1A601A1D71C2596106E03E9BE4
:103A50003F9C019D2A602A1D59C26961072108986F
:103A600008407FB022B0F0BD48B00000FFFFFF006B
:103A70000000E03F0000F03F000070410000703E99
:103A8000000070C1A8B20000F0B583B00024002887
:103A900000D19AE2002900D197E24A68002A00D1B9
:103AA00093E28A68002A00D18FE2CA68002A00D116
:103AB0008BE20A69002A00D187E24A69002A00D114
:103AC00083E201240022026042608260C2600261DF
:103AD000426182611746024668C968C268C968C205
:103AE000FC49816106C808380546084621469047CA
:103AF000AA68286821469047EA68286821469047C6
:103B00006A69286805219047EA6828683E46394670
:103B100090476A69286814219047EA682868214616
:103B200090476A69286896210191904702AF3C70DE
:103B300005CD00963146083D9047AA682868314671
:103B400090472B69286839462246984705CD21467B
:103B5000083D90476A6928680199904702AE112094
:103B6000307005CD009F3946083D9047AA68286807
:103B7000394690472B69286831462246984705CD3B
:103B80002146083D90476A6928687821904702AE2F
:103B9000B120307005CD3946083D9047AA682868A5
:103BA000394690472B692868314622469847AA68CB
:103BB0002868214690472B692868C749032201924B
:103BC000984705CD2146083D904702AEB22030709F
:103BD00005CD3946083D9047AA6828683946904780
:103BE0002B692868314622469847AA6828682146EA
:103BF00090472B692868F649019A984705CD2146D8
:103C0000083D904702AEB320307005CD3946083DDF
:103C10009047AA682868394690472B69286831463A
:103C200022469847AA682868214690472B69286849
:103C3000E8490622984705CD2146083D904702AE47
:103C4000B420307005CD3946083D9047AA682868F1
:103C5000394690472B692868314622469847AA681A
:103C60002868214690472B692868DB4922469847F7
:103C700005CD2146083D904702AEC020307005CDED
:103C80003946083D9047AA682868394690472B690D
:103C90002868314622469847AA68286821469047F6
:103CA0002B692868CD49019A984705CD2146083DE2
:103CB000904702AEC120307005CD3946083D90478F
:103CC000AA682868394690472B69286831462246F9
:103CD0009847AA682868214690472B692868C049F8
:103CE0002246984705CD2146083D904702AEC220A6
:103CF000307005CD3946083D9047AA682868394696
:103D000090472B692868314622469847AA68286858
:103D1000214690472B692868B249022201929847B0
:103D200005CD2146083D904702AEC320307005CD39
:103D30003946083D9047AA682868394690472B695C
:103D40002868314622469847AA6828682146904745
:103D50002B692868A449019A984705CD2146083D5A
:103D6000904702AEC420307005CD3946083D9047DB
:103D7000AA682868394690472B6928683146224648
:103D80009847AA682868214690472B692868974970
:103D9000019A984705CD2146083D904702AEC520BF
:103DA000307005CD3946083D9047AA6828683946E5
:103DB00090472B692868314622469847AA682868A8
:103DC000214690472B69286889492246984705CDA6
:103DD0002146083D904702AE2020307005CD39467F
:103DE000083D9047AA682868394690472B6928689B
:103DF00031462246984705CD2146083D904702AE00
:103E00003A20307005CD3946083D9047AA682868A9
:103E1000394690472B692868314622469847AA6858
:103E20002868214690472B6928687249224698479E
:103E300005CD2146083D904702AE3620307005CDB5
:103E40003946083D9047AA682868394690472B694B
:103E50002868314622469847AA6828682146904734
:103E60002B69286864492246984705CD2146083DBC
:103E7000904702AE2A20307005CD3946083D904764
:103E8000AA682868394690472B6928683146224637
:103E90009847AA682868214690472B69286857499F
:103EA00004220192984705CD2146083D904702AE75
:103EB0002B20307005CD3946083D9047AA68286808
:103EC000394690472B692868314622469847AA68A8
:103ED00004E0C0468000A00051B2000028682146DE
:103EE00090472B6928684649019A984705CD214695
:103EF000083D904702AEE020307005CD3946083DC0
:103F00009047AA682868394690472B692868314647
:103F100022469847AA682868214690472B69286856
:103F2000384910220192984705CD2146083D904717
:103F300002AEE120307005CD3946083D9047AA68B1
:103F40002868394690472B692868314622469847A9
:103F5000AA682868214690472B6928682A49019A4F
:103F6000984705CD2146083D904702AE132030709A
:103F700005CD3946083D9047AA68286839469047DC
:103F80002B69286831462246984705CD2146083DD1
:103F900090476A6928680A21904702AE292030704C
:103FA00005CD3946083D9047AA68286839469047AC
:103FB0002B69286831462246984705CD2146083DA1
:103FC00090476A69286864219047204603B0F0BD95
:103FD00051B200005CB40000C6B40000ADB40000F3
:103FE000C8B40000BEB40000C0B40000C2B40000F9
:103FF000C7B40000C9B4000047B00000A1B400007D
:10400000A5B40000B8B30000A8B30000F0B59BB0A1
:10401000002800D190E20C46002900D18CE207462E
:104020000668002E00D187E27879002806D0606803
:10403000B968401A80087D2800D27DE2EA480990DC
:1040400001201090387900280F970E947FD1A0207E
:104050000090E64801900024802730462146224601
:104060003B4603F0C9F90E250095E1480190304622
:10407000214622463B460F9F03F0BEF9DA481F3027
:1040800080B20090DA48019010980290D94B1C2120
:104090000422304605F01DFED448433880B2009516
:1040A00001907F23304621462A4601F0D1FED24DB1
:1040B0000095CE480190109D0295D04B0724132205
:1040C0003046214605F005FECB480090C7480190D8
:1040D0000295CB4B1E223046214605F0FAFDC6481C
:1040E0000090C24801900295C64B292230462146D5
:1040F00005F0EFFDC0480090BC4801900295C24B0E
:1041000071223046214605F0E4FDBB480090B748D7
:1041100001900295BD4B7D223046214605F0D9FD28
:1041200033220092BA48019005247A253046214670
:104130002B4601F08DFE6C220092B548019030466E
:1041400021462B460E9C01F083FE10983871207892
:1041500016A90C9106F015F914A90A91204605F04C
:1041600089FE11A9204604F0B9FE3C680926009694
:10417000FB4F01973E210D9112223D230B932046C8
:1041800003F03AF938464338049080B20890009022
:104190000197109F029741251322204629460C9B28
:1041A00005F097FD0F9804680C960096EC48019076
:1041B0001D2220460D990B9B03F01EF908980090D4
:1041C000E748019002972F461E2220462946089272
:1041D0000A9B05F07EFD0F9804680E9D284606F0A8
:1041E0002FF90A90284606F02BF90078462801D0CE
:1041F000D74E00E0DB4E5028D94D01D12E46623E0D
:104200000C9800900195282220460D990B9B03F0F5
:10421000F3F8B0B200900195109D02952922204636
:1042200039460A9B05F055FD0F9806680E98407CAC
:10423000079038200090C94C019406213422059241
:104240007423304603F0D8F8C24800A931C1C64BE8
:10425000072137220A92304605F03BFD46200B909D
:104260000090BD4801900446502206922227304615
:1042700008993B4601F0ECFD0D9D009501942A2420
:10428000304639460B9A234601F0E2FD3927009764
:10429000B1480190304621462A46059C234601F04C
:1042A000D7FD0A980090AC48019040253046214641
:1042B0003A462B4601F0CCFD0097A74801904C24CC
:1042C0003046089529460A9A234601F0C1FD0D980B
:1042D0000090A14801905625304621463A462B468B
:1042E00001F0B6FD0B9F00979B4801905E2430467D
:1042F00029460D9A234601F0ABFD0698009096489A
:1043000001906223304621463A4601F0A1FD07980C
:1043100000288F4F00D0049F1F250E9C607C002832
:1043200003D1A07C002800D108E10B950D96E46B29
:104330008E4D2046294605F0F3FB002808D18C4E0F
:104340002046314605F00AFC0028254600D03546B7
:104350008849284605F004F9054602F0B3FD864E6B
:10436000314605F0FDF88521C90504F0C4FA05F0D1
:10437000D1FF0446284602F0D7FB314605F0F0F89D
:1043800001467E4804F0B2FA05F0C4FFBDB20090C9
:104390000195402150220D9E3046234601F058FDE4
:1043A0000523009301953E214E22304603F024F868
:1043B0000E9C0B9DE8020A9018A9204604F0DCF838
:1043C0000020109B18A9095C002924D018A90918FD
:1043D000497800291ED018A909188978C01C00291D
:1043E000F0D1401E17E0C046E0FF00004208000088
:1043F000A5100000C8B30000718C000047B4000095
:1044000040B400007EB400009CB4000097B40000EB
:10441000692A0000401C5A49484380304008022263
:10442000B9B200914D49019102930B92039201B2EE
:10443000582218AB304600F0E7FD0F9D2F680C980E
:104440000090474E01963E2170223D2338460D9143
:10445000079302F0D1FF3446433CA0B2009001968E
:10446000109802904126712211AB3846314605F072
:1044700030FC2F680E9D287A06F092F80690287A74
:10448000002800D009940C980090354C01947C22AF
:1044900038460D99079B02F0AFFF099880B2009053
:1044A0000194109802907D2238463146069B05F013
:1044B00010FC0F9800680D90687A06F0DBF807464C
:1044C0006D7A022D0A9901D1623C214614208EB2E8
:1044D0000090019600248C2280230D98214602F042
:1044E0008BFF002F089911D0385D00280AD03819A9
:1044F0004178002905D08078E41C0028F4D1641E9E
:1045000000E0641C1E486043803041080196109E04
:1045100002960B980390022D01D1002000E019486B
:104520000E9C009009B28F220D983B4600F06CFD66
:1045300060680F9988604E711BB0F0BD4E220092EA
:10454000034801903A214623304601F081FC31E7CF
:10455000E0FF0000718C0000692A0000A510000037
:104560004208000000F8FFFF68B40000000070C2BD
:104570000000704235FA8E3C0000B0410000A042BD
:10458000F4FF0100FFFF0000F0B59BB00491039021
:10459000002B00D171E11E462298029021980790CD
:1045A0002098002101251C062B405918630E07D0C6
:1045B0002B405918A30E03D02B405918E30EF1D10C
:1045C000C9B20023032902D218461BB0F0BD00284F
:1045D000089609920B9500D13DE1076840680C9060
:1045E000199018970023194605933D460691002A15
:1045F00013931C46D04911910A9700D19CE037468D
:1046000000240498179003981690CB48014623463F
:104610001190204613944BE004460E98314605F065
:10462000B5F807460D98314605F0B0F8054638460E
:10463000214604F095FF26460446394604F090FFD3
:10464000159904F058F915902046294604F088FF82
:10465000109904F050F907462846314604F080FFCF
:104660000646294604F07CFF119904F044F91190A4
:1046700020460F9D294604F073FF129904F03BF980
:1046800004463046294604F06BFF139904F033F9D1
:1046900015993B461390089F099A0A9D1498401C4F
:1046A000169E08361696179E361D1796824243D0E0
:1046B000064638461496F040C007EFD01591109387
:1046C0001294169C2168284604F010F9054661688A
:1046D0000C9804F00BF90D90014604F041FF0646DA
:1046E00028460E95294604F03BFF314604F003F9B5
:1046F00004F09CFC0746FD4E314605F011FA0028F7
:1047000000D13E4617980168304604F0EFF807469E
:104710000B98C0070F9787433846079C214605F042
:1047200009FA05462046394605F030F8002D00D13B
:1047300072E77F20C40570E712940B98C0071790AA
:1047400018460E4619461C4604F00AFF0746159601
:104750003046119E314604F003FF394604F0C6F896
:10476000169017990F468843E14905F0D9F90028BA
:1047700000D09CE17C401398214604F0F1FE0546F0
:104780003046129904F0ECFE294604F0B4F8784063
:10479000169F394604F0FAFF06461398159904F05F
:1047A000DFFE05462046129904F0DAFE294604F0A1
:1047B000A2F817994840394604F0E8FF054601463B
:1047C00004F0CEFE044630461796314604F0C8FE8B
:1047D000214604F090F804F029FC0746C54C214618
:1047E00005F0BCF906462046394604F0CFFF0446E2
:1047F0007F20C005002E00D1044616901798214650
:1048000004F0AEFE17902846214604F0A9FE0546A6
:10481000002EB84C00D13C460A98179904F06BF86A
:1048200007460C98294604F066F80C902046169925
:1048300005F076F90028089E22D10699481C042923
:104840000146099A0B9D059B00D2CEE60C98199063
:10485000189705231AE0002A184652D0D1000227E3
:104860000020049D1446BA1E3346D340DA074AD1CD
:104870007F1C08302D1D8142F5D100201BB0F0BDFA
:104880000C98199018970698431C0B9DFF20C005A3
:104890000740874200D10AE10C9901408142099A00
:1048A00005982ED02C460025029F3D603D61FD609D
:1048B0003C70199818997960B86018A8009003980E
:1048C00004991793334604F09DFC179BF86031461A
:1048D000080621404D19410E07D021404D19810E87
:1048E00003D021404D19C10EF2D1029A15745674AD
:1048F0000020C043099988403043C0439074D3746A
:1049000020461BB0F0BD791EC9B20022A14213920D
:104910001192109213460592129200D396E00399D9
:1049200008180A9002460C32291D002003461090F8
:1049300011901290139080E00AD7233C101F00685A
:104940000D900A9E346821460F93169203F0CEFF15
:10495000014603F0D0FF1590169800680E9071681C
:104960000C9103F0C3FF014603F0C5FF14902868C3
:10497000014604F0F5FD064617980068014604F06C
:10498000EFFD0146304603F0B1FF064620462146C2
:1049900004F0E6FD01463046089E03F0A7FF0446FA
:1049A0000D98014604F0DCFD214603F0A4FF044607
:1049B0000C98014604F0D4FD0146204603F096FF12
:1049C00004460E98014604F0CBFD214603F093FF08
:1049D0000E90159C2046214604F0C2FD129903F06A
:1049E0008AFF12902046149C214604F0B9FD1399C9
:1049F00003F081FF13902046214604F0B1FD119988
:104A000003F079FF119015980E9C214604F0A8FD43
:104A1000109903F070FF109014982146099C04F03F
:104A20009FFD0F9903F067FF1799169A0346F8B296
:104A30007F1C091D0832A04208D01791781E31460C
:104A4000C140C80700D079E71799F0E70F9301201C
:104A5000C407139E3046314604F082FD0546129885
:104A6000119F394604F07CFD294603F03FFF179063
:104A7000A0431D4905F054F8002818D17440FF20C8
:104A8000C5050F98214604F06BFD04461396109E51
:104A90003046394604F064FD214603F02CFF179997
:104AA00004F074FE074628401695A84202D10598E6
:104AB0001BB0F0BD1398314604F052FD0446129825
:104AC0000F9904F04DFD214603F010FF179904F0F3
:104AD0005DFE0C90169908408842089E099A059838
:104AE00000D07FE50DE7C046BD3786356F12833AAB
:104AF00077CC2B320000FA43F0B59FB00F931646E7
:104B00000D460246701FC1B20020FD2900D277E297
:104B1000002A00D174E2002D00D171E2259909919B
:104B2000002900D16CE20E92249F002138460C46E9
:104B300005F000F8002823D1FF22D10538460840AF
:104B4000884220460E9C00D15AE20B920A910D95A4
:104B500000200C90C043B040C543D5490497384667
:104B600005F007FB022E0ED10F98009009980190D6
:104B7000EBB2022220460D9903F08EFF1FB0F0BD6C
:104B800020461FB0F0BD07461AA80F990091019763
:104B90000290EBB220460D9D29463246FFF7F4FC09
:104BA000002800D12BE2042E0C9800D1A9E0032E9E
:104BB00000D025E22E461B9D1C9F2168284603F04D
:104BC00095FE014604F0CCFC2146044649680C974A
:104BD000384603F08BFE014604F0C2FC0146204635
:104BE00003F089FE04F022FA316803F07FFE0446E8
:104BF000B0480440002120460B9104F0AFFF00288C
:104C000000D104460E9FB968284603F06FFE0146A6
:104C100004F0A6FC0646F9680C9803F067FE01460E
:104C200004F09EFC0146304603F065FE04F0FEF9F8
:104C30000D99496803F05AFE0646F2480640304690
:104C4000214604F08BFF411E02468A41079200284C
:104C500000D126460E9F3969284603F047FE0146DB
:104C600004F07EFC044679690C9803F03FFE01468F
:104C700004F076FC0146204603F03DFE04F0D6F930
:104C80000D9DA96803F032FE0446DE48044020462C
:104C9000314604F063FF414241410891002800D0B1
:104CA000264601200C903046049904F057FF002856
:104CB000099F00D166E110A80F9E00960190032283
:104CC00006230E9C2046294603F0E6FE002800D16C
:104CD000CBE0002E00D193E01198316803F006FE7E
:104CE000014604F03DFC04461298716803F0FEFD95
:104CF000014604F035FC0146204603F0FCFD0A9015
:104D0000AAE0089701200C90284600250B99C905B8
:104D10000791274604460B9503950F9E04E06D1CF2
:104D20000837241D042D48D001200A90A8400F21E7
:104D3000414010A80096089A01920290CBB204223A
:104D40000E980D99FFF720FC0028E8D011983968DB
:104D500003F0CCFD014604F003FC06461298796886
:104D600003F0C4FD014604F0FBFB014630460F9EF4
:104D700003F0C1FD04F05AF90590139806900799C5
:104D800004F0CEFE414241410B9808420C980B9032
:104D9000C5D12168059803F0A9FD0A99C907884380
:104DA000039010A815A90CC80CC14CC84CC10F9E8B
:104DB000069807900C980B90B1E70398049904F0BB
:104DC000CDFE411E88410B990140012911D17F2060
:104DD000C105079803F08FFD04461D98FD21890544
:104DE00004F0BEFB0146204604F09AFE15A90028F7
:104DF00000D11AA9099C05C905C40DC90DC4FEE05E
:104E00001198216803F072FD014604F0A9FB2146C8
:104E100004461298496803F069FD014604F0A0FBBE
:104E20000146204603F067FD04F000F9296803F00D
:104E30005DFD04460120C00784433F200106204653
:104E400004F08EFB07990029214600D101460898FD
:104E5000002800D121460A9110A815A90CC80CC140
:104E60001CC81CC10C980B900E9C10A800960190B9
:104E7000032205232046294603F00EFE00285CD0BD
:104E8000002E19D01198316803F030FD014604F06E
:104E900067FB04461298716803F028FD014604F090
:104EA0005FFB0146204603F026FD04460A9930E0E8
:104EB00000001643FFFFFF7F1198A16803F016FD65
:104EC000014604F04DFB214604461298C96803F0E0
:104ED0000DFD014604F044FB0146204603F00BFDA6
:104EE00004F0A4F8696803F001FD06460120C0073C
:104EF00086433F200106304604F032FB0446079803
:104F0000002800D13446089800280A9900D1344678
:104F10000F9E204604F004FE414241410B98084296
:104F20000C980B9009D110A815A90CC80CC12CC85D
:104F30002CC10D9D0A940C980B9010A8009601901E
:104F400003220E9C20462946134603F0A5FD0028A7
:104F500015D0002E18D01198316803F0C7FC014617
:104F600004F0FEFA04461298716803F0BFFC014693
:104F700004F0F6FA0146204603F0BDFC2CE00B9845
:104F8000002837D11AA836E01198216903F0AEFC49
:104F9000014604F0E5FA214604461298496903F0F7
:104FA000A5FC014604F0DCFA0146204603F0A3FC10
:104FB00004F03CF8A96803F099FC04460120C007FE
:104FC00084433F200106204604F0CAFA01462046E9
:104FD000089A002A00D108460A990B9C04F0A0FD0B
:104FE000414241410C4205D110A815A90CC80CC181
:104FF0001CC81CC115A806C806C70EC80EC70C9849
:105000001FB0F0BDFFFFFF7FF0B5F7B00D91169018
:10501000002800D170E21D46002B00D16CE27F9881
:105020001990C01EC0B240087F2800D264E2164624
:105030007D982290062719984743072141430591FF
:10504000401EC2B2AB2121925143490A03220C9265
:105050005143401A401CC1B22091032900D10020C5
:105060007E9918917C991C9101211391199AD10074
:105070000A91791E04910599491E03912299090A02
:105080001A91111A530008930C9B53430C939300ED
:1050900007930523099353430693C0B21D90CCB2E6
:1050A0000D9814900B970AE0169905C9139990472B
:1050B0000B9F1498C01914900E9E0F9D6D1C28789C
:1050C0000A2800D1E2E00D28F8D0002800D113E230
:1050D00001467F395E22D24391420F9500D23F2094
:1050E00009994843EC494018A0381E9035B2304623
:1050F0001499084300B200280E9600D5CCE0189809
:10510000002800D1C8E0149801B27818169A128BC2
:10511000904200DDC0E005984019169A528B9042EB
:1051200000DDB9E00498149A8018039A921912B21B
:10513000009203B216982A4602F0EEFE002800D133
:10514000AAE01E98401C1B9000273846159704E0E3
:105150001298401C072800D18FE1139912908140CA
:105160001F91159A05E0179A521CD0B219998842DE
:10517000EED21792159A07E023ABFE1819543F1D83
:10518000F570D21C062AEED01E98805C1F9908404C
:10519000229900D01C990D0A219802280DD30020D5
:1051A00023AEF319F55559709D70D9701D71BF1D4F
:1051B0005971C01CC3B2A342F2D1209803280ED06B
:1051C00023A8C319C555B81C59701D9B012B01D1CB
:1051D000074604E023ABFE181D543F1DF1701B98D9
:1051E000805C1F990840229900D01C990D0A2198D3
:1051F00002280DD3002023ABDE19DD557170B57088
:10520000F1703571BF1D7171C01CC3B2A342F2D1E0
:10521000209803280ED023A8C319C555B81C59706F
:105220001D9B012B01D1074604E023ABFE181D5442
:105230003F1DF170901C0528229D1A9907D01E99D8
:10524000085C1F990840229D00D01C9D290A2198C6
:1052500002280DD3002023ABDE19D9557570B1702B
:10526000F5703171BF1D7571C01CC3B2A342F2D17C
:105270002098032885D023A8C319C155B81C5D7098
:105280001D9B012B00D077E707467AE70A9836186E
:105290000D9814906D1C12E71998301800B21B90ED
:1052A0000898301800B217900C98301800B215907A
:1052B0000798301800B212900698301800B211907A
:1052C000F01900B2109000210F462E460EE0199BF7
:1052D0000093019016981F99109A02F08DF87F1C88
:1052E000199829462918062F00D1E1E614980D4691
:1052F000401800B21F90052F2AD118980028229834
:1053000032D1052F3AD118980028229842D1052F82
:105310004AD118980028229852D1052F5AD11898AE
:105320000028229862D1052F6AD118980028229867
:1053300072D1052F7AD118980028229800D082E0E7
:10534000052F00D08AE0189800282298BFD1C6E720
:105350001E98C15D139801401C9800D12298002925
:1053600002D118990029CCD0199B0093019016986E
:105370001F99324602F040F8052FC4D01E98C05D38
:10538000022101401C9800D12298002902D11899CD
:105390000029BCD0199B0093019016981F991B9A65
:1053A00002F02AF8052FB4D01E98C05D04210140F8
:1053B0001C9800D12298002902D118990029ACD05C
:1053C000199B0093019016981F99179A02F014F8F0
:1053D000052FA4D01E98C05D082101401C9800D163
:1053E0002298002902D1189900299CD0199B00937A
:1053F000019016981F99159A01F0FEFF052F94D081
:105400001E98C05D102101401C9800D122980029EF
:1054100002D1189900298CD0199B009301901698FD
:105420001F99129A01F0E8FF052F84D01E98C05DE5
:10543000202101401C9800D12298002903D11899FD
:10544000002900D17CE7199B0093019016981F99C1
:10545000119A01F0D1FF052F00D174E71E98C05DAD
:10546000402101401C9800D12298002900D02EE74D
:105470001899002900D132E729E7169D05CD0021B2
:10548000083D9047AA68286813999047002F00D1DB
:105490000AE623AE0DE0C0466CAE0000F619169881
:1054A00003690068314617469847F619EF1B00D18B
:1054B000FAE5802F3D4600D38025169803690068E1
:1054C00031462A469847812F00D2EDE528467D1BBC
:1054D000802D2F4600D38027361816980369006860
:1054E00031463A469847812D00D2DDE5ED1B802DEF
:1054F0002A46D3D38022D1E777B0F0BDF0B5E3B030
:1055000008920A910C90002800D1A5E118467F3836
:105510005E21C943884200D23F236A980E90699C5D
:1055200068980D9005205843CC494018A038099040
:1055300008980A9908430B9400D5CCE00E980028EF
:1055400000D1C8E00A98401D0C99098B884200DB05
:10555000C1E00899891D0C9A528B914200DBBAE098
:1055600009B2009103B20C980A99089A02F0D4FC8F
:10557000002800D1AFE0200A0E90099801780A9126
:105580004178089181780791C178069105790020CA
:1055900007460BE00A0A2023F2542122B1542221AB
:1055A0000E9A7254243723217454C01C012686405D
:1055B00031460A9A1140224600D00D9A130A0FACC8
:1055C000E119E3554A703246089B1A400B9C22466B
:1055D00000D00D9A130A8B70CA703246079B1A408E
:1055E000224600D00D9A130A0B714A713246069B6F
:1055F0001A40224600D00D9A130A8B71CA712E40B0
:10560000224600D00D9A130A0B724A720E9A8A72C1
:10561000CC72482F00D10DE1022181400A460A9B3D
:105620001A40224600D00D9A130A0FACE6193373C4
:1056300072730A46089B1A400B9C224600D00D9AB2
:10564000130AB373F2730A46079B1A40224600D02E
:105650000D9A130A337472740A46069B1A40224646
:1056600000D00D9A130AB374F2742940214600D079
:105670000D990A0A327571750E99B175F475042188
:1056800081400A460A9B1A40224600D00D9A130A0E
:10569000337672760A46089B1A40224600D00D9A4D
:1056A000130AB376F2760A46079B1A40224600D0C8
:1056B0000D9A130A337772770A46069B1A402246E0
:1056C00000D00D9A130AB377F2772940214600D112
:1056D00060E70D995EE70899481C00B20790881CA6
:1056E00000B20690C81C00B20590081D00B20490DC
:1056F000481D00B20390881D00B2029000260AE007
:10570000009701900C982946029A3B4601F074FEDE
:10571000761C052E7DD00998845D0A98301805B254
:1057200001272046384002D10E9900290BD00028CD
:105730000D9800D10B98009701900C982946089A73
:105740003B4601F059FE0220204002D10E9900296B
:105750000BD000280D9800D10B98009701900C9861
:105760002946079A3B4601F047FE0420204002D11B
:105770000E9900290BD000280D9800D10B980097A6
:1057800001900C982946069A3B4601F035FE082008
:10579000204002D10E9900290BD000280D9800D18D
:1057A0000B98009701900C982946059A3B4601F00A
:1057B00023FE1020204002D10E9900290BD0002892
:1057C0000D9800D10B98009701900C982946049AE7
:1057D0003B4601F011FE2020204002D10E99002905
:1057E0000BD000280D9800D10B98009701900C98D1
:1057F0002946039A3B4601F0FFFD4020044002D1B8
:105800000E98002884D0002C0D9800D078E70B98D3
:1058100076E70E9800281FD00A98401D07210091B6
:105820000B99019101B201230C98089A01F0E4FD53
:1058300063B0F0BD0C9C05CC0021083C9047A268E9
:105840002068012529469047236920680FA9542222
:10585000984705CC2946904763B0F0BD6CAE000078
:10586000F0B589B0002800D1D3E00168C94A91425F
:1058700000D0D1E0818801221302994200D0CEE00D
:10588000C188E1239B00994200D0CBE0017A4B1FF5
:10589000DBB20526FD2B00D2C7E0477A0023002F9C
:1058A0000DD03D462C061540EB18650E07D015406F
:1058B000EB18A50E03D01540EB18E50EF2D1DAB2C5
:1058C0008A4200D0B1E002966921C90041180191D5
:1058D000FF21CE05014674310591002406900896FB
:1058E00003973946E140C9070BD0E10041180A6926
:1058F0003240B24200D19EE049693140B14200D10C
:1059000099E0702161430246411830200B5C06206B
:10591000032B0790049436D0022B1AD0012B00D011
:1059200032E14A6B3240B24200D12DE18D6B284604
:10593000994904F0FFF800287AD00021284604F0A5
:1059400003F9002874D03540B5420798069A0FD164
:105950001AE14B6B3340B34200D115E18B6B3340FE
:10596000B34200D110E1C96B3140B14200D10BE12B
:10597000049C641C059870300590042C1046089E09
:10598000039FAED15AE031228C5C22460D3A0A23A5
:10599000DB439A4200D2F7E00A6C3240B24200D1B7
:1059A000F2E00D6F0021284604F0BAF800283FD13C
:1059B0003540B542079800D1E6E0641E059F3946A0
:1059C00030390E683146089A1140914200D1DBE02F
:1059D0003D680021284604F0A3F8002828D1284675
:1059E00008990840884223D0384634380168304648
:1059F00004F0A0F800281BD1381F0168284604F0E5
:105A00008FF8002814D13F1D641E0798069AD6D13E
:105A1000AEE7012009B0F0BD022009B0F0BD0320BF
:105A200009B0F0BD042009B0F0BD304609B0F0BDAA
:105A3000079809B0F0BD029809B0F0BD03F08EF8E8
:105A400001460720002900D19EE004460198056820
:105A50005249284604F06EF8002800D196E0002153
:105A6000284604F071F8002800D18FE03540B54297
:105A700000D18BE0019845684849284604F05AF85F
:105A8000002800D182E00021284604F05DF80028BB
:105A90007CD03540B54279D0019885683F49284689
:105AA00004F048F8002871D03D49284604F04CF82D
:105AB00000286BD03540B54268D00198C568374999
:105AC000284604F037F8002860D03549284604F00D
:105AD0003BF800285AD008980540854256D00198D6
:105AE00005692E49284604F025F800284ED02C4997
:105AF000284604F029F8002848D008980540854237
:105B000044D0019845692449284604F013F8002838
:105B10003CD02349284604F017F8002836D00898CE
:105B20000540854232D0019885691E49284604F017
:105B300001F800282AD07F20C6052846314604F007
:105B400003F8002822D00898054085421ED001980D
:105B5000C5691449284603F0EDFF002816D02846F1
:105B6000314603F0F1FF002810D008980540854227
:105B70002046069908D00198846B0846FDF73AF94B
:105B8000201A411E8841C00009B0F0BD204609B06E
:105B9000F0BDC0465542573100002041286B6E4E83
:105BA0006F12833A00409C45F0B585B0A34EA44CDB
:105BB000012257061305A44D20681F2109068843BA
:105BC00020600492920400200393194604F0DAFC4A
:105BD00099489C49016042243068384200D083E0F3
:105BE000284604F0C5FD306838427DD1284604F0CF
:105BF000BFFD3068384277D1284604F0B9FD3068DF
:105C0000384271D1284604F0B3FD306838426BD178
:105C1000284604F0ADFD3068384265D1284604F0CE
:105C2000A7FD306838425FD1284604F0A1FD3068F6
:105C3000384259D1284604F09BFD3068384253D190
:105C4000284604F095FD306838424DD1284604F0CE
:105C50008FFD3068384247D1284604F089FD30680E
:105C6000384241D1284604F083FD306838423BD1A8
:105C7000284604F07DFD3068384235D1284604F0CE
:105C800077FD306838422FD1284604F071FD306826
:105C9000384229D1284604F06BFD3068384223D1C0
:105CA000284604F065FD306838421DD1284604F0CE
:105CB0005FFD3068384217D1284604F059FD30683E
:105CC000384211D1284604F053FD306838420BD1D8
:105CD000284604F04DFD3068384205D1284604F0CE
:105CE00047FD163C00D077E755488069029004983C
:105CF000420400200190039904F044FC4E485149AD
:105D0000016042243068384200D083E0284604F025
:105D10002FFD306838427DD1284604F029FD3068D7
:105D2000384277D1284604F023FD3068384271D1DB
:105D3000284604F01DFD306838426BD1284604F037
:105D400017FD3068384265D1284604F011FD3068EF
:105D500038425FD1284604F00BFD3068384259D1F3
:105D6000284604F005FD3068384253D1284604F037
:105D7000FFFC306838424DD1284604F0F9FC306809
:105D8000384247D1284604F0F3FC3068384241D10C
:105D9000284604F0EDFC306838423BD1284604F038
:105DA000E7FC3068384235D1284604F0E1FC306821
:105DB00038422FD1284604F0DBFC3068384229D124
:105DC000284604F0D5FC3068384223D1284604F038
:105DD000CFFC306838421DD1284604F0C9FC306839
:105DE000384217D1284604F0C3FC3068384211D13C
:105DF000284604F0BDFC306838420BD1284604F038
:105E0000B7FC3068384205D1284604F0B1FC163C96
:105E100000D077E70A48816917350298454328463C
:105E200004F028F9094940180B2801D3019804907F
:105E3000049805B0F0BDC0462C030B4004020B4093
:105E400038010B400100000ED103000035F8FFFFC0
:105E5000F0B58BB00490002800D13DE116460F4606
:105E6000012000217F2F044600D80C46002F024657
:105E700000D4620015469F2E00D90835002E00D5AB
:105E8000151D7F2B024600D80A4610990A91002B57
:105E900000D450000A9902469F2900D908320A9975
:105EA000002900D5021D11462943484248412A4293
:105EB00000D08AE0002900D187E02806069200D0B1
:105EC0002A46D4B2500709930596079715D42007A0
:105ED00021D40A98801BDA1BA10708922BD4D11772
:105EE0000391C1177A42D31704F0E6FA089A039B8C
:105EF00004F08EFB361800272BE0D81BC117724226
:105F0000D31704F0D9FA0A9A921BD31704F080FB36
:105F10003F1800261DE0D81BC11737469F26F21BED
:105F2000D31704F0C9FA0A9AD21BD31704F070FBF6
:105F300007990F180DE0D1170391C1173A467F2733
:105F4000BA1AD31704F0B8FA089A039B04F060FB5E
:105F5000361801217F2F084600D80020002F00D4DA
:105F6000410008469F2E00D90830002E00D5081D9C
:105F7000E9B28C42089701D0079A08928C420796A2
:105F800001D0059A07928C4200D009972A468C428C
:105F90000A9B00D033468C42054600D015460A9332
:105FA0008C42069900D00146EBB20A46CCB221469B
:105FB0001943484248411C42099B09D100290899CC
:105FC0000F46079C264605D077E73946344601E060
:105FD0000899079C099300287ED0119806900A9F83
:105FE000BC4212D12546099CA142084600DB20464E
:105FF000A14200DC2146091A491C01220092069A9E
:1060000001920BB201B22AB213E0099D8D4215D163
:10601000BC42204600DB38460B46BC4200DC3C4616
:10602000211A491C09B200910699019102B219B2D4
:106030000123049801F0E0F90BB0F0BD07940C4681
:10604000691ACA170020C04301230894A54203938C
:1060500000DC03905140079C3E1B00DDE61B3D46E3
:106060008F1AA542029300DC0290F519009306985E
:106070000190089801B2079C22B2049801F0BCF983
:10608000089922460596680086421DDD86421FDD7E
:10609000874201DB029BD2181646874200DBED19CE
:1060A00001230093069801900C4609B232B204987D
:1060B00001F0A2F92146324609988442059EE2D1B8
:1060C0000A988242DFD107E0039BC9188642DFDCD1
:1060D000AD198742DEDADFE70BB0F0BDF0B587B06F
:1060E000069104460125107800280CD0174645205B
:1060F000105C02280495029016D1797A00200129BB
:106100001ED801461FE00921204603F0B3FA0027FC
:10611000069B1F705F70002098706770E070791E9A
:10612000022909D3014608E0C01E0021012809D830
:106130007878421E904106E001212171607172E081
:10614000012100E008460C9A0592002500290397DA
:1061500002D10028294624D0019300280CD0F86AE7
:106160000121C90788430599896B03F0F7FC0028D2
:1061700002D00421019B14E07E6A059F396B3046F2
:1061800003F0D8FC002807D1B96A304603F0D2FCEE
:10619000002803D0022102E0032100E00121019B3D
:1061A000039F0D9EBA79D71A784278412571E57020
:1061B00065702572E571A57165712170A0709A42B4
:1061C00013D102990129049D069B1CD11F785F7091
:1061D000002098706770B91E48424841E070791EEF
:1061E000C9B2022914D3002113E048480699088057
:1061F0000598006D8019486000208870032767703B
:106200002071049D0FE05868B04213D9032780E73E
:10621000012121716071042F04D80120B840192197
:10622000084200D10025A571F81E41424141E171AB
:1062300007B0F0BD039A507A0027022800D268E721
:106240005078022904D1516A029100280AD118E03D
:10625000C91E012900D95CE7002800D159E7039A3B
:10626000506A0290D06A0121C90788430599896B59
:1062700003F074FC069B002803D01F780020059EC5
:1062800028E01F78012F0CD0022F059E13D1716BCF
:10629000029803F04FFC00280AD0069B591C0220EC
:1062A00031E0059E316B029803F044FC002815D1C3
:1062B00030462C3007E0316B029803F03BFC00289D
:1062C0000CD1304628300168029803F033FC411E9F
:1062D0008841069B591C874203D115E0069B591C37
:1062E00002200A78824204D19A78FF2A0AD0521CEE
:1062F00001E0587001229A702223F35C9A42069BB7
:1063000000D267E718700746087061E703030000D2
:10631000F0B58DB00C9308920E4604468068216853
:1063200002F0E4FA0746E0680B94616802F0DEFAD6
:10633000054638460A97394603F012F904462846BE
:106340000995294603F00CF90146204602F0D3FADC
:1063500002F06CFE0446744903F0E2FB4142414105
:10636000002800D0BEE006913068014603F0F8F83E
:10637000054607967068014603F0F2F80146284684
:1063800002F0B4FA06462046214603F0E9F8314609
:1063900002F0B1FA06462046214602F0ACFA014668
:1063A000304603F0F3F90646014603F0D9F80146FA
:1063B000284602F09BFA05460027394603F0B0FB59
:1063C0000028059700D12F46384602F02FFE049092
:1063D0000B9F3D680A98314603F0C2F8214603F04E
:1063E000D5F90146284602F086FA02907D68099F99
:1063F0003846314603F0B4F8214603F0C7F90146A8
:10640000284602F078FA03903846049F394603F094
:10641000A7F8214603F0BAF90546029E3046294600
:1064200002F064FA09900A98394603F099F8214677
:1064300003F0ACF90746039C214602F05CFA0A908F
:106440002846314602F057FA049020460A9C394605
:1064500002F04CFA07462046059E314603F074FBD5
:106460000546401E85413846314603F06DFB4142EA
:10647000414169403AD0089D002D4ED02E680998C0
:10648000314602F033FA014603F06AF805906D6870
:106490002046294602F02AFA014603F061F8014637
:1064A000059802F028FA08900498314602F01EFA86
:1064B000014603F055F806463846294602F016FA1A
:1064C000014603F04DF80146304602F014FA014649
:1064D000089803F02FFB00280AD00C9D09986860EB
:1064E000AC6009E000200C9A107013E0002DF4D18C
:1064F0000C9D04986860AF600799281D00900222E7
:1065000003230B9802F07EFE012129700749E86001
:106510002961069908460DB0F0BD2046394603F0C2
:1065200013FB0028D9D1E3E76F12833A020300007E
:10653000F0B593B0164602460020002A00D1F9E0DB
:10654000002B00D1F6E0189C002C00D1F2E0FF25D2
:10655000ED050F462F40AF4200D1EBE037462F400C
:10656000AF4200D1E6E00125002018602060D76826
:106570001097BF0741D00E95957A1295022D00D243
:10658000D8E00C97D77A1197022F00D2D2E0079665
:106590000593694810180B901F2000010A921018EB
:1065A000069000880D4603F037FF0F95294603F04B
:1065B000CBFA0021002809910F460D9108913BD19B
:1065C0001298471E7800069D285A03F025FF0F9960
:1065D00003F0B0FA002813D1AE1C0127308803F075
:1065E0001BFF05460F9903F0AFFA00280BD17F1C63
:1065F000B61C1298B842F1D11EE0284613B0F0BD87
:1066000009970D9817E0781E0990C0B240000699CE
:10661000085A03F001FF06460F98314602F066F96A
:106620000F9707462846314602F060F90146384682
:106630000F9F03F0ABF808900F974049079802F0BE
:106640008FFF05460D9F0B98C05F03F0B1FD01461B
:106650001295284603F06EFA00283D4639D111986C
:10666000451E68000B9E305E03F0A2FD01461298A5
:1066700003F06AFA002812D1B61C01250020305E12
:1066800003F096FD07461298394603F053FA0028A6
:1066900008D16D1CB61C1198A842EFD119E0002753
:1066A0000D9516E0681E0D90C0B240000B99085E73
:1066B00003F07EFD06461298314602F017F912905B
:1066C0003846314602F012F90146129803F05EF89E
:1066D00007461098C007099E13D0852081000A98AC
:1066E0004018E9B20D9AD2B2009201910899029134
:1066F0000397F2B20F99CBB2119902F0CFFD059931
:1067000008600C9800280A9813D50D494018E9B282
:106710000D9AD2B200920191089902910397F2B2B8
:106720000F99CBB2119902F0B9FD044903F02EF88C
:1067300020600E9813B0F0BD060200000000C842B1
:10674000AE02000070B5FFB0FFB0F2B0012403F05C
:10675000C5FD01F081FF03A80194214603F080FFED
:1067600011E003F0D5FF024603AC2046294601F0B4
:1067700011FA204603F0EAFF03F02AFB204604F05A
:1067800017F803F0DFFE03F0E7FF0546002002A93B
:1067900003F0B0FC0646002829D002AF3A7803A8DF
:1067A000002421462B4603F0D1FD2046394603F054
:1067B000A1FC00281BD002AC227803A80027394690
:1067C0002B4603F0C3FD3846214603F093FC002816
:1067D0000DD002AC227803A8002739462B4603F0DF
:1067E000B5FD3846214603F085FC0028D5D10120AF
:1067F00002A903F07FFC00282AD002AC227803A86B
:10680000012631462B4603F0A1FD3046214603F018
:1068100071FC00281BD002AC227803A80126314667
:106820002B4603F093FD3046214603F063FC00281D
:106830000DD002AC227803A8012631462B4603F086
:1068400085FD3046214603F055FC0028D5D1019E38
:10685000022002A903F04EFC00282AD002AC2278C4
:1068600003A8022631462B4603F070FD3046214630
:1068700003F040FC00281BD002AC227803A80226BB
:1068800031462B4603F062FD3046214603F032FCD0
:1068900000280DD002AC227803A8022631462B46F0
:1068A00003F054FD3046214603F024FC0028D5D1E6
:1068B000019E032002A903F01DFC00282CD002AC8D
:1068C000227803A8032631462B4603F03FFD3046CD
:1068D000214603F00FFC002800D142E702AC2278E9
:1068E00003A8032631462B4603F030FD30462146EF
:1068F00003F000FC002800D133E702AC227803A8A3
:10690000032631462B4603F021FD3046214603F095
:10691000F1FB0028D3D124E703F0FAFE024603ACD2
:106920002046294601F036F9204603F00FFF03F018
:106930004FFA204603F03CFF03F004FE002E00D087
:1069400021E703F075FF1EE7F0B587B000250028AA
:1069500000D1E3E01446002A00D1DFE00F460646EE
:1069600000250846294603F0DBF8002800D0D5E0D2
:10697000FF20C10538460840884200D1CEE030787B
:10698000032829D002280FD0012800D0C6E0706863
:106990000690B0680E46394602F0E2FD069901F015
:1069A000AAFF31460646A3E070680590B0680691DC
:1069B000394602F0D5FD059901F09DFF0590F0687C
:1069C000394602F0CDFD394602F0CAFD059901F0C5
:1069D00092FF069906468BE0727810460D38C0B2D9
:1069E000F52800D29AE0059206913069394603F005
:1069F000ABF8002844D10598401E80003018049060
:106A00000069394603F096F800283BD102940599B5
:106A1000881EC0B2801C00904842039034461C344B
:106A20000220401A0190032005900494083C20683D
:106A3000394603F075F8002829D0059801990818FF
:106A40000328029C21D00498001F0068394603F0F7
:106A500067F800281ED003980599401815D0049CAB
:106A60002068394603F05CF8002816D00599C91C47
:106A70000398059140180C340228D6D100980DE0F7
:106A8000366C34E00498066C31E0009807E0059815
:106A9000801E03E00598401E01E00598029C3146E7
:106AA0001031029180000590001F0490095838466B
:106AB0000F4601F01BFF03900598029908583946CC
:106AC00001F014FF0146039802F060FE0390403687
:106AD0000498375805983058394601F007FF0146A9
:106AE000039802F03DFD394601F005FF0646069980
:106AF00030460840884211D000253046294603F030
:106B00000FF8002808D1074F3046394603F026F821
:106B10000028354600D03D4625600125284607B0AF
:106B2000F0BDC04600C05A45F0B589B0044601200A
:106B3000C6072746B7435C4887420AD8204603F079
:106B4000E9FBF90D722912D8002810D17F20C00569
:106B5000A5E0564887420FD8644887421AD303F00D
:106B60005FFE02460B46002C25DC634924E003F05F
:106B700057FE02F0ABFA92E04D48874213D85548D1
:106B8000874220D303F04CFE02460B46002C58DC13
:106B9000544957E003F044FE05460E46012C49DBFC
:106BA0005148534975E0FD0DFF2D15D32046214670
:106BB00001F09CFE73E04F494B4800F0BCFD02F031
:106BC00085FA70406BE003F02BFE05460E46012C63
:106BD0005DDB414A414B2FE03648874236D803F00F
:106BE0001FFE03900D46344A344B01F001FB002494
:106BF000334B224600F09FFD324B224600F09BFDB6
:106C000007460C4603F084F90290052002072E4B3C
:106C10003846214601F0ECFA03F0B4FD03900D462E
:106C20002A4A2B4B3846214601F0E2FA03F0AAFD2E
:106C3000029B23E02C4A2E4B2846314600F07BFD78
:106C40002BE02749284800F076FD92E7963DE805BD
:106C5000381A03F02FFA079106900020009006A83A
:106C600004A901272A463B46FCF7ECFB034605999D
:106C70000498002C02D5FA0751405B4203221A40C7
:106C8000022A9CD0012A0CD0002A06D171E71248B2
:106C900012492A46334600F049FD02F073F809B064
:106CA000F0BD7140F9E7C046DA0F493FD1537B4050
:106CB000D531E240DA0FC94D83C8C96D305FE43F7A
:106CC00000003843000038C3FB21F9BF63621A613A
:106CD000B41051BEE0EDAF40D221337F7CD912C059
:106CE000FB2119C0FB211940182D4454E4CB164058
:106CF000FB21F93FFB2109C0FB210940FEB50746F6
:106D000006460121C8073D468543EC0D992C07D363
:106D10006948854217D33046314601F0ECFD8DE0DD
:106D20005748854213D85C49304601F0E4FD7F2185
:106D3000C90502F013FF0021C9430028029148D081
:106D4000732C7CD345E0002F18DC5D4E77E04D4876
:106D5000854215D84F48854227D82846294601F054
:106D6000CAFD4A4901F0C7FD04460120810703F02E
:106D70004DFD03F025FD0646002029E04F4E5EE064
:106D8000414885421ED8424903F040FD0446FF2099
:106D90008105284602F0E4FB7F21C90501F0ABFD27
:106DA00003F00EFD0646022012E00291374903F07F
:106DB0002DFD04467F20C10503F028FD03F000FDF2
:106DC000064606E03148294602F0E0FC064603206C
:106DD000029001973046314602F0C2FB044601465C
:106DE00002F0BEFB07462D4902F0BAFB2C4901F028
:106DF00082FD0146384602F0B3FB2A4901F07BFDD3
:106E00000146204602F0ACFB04462749384602F012
:106E1000A7FB264901F06FFD0146384602F0A0FBB2
:106E200017498D420DD8214601F065FD01463046D7
:106E300002F096FB0146304601F058FD064630460A
:106E4000FEBD02998F001A49CD59214601F053FD2C
:106E500001461848C459304602F082FB214601F031
:106E600045FD314601F042FD0146284601F03EFD58
:106E7000064601980028E2D50120C0074640DEE71B
:106E8000FFFFDF3EFFFF973FFFFF1B40000080BF7B
:106E90000000C0BFFFFF2F3FCAF2497125AC7C3D07
:106EA0000DF5113EA9AAAA3E4712DABD98CA4CBEFA
:106EB00068B3000078B300000100807FDB0FC93F9A
:106EC000DB0FC9BFF0B589B004460120C6072746CD
:106ED000B743584887420AD8204603F01BFAF90DF9
:106EE000722901D8002878D003F09CFC72E0524847
:106EF000874209D86148874214D803F093FC5B4A63
:106F0000012C5BDB534B8DE04C4887420ED8544834
:106F1000874213D803F086FC554A012C00DA80E042
:106F2000554B4CE0002C11DC564D10E0FD0DFF2DB3
:106F300016D32046214601F0D9FC4DE003F072FC47
:106F400002460B46002C41DC474940E04C4D03F023
:106F500069FC02460B464548294600F0E7FB39E04C
:106F6000374887423CD803F05DFC03900D46354A14
:106F7000354B01F03DF90024344B224600F0DBFB99
:106F8000334B224600F0D7FB07460C4602F0C0FF09
:106F90000290052002072F4B3846214601F028F9C0
:106FA00003F0F5FB03900D462B4A2C4B3846214647
:106FB00001F01EF903F0EBFB029B29E0324B00F0DD
:106FC000BAFB02F0D1F80446744006E02549274890
:106FD00000F0B1FB01F02CFF0446204609B0F0BDE3
:106FE000963DE805381A03F065F8079106900020F1
:106FF000009006A804A901272A463B46FCF722FA7E
:10700000034605990498002C02D5FA0751405B42CB
:1070100003221A40022A0AD0012A05D0002AD0D120
:10702000D8E7144B00F087FB02F09EF8D4E77140DC
:10703000D0E7C046DA0F493FD1537B40D531E2401B
:10704000DA0FC94D83C8C96D305FE43F0000384393
:10705000000038C3FB21F9BF63621A61B41051BE4E
:10706000DFEDAF40FB2119C0FB211940182D44541E
:10707000D221337F7CD912407CD912C0E3CB164099
:10708000FB210940FB2109C0FB21F93FF0B587B086
:1070900007460120002F2ED07A6A002A2BD0BE7A14
:1070A000002E02D0BA6A002A25D03868644A90427D
:1070B00023D1B888FF210A460232904220D1FB88B2
:1070C0001846613882B204205E4CA24213D30125D7
:1070D0003C7A2246093AD2B2D208069200220592A0
:1070E000069A1F2A069500D3059DA342069C00D34D
:1070F000059C254307D007B0F0BD022007B0F0BDC6
:10710000032007B0F0BD7A7A1446093C934201D3BC
:10711000002300E001230722D243944200D30693C8
:10712000102EE8D8069A002AE5D10C467B697F220A
:10713000D1050697054605931846049102F0F0FC28
:107140000146069A002805D02846022ED3D3916A1C
:107150000029D0D0E505D768384628400523A84245
:1071600012D0106901462940A9420DD00599294045
:10717000A94209D0946921462940A94204D0D16985
:1071800003912940A94202D1184607B0F0BD0193EE
:10719000116A0291002102F0CDFC00284CD100219F
:1071A000384602F0C7FC002846D102982840A84281
:1071B00042D027460021039802F0BCFC00283BD1B6
:1071C0000021059C204602F0ABFC002834D120466B
:1071D000049902F0C3FC00282ED10021384602F0A9
:1071E0009FFC002828D1002102980C4602F0A2FC46
:1071F000002821D1022E15D30698806A711E82883C
:1072000003889A4218D901290CD0028983889A42AE
:1072100012D9022906D0828903899A420CD90C30EE
:10722000C91EECD10698C56AF8F74AFF854200D01E
:107230000624204607B0F0BD019807B0F0BDC04657
:1072400045504D31A0FF0000F0B584B00F460190CD
:10725000CAB20291006850400122039201461140D7
:107260004D4241085E4B1D404D406A088107C917D9
:10727000194051408A0900924207D617594A1640D0
:107280000207D417584A1440C206D317574A13406E
:107290008006C21756480240A806C5175548054043
:1072A0008806C1174E480140380AC0B2704060409D
:1072B00058405040009A5040694041400246039B6C
:1072C0001A4054424A08464D2C40544062088307F5
:1072D000DB172B4053409A0900924207D517414AC9
:1072E00015400007C71740480740C806C6173F4863
:1072F00006408806C2173E480240A006C4173D4813
:1073000004409806C017364908400299090CC9B2D2
:107310006940794071405140009A51406040484076
:107320000A46039B1A40544242082D4D2C405440BB
:1073300062088B07DB172B4053409A0900924A07DB
:10734000D517284A15400907CF1727490F40C1060E
:10735000CE1726490E408006C21725480240A006D7
:10736000C417244804409806C0171D4908400299D4
:10737000090E6940794071405140009A5140604087
:107380004840039A0A4053424208154D2B4053404F
:107390005A088C07E4172C405440A7094D07ED17F5
:1073A000104E35400907C9170F4E3140C606F61773
:1073B0000E4A16408006C0170D4A10409B06DB1788
:1073C0000C4A1340A406E417054A14406940714072
:1073D00041407940594061400198016004B0F0BDDE
:1073E0002083B8ED19C46D073288DB0E6410B71D19
:1073F000C8206E3B9041DC76F0B5A5B0002800D1E6
:10740000B9E0012B00DAB6E004462A98012800DA38
:10741000B1E0012680B29BB25F1885180023049763
:10742000012F304600DB1846012D039600DB1E4677
:10743000304300D09FE0238B994200DB9BE0608BC0
:10744000824200DB97E0CF17D6170296049E9E4239
:1074500000D30493B943029B9A43854200D3054667
:107460000498401E6B1E1BB2009303B220460E46CA
:10747000174600F051FD00287DD02B99E81B0290A3
:107480000A0A0123DB4305ADEF18BA70F9703A71AF
:107490007971BA71F9713A727972BA72F9723A7392
:1074A0007973BA73F9733A747974BA74F9743A7572
:1074B0007975BA75F9753A767976BA76F9763A7752
:1074C0007977BA77F97720257A55212579552225BC
:1074D0007A552325795524257A552525795526254C
:1074E0007A552725795528257A55292579552A252C
:1074F0007A552B2579552C257A552D2579552E250C
:107500007A552F25795530257A55312579553225EB
:107510007A553325795534257A55352579553625CB
:107520007A553725795538257A55392579553A25AB
:107530007A553B2579553C257A553D2579553E258B
:107540007A553F25795540257A55412039544033A5
:107550007E2B98D30498861B0298464305CC0021C5
:10756000083C9047A268206803999047002E0BD1F1
:1075700005CC0399904725B0F0BD236920687A00B7
:1075800005A99847F61BF3D0402E3746F5D32F4672
:10759000F3E7F0B585B001460020002929D00E465A
:1075A000203635786A1F0223DB439A4221D3B27812
:1075B000002A1ED004914C6A002120460F4602F09A
:1075C000AFFA002878D1FF20C3051C409C42384602
:1075D0000FD004990C6B22461A409A4209D04A6B8C
:1075E00003921A409A4204D08A6A02921A409A423E
:1075F00001D105B0F0BD0193C86A0090029902F074
:107600008FFA002858D10298039902F089FA0028CD
:1076100052D10398214602F083FA00284CD1002170
:107620002046039102F07CFA002845D10198009988
:107630000140814204993846DBD08C6B2046039F81
:10764000394602F077FA002836D101980440844286
:1076500038460499CDD0CC6B002120460F4602F06D
:1076600069FA002828D101980440844204993846D8
:10767000BFD00C6C002120460F4602F05BFA0028B8
:107680001AD101980440844216D0049B586C0028FB
:107690003846AED07278D00711D1002190071BD5A3
:1076A0009C68019E34400020B442A2D0DC68344083
:1076B000B4429ED0491C0FE0384605B0F0BD1968B1
:1076C000019C21400020A14293D059682140A14251
:1076D0008FD001219007E3D4500706D4100713D4AC
:1076E000491B4842484105B0F0BD1C69019E344029
:1076F0000020B44200D17CE75B693340B34200D143
:1077000077E7491C1007EBD504988269019B1A4062
:1077100000209A4200D16CE7049AD269019B1A407A
:107720009A4200D165E7491CDAE7FEE7FCB4012480
:10773000E407634002E0FCB40124E40708B41D033D
:10774000ED08D60D354356025F007F0D06D12C00A3
:10775000344300D0AEE001B0FCBC7047A408254320
:1077600007242402FF34A74205D10020190D090582
:1077700001B0FCBC7047002B03D50024A61BAC4114
:1077800025000B03DB08C20D134342024800400DE5
:1077900007D11C00144300D08CE00EBC1000F0BCDC
:1077A000704701246407234307242402FF34A042C6
:1077B00005D10020090D090501B0FCBC7047002966
:1077C00003D50024A21A9C412300C11B08D51C002C
:1077D0002B0025001400320026000024611A380016
:1077E000362925D502B4393949420C00203C03D250
:1077F0002F008F40374301E03700A740002F01D012
:1078000040210E4302BC20290BD500290ED04C424A
:10781000203420B4A5402C0020BC0D41CE403619A8
:1078200004E000292E000D4120390E4192196B41D0
:107830001C0014433ED00024002B04D50124002159
:107840008A1A99410B00401E52005B41FBD5012171
:10785000890215000D400CD0521800277B4101D33E
:10786000401C0BE00721C90115000D4001D1890022
:107870008A43072109028A4352005B41801C19DDBB
:1078800007210902FF31884209D30EBC0020C90F2D
:107890000902FF31C900C91D0905F0BC7047190B69
:1078A00000050143E40721431805120B104301B002
:1078B000FCBC70470021002001B0FCBC7047F0B553
:1078C00083B00F250D400178012904D145708570E2
:1078D000C57003B0F0BDC4788178012326461E40F0
:1078E000774277416F40FE070192029100931BD0CF
:1078F0001A462B4613405E1E1F46B74101263140F3
:107900004A424A417A4012D14168019A511A1E29CD
:107910000DD3002B00D182E0029931430291817096
:1079200041787140417002E05C40C47042600226C0
:107930002F463740790822463240534253414B404C
:1079400017D0791E3A468A41029931404B424B4149
:10795000534012D18168019A511A1E290DD3002F6C
:1079600063D0029931430291817041787140417036
:1079700003E07440C4700199816004262F463740AB
:10798000B90822463240534253414B400AD0791E37
:107990003A468A41029931404B424B4153401AD0FA
:1079A000019B03E07440C470019BC360072D01D8A4
:1079B000002100910826214631404A424A4100995F
:1079C0004A4003D0072D15D8002414E07440C47039
:1079D000036103B0F0BDC168019B591A1E29E5D3AC
:1079E000002F28D002993143029181704178714073
:1079F0004170DBE70124029931404A424A4162402A
:107A00000BD10169591A1E2907D3072D19D90299DB
:107A10003143817041787140417003B0F0BDFE2167
:107A2000029A0A400292827081E7FD21029A0A407E
:107A300002928270A1E7FB21029A0A4002928270B0
:107A4000B4E7F721029A0A40827003B0F0BD704794
:107A5000F0B585B00E4602460B464748474C4900F4
:107A60004D0D28180746143721461431A94214D960
:107A7000A54220D21046424A1946424B05460C46C2
:107A8000FFF759FE00273A463B4602F035F800283A
:107A900043D0002E4AD43B4650E0214633318D423C
:107AA00021D9601C874263D110461946FFF743FE77
:107AB00002460B465CE03448F8403040104357D053
:107AC00010462F4A19462F4B04460D46FFF733FE4A
:107AD00000220492134602F00FF8002820D0002E56
:107AE0002ED4284630E00021C943C14011423FD086
:107AF00002911046224A1946224B03900491FFF747
:107B00001AFE00220192134601F0F6FF00280AD067
:107B1000002E1ED4049B039A28E023462A4627E021
:107B20002B46224624E0049B039A21E00120C00753
:107B300086432A462E4323461AD0154B3A4617E071
:107B40001148401CF8403018104B3B410340049A48
:107B50000EE0142F049B039A01D1731C06E0601BF6
:107B60003430012181408A180198434102988243B0
:107B70001046194605B0F0BDEDFBFFFFFF03000006
:107B80009C7500883CE4377EFFFF0F000000F0FF8B
:107B90000000F0BFF0B58BB00B460546AB20C70028
:107BA0002C465C349D20C0002E18304611460793A9
:107BB0001A46FFF784FE304602F0F6FD0690686D27
:107BC000FDF74EFE5C216854A96D002905D00846DA
:107BD000FFF75CFA0146207800E000212246EE190A
:107BE000384BEC18384BEF1805925170084333D1DD
:107BF0002846FFF7CEFC00282ED03D20C0002818D4
:107C00003946083104912946079A049BF9F702F98D
:107C10002F482818039000950798019008A8394626
:107C2000049A069BFEF75AFA0898294968500A9860
:107C30000399087209984860387A002817D0B97AF1
:107C40000120002914D1796BFF22D2050B46134085
:107C500093420DD0B1650BE01C482818502101F06B
:107C600009FD04203870207001206071E07100204F
:107C7000164969180022F260069A3270B070B87B1B
:107C80007070F87BF070079870605020385C30722C
:107C9000207870726078B072059A1078F07250781F
:107CA0003073AD20C0002818482202F079FD707CA6
:107CB000002801D00BB0F0BDB06DF0630120B074AE
:107CC0000BB0F0BD4D050000FC04000004050000F1
:107CD0004C050000F0B585B002910546474B019078
:107CE0002878191849786D1CC906F9D4242A00DDB2
:107CF000002201242B2802D02D2802D1002428782C
:107D000000E06D1E102A12D01146002A0DD10A2261
:107D100030280AD1687820210143782917D1A87822
:107D200019184978890718D4302013461AE010260C
:107D3000302816D16878302120220243782A04D1D5
:107D4000A8781A18527892070AD4084609E0302811
:107D500001D338284FD330204EE0AD1C102301E072
:107D6000AD1C334600940A2B039301D30A210391DF
:107D700000273C4601463039039A91420ED31F49F1
:107D800009184A78510603D501463739994205D377
:107D9000910623D55738984201461FD2184678439A
:107DA00004970F1838461E46194602F063F90499E5
:107DB000814205D1611C281940780C463346D9E729
:107DC0000020C74302F0E8FC22210160029800284D
:107DD00001D001990160384605B0F0BD0298002835
:107DE00004D0002C019900D02919016000980028C6
:107DF000F1D17F42EFE76D1C0823B3E750B10000DB
:107E000070B5FF22D5053B4A0B461340AB4202D862
:107E10000240AA4202D900F06EFD70BD7F24E40545
:107E2000A14202D1FEF76AFF70BDC60FCC0F6400FD
:107E3000A419002A0BD0AB420ED0002B01D0AA42CD
:107E400026D10121C90708403149401870BD022CD4
:107E5000E3D3032C18D119E0AA420AD12848C0461E
:107E60007C4424796400A74401022224D5E72748F2
:107E700070BD00207C4424796400A74401020507FA
:107E8000CBE70120C00770BD1C4870BD1A4870BD0B
:107E9000D21AD2151A2A02DD1D48344612E00029F2
:107EA00009D51923DB439A4205DA00200AE0164877
:107EB00070BD144870BD01F069FC0121C9078843F9
:107EC000FEF71CFF002CA8D0022C05D0012C0BD1F2
:107ED0000121C907484070BD0E4900F00CFD014664
:107EE000064800F003FD70BD0A4900F004FD024998
:107EF00091E7C046FFFFFF7FDB0F49C0DB0F494022
:107F0000DB0F493FE4CB16C0E4CB1640DB0F49BF83
:107F1000DB0FC93F2EBDBB33F0B589B00E9D0024E9
:107F2000954273DB8B4271DB00286FD016460E43FF
:107F30006CD41826865F9E4268DD1A26865FAE42A4
:107F400064DD012400940E0A05AF3E707970190AB1
:107F5000B970FB70110A04AB039319705A70290AA7
:107F60009970DD7006AE2A213170036842680024E2
:107F700005461846214601949047AA68286821467C
:107F800090472B6928683146009C22469847AA688A
:107F90002868214690472B692868042202923946B6
:107FA000984705CD2146083D904707AE2B203070FD
:107FB00005CD019F3946083D9047AA682868394693
:107FC00090472B692868314622469847AA68286856
:107FD000214690472B6928680399029A984705CD56
:107FE0002146083D904708AE2C20307005CD39461B
:107FF000083D9047AA682868394690472B69286849
:1080000031462246984705CD21469047204609B083
:10801000F0BD7047F0B583B004461846002C04D07C
:10802000FF25ED052B40AB4201D103B0F0BD237815
:10803000002B2AD063888B4227D12379934224D105
:108040000294A4680190214600F050FC06460127E6
:10805000FD07A8432A4901F06DFD00281FD10299B0
:108060004E79002E0BD0C9680198009100F03EFCBB
:10807000A843244901F072FD029900281FD00198FD
:10808000C8604F71204603B0F0BD012323706180AA
:10809000227100216171A060E06003B0F0BD7D201D
:1080A000C105304601F05CFA214600F024FC0021B5
:1080B000029A517190600199D16003B0F0BD3046D1
:1080C00002F0AAF90146009801F04AFA019900F07D
:1080D00012FC0546761C304602F09EF90146284601
:1080E00001F054FB0146029AD060F0B256710328A9
:1080F00020469AD3916000205071084603B0F0BD2D
:10810000000034430000F042F0B584B001910390C8
:10811000CAB20368534001200290194601404E4202
:1081200059082D4806404E4072089907C91701406A
:108130005140880900905A07D717284807401A0766
:10814000D51727480540DA06D41726480440980674
:10815000C31725480340B006C217244802408806CA
:10816000C0171D4E30400199090A794069406140AD
:108170005940009B594050404840029A0A4053429F
:108180004208334053405A088C07E41734405440A7
:10819000A6094D07ED17114F3D400907C917104FAC
:1081A0003940C706FF170F4A17408006C0170E4A0E
:1081B00010409B06DB170D4A1340A406E417064A3D
:1081C00014406940794041407140594061400398F2
:1081D000016004B0F0BDC0462083B8ED19C46D073E
:1081E0003288DB0E6410B71DC8206E3B9041DC76F0
:1081F000FCB50C005C40E40FE40710B4DD02540D44
:108200002543D6025F007F0D60D00124E40725439B
:1082100007242402FF34A74250D0CB02440D23434D
:10822000C2024800400D51D00124E4072343072433
:108230002402FF34A04241D0C01901B41800290023
:1082400002F02EF80F0001B41800310002F028F8F7
:1082500003000C001000310002F022F806001000AC
:10826000290002F01DF805007618002202BC01BCAE
:1082700055415141A419554151418024A4005B1935
:108280005141FF18514100D564003F19514102D4BA
:108290007F00494100E0401C03242402FF34001BFE
:1082A00014DD2419A04209D80305F80A4C0520431F
:1082B0004900090B194310BC2143FCBD0020FF21DC
:1082C000C900C91D090510BC2143FCBD00210020C7
:1082D00001B0FCBDF0B583B0421E364C501C537843
:1082E000E2185278D2060246F8D43A3B0025092219
:1082F000D24393425BD3019102A90A273A46FFF782
:10830000E9FC064602990A78A0184078491CC00684
:10831000F9D4481E02901346613B1A2B00D2203A32
:10832000432A0DD04D2A16D108780246613A1A2AFE
:1083300000D220384D2810D1481C0290012712E0AD
:108340000A781346613B1A2B00D2203A4D2A09D1F4
:10835000481C029007E0012705E002917D20C7003C
:10836000084600E00127017862185278D2060AD543
:10837000417862185278D20605D581786218527811
:10838000C01CD206EFD4481E8141704270410843A0
:108390000DD100253846294632462B4602F08CF88E
:1083A000481E814103D101257E430198066028467D
:1083B00003B0F0BD50B10000F0B583B00A46C9B2B9
:1083C00041404808012402940B4623405F422C4C54
:1083D000274047407B088807C01720405840830942
:1083E00001934B07DC17274B1C4000940B07DE174B
:1083F000254B1E40CB06DD17244B1D408906CC17AC
:1084000023490C40B906CB1722490B408006C117FF
:108410001B4F3940120A0098424072406A40624045
:1084200001984240594051404808029B13405C4229
:108430003C40444060089307DD173D404540AF098C
:108440005007C6170F4806401007C0170E4A1040C5
:10845000CA06D2170D4B1A408906C9170C4B194092
:10846000A406E4170B4B1C40AD06ED17044B1D4052
:1084700070405040484078406040684003B0F0BDD4
:108480002083B8ED19C46D073288DB0E6410B71D68
:10849000C8206E3B9041DC76F0B581B0354E002AA5
:1084A00011D015460C46501E032101F0E3FD4A1C75
:1084B0000021032A084600D010460092032D0DD259
:1084C000009A032A34D13068C00605D53068C0064A
:1084D00002D53068C006F6D401B0F0BD2B1A651C79
:1084E000A71C002104E07A5C3263C91C9942E7D0E2
:1084F0003268920705D43268920702D43268920734
:10850000F6D5625C32633268920705D4326892070E
:1085100002D432689207F6D56A5C326332689207F9
:10852000E1D432689207DED432689207F6D5DAE7F2
:10853000621C002305E0555C3563891C9B1C83424B
:10854000C1D03568AD0705D43568AD0702D43568AC
:10855000AD07F6D5655C356301251D438542B2D074
:108560003568AD07E7D43568AD07E4D43568AD07A5
:10857000F6D5E0E710B1464070B50C46002820D093
:10858000417C002902D1817C00291AD0C56B304979
:10859000284601F0E3FA002813D12846294602F0C4
:1085A00021F800280DD12B49284601F0B9FA0028FE
:1085B00007D10021284601F0C7FA002806D03F2045
:1085C00005E02D2020706070A01C3EE0BF20010659
:1085D000284600F090F901F09DFE002801D42B21DF
:1085E00000E02D212170C1174840451A642D0BD39E
:1085F00064262846314601F03DFD46433030607028
:10860000AD1B0320022103E001210A2D08D3022023
:10861000EAB2CD235343DA0A30231343635400E014
:108620000846E9B2CD224A43D10A0A224A43A91A8E
:1086300030220A4321182254202048706420887078
:108640006520C87067200871481D0021017070BD49
:1086500000003443000034C3B0B586B02348002482
:10866000047023490C7044704C7084708C702148E5
:108670000460214D2C70214802F074F820482149F3
:10868000016021482149416021490A68FF231B06F6
:108690009A4303239B07D2180A6084600721016074
:1086A000012041031B4A11600823136080031060FE
:1086B000194A11601360106000941848019018481E
:1086C0000290184803901848049018480590184CD8
:1086D00069462046FBF7D8F92870002800D10446E7
:1086E0001448214602F024F806B0B0BD0C02202048
:1086F0000F02202008022020120220200002202049
:10870000A0120A4001C0010010E000E07F38010023
:1087100020ED00E080E200E000E100E025A600009E
:1087200039A600004DA6000099840000DD990000E4
:10873000D8012020F4012020F0B584B03049314A1E
:108740000125AC0316682B0203939E4316600E6846
:10875000264205D10E68264202D10E682642F6D086
:108760006C02467E9769AF432E40BD199561202566
:10877000455DD6690327BE433D407519D561224D3D
:108780002E680727374005262E60466A3368136235
:10879000736853622F60C3695B065B0CD5697F26E3
:1087A0003602B543EB18D361E8C800970768019714
:1087B000476802971B071B0B2D03ADB2ED1833075B
:1087C0001B0D007A009E35431D43019B1D43029BF8
:1087D0001D43054390690D4B03400D482840C018C8
:1087E00090611068039B184310600868204205D10F
:1087F0000868204202D108682042F6D004B0F0BDDB
:1088000004020B4008010B40001340408D00F0FFB4
:1088100072FF0F00F8B515462A4E0A0D771C3A4034
:10882000294B9A4213D00C46002A18D10122D207B4
:108830009443044344D00022244BFFF7D9FC0C4658
:1088400023498D4208DC234A234B214636E0024669
:108850000B46FEF770FFF8BD220D3A40363A51192B
:10886000B1420ADD01F098FF222101600120C0071A
:1088700004401D4821180020F8BD012904DB174AD7
:10888000144009052143F8BD3522D24391420CDC46
:1088900001F082FF2221016012488542E6DA0120C0
:1088A000C007044000202146F8BD0C4A14400905C9
:1088B0001B225205891821430022094BFFF798FC1F
:1088C000F8BDC046FE070000FF070000000050434F
:1088D000AF3CFFFF59F3F8C21F6EA501FFFF0F80E9
:1088E0000000903C51C300000000F07FFCB4012761
:1088F000FF07794002E0FCB40127FF070C024D009E
:108900002D0E03D1002C52D1FCBC70473C43FF2DEF
:1089100050D0A408002900D56442020243001B0E77
:1089200004D1002A43D10800FCBC70473A43FF2B16
:1089300041D09208002800D552425E1B04D5170092
:1089400022003C0076422B00192E06D52700374125
:10895000D2191C27F71B7F42BC40002A27D002D522
:108960005242012700E00027013B5200FCD51500D0
:10897000802635400FD01500202635402C4380320C
:1089800008D21500402635402C4304D1012636027A
:10899000B24300E05B1C5200023308DDFF2B0BD218
:1089A000500ADB051843FF073843FCBC7047002022
:1089B000FCBC70470800C70FFF07FF20C005384305
:1089C000FCBC7047F0B583B01D46174602910446C3
:1089D0002B20410126465C3620465430009100F0A1
:1089E00049FE2B495422204601F0DAFE6765A56551
:1089F0003846FCF735FF5C216054002D019505D009
:108A00002846FEF743FB0146307800E00021009A3B
:108A1000A5187170002813D12046203039890180B3
:108A20003869796903C4B869F96961602060386A96
:108A3000796AE160A060B86AF96A61612061083C06
:108A400020465E3001F06CFE2046C03001F068FE2A
:108A500091204000201801F063FE61208000201862
:108A600001F05EFE3D20C00020183946019A01F059
:108A700047FD9D20C0002018029901F039FE0548ED
:108A8000201801F099FE00202880286503B0F0BD71
:108A900054B20000FC040000F0B595B007930692B4
:108AA000002A27D004461B9802901A9805900025AA
:108AB00003910F460494294605E06D1C08343F1DC0
:108AC0000698A84218D0079BEB40DB07F5D0012998
:108AD00010D8CB0011AEF018089005CCF0500898D3
:108AE000426038688A000FAB98500EA84554491C64
:108AF000083CE2E700252EE0002502292BD1049F47
:108B0000069C11A80FA909AB059AFDF701FC0028E6
:108B100021D009A8029E31460CC80CC12CC82CC11A
:108B2000022030740EA8017801252A468A40407838
:108B300029468140114371740020C0432246A04061
:108B40000843C043B074301D0090CBB2384603993F
:108B500000F058FBF060284615B0F0BDF0B50146B6
:108B6000837A007B80070ED01A460C3A0020092435
:108B7000E443A24206D3CA7A1446083C0525ED43D5
:108B8000AC4204D2F0BD002B41D00020F0BD1F2428
:108B9000240109190D885B1E8C1C2788AF42F1D96E
:108BA000012B0BD06688BE42ECD9022B06D0A588DB
:108BB000B542E7D9DB1EA41D002BEED1022A2AD331
:108BC000CB8A921E183100200C5E1BB29C4200DD45
:108BD00001209C42D6DD002AD4D002200D5EA542A1
:108BE00001DC002000E00120A542CBDD012AC9D034
:108BF00004200B5EAB4201DC002000E00120AB4210
:108C0000C0DDD41E891D022A2246DCD1BAE7C97A0A
:108C100048424841F0BD0120F0BD0000F0B581B0F0
:108C2000274E284F012465022748002101603A1F82
:108C300010680F21090288434019009210603846DD
:108C4000083801680322D3430B4003603868A0430F
:108C5000386038683040386010030A21224600F03E
:108C6000F1FE1A48FFF768FDFCF79EFF00280FD0C1
:108C7000009A106810210143202081431160106880
:108C8000210301431160002001F0D2F901B0F0BDD1
:108C90000F4E03E0FCF788FF0028E9D13868084947
:108CA0000840386038682102014339603068284242
:108CB000F0D130682842EDD130682842F6D0E9E79B
:108CC000FFFEFFFF08010B4008030B4040B300000C
:108CD00004020B4070B50446264900F03FFF00280F
:108CE0001FD0254D234E20462946FFF704FE04469B
:108CF000314600F033FF002813D020462946FFF705
:108D0000FAFD0446314600F029FF002809D020462C
:108D10002946FFF7F0FD0446314600F01FFF00280A
:108D2000E1D11649204600F0FBFE00281FD0144D6B
:108D3000124E20462946FFF7DEFD0446314600F07C
:108D4000EFFE002813D020462946FFF7D4FD044645
:108D5000314600F0E5FE002809D020462946FFF7FD
:108D6000CAFD0446314600F0DBFE0028E1D1204672
:108D700070BDC046000034430000B4C3000034C3DB
:108D80000000B443F0B587B00C46054601F033FD52
:108D900006460F4601F02FFD069005911C4A1D4B1B
:108DA00001F01AFD1C4A1D4BFEF7C5FC049003910F
:108DB000304639462A462346FFF71AFA02900191B7
:108DC000174A184B01F008FD174A184BFEF7B3FC81
:108DD00002460B46029E3046019F3946FFF708FACD
:108DE0002A462346FEF7A7FC04460D463046394680
:108DF000069A059BFFF7FCF9049A039BFFF7F8F925
:108E000022462B46FEF797FC00F07AFD07B0F0BD36
:108E1000A7463B8C87CDC63E74E7CAE2F9002ABF5D
:108E2000B2FB6E891011813F77ACCB545555C5BF4D
:108E3000F0B587B00C46054601F0E0FC06460F464B
:108E400001F0DCFC069005911C4A1D4B01F0D0FCA2
:108E50001C4A1D4BFEF76FFC0490039130463946C7
:108E60002A462346FFF7C4F902900191174A184B8E
:108E700001F0BEFC174A184BFEF75DFC02460B469C
:108E8000029E3046019F3946FFF7B2F92A46234633
:108E9000FEF751FC04460D4630463946069A059BBE
:108EA000FFF7A6F9049A039BFFF7A2F922462B4687
:108EB000FEF741FC00F024FD07B0F0BDA7463B8C57
:108EC00087CDC63E74E7CAE2F9002ABFB2FB6E89BD
:108ED0001011813F77ACCB545555C5BFF0B581B06B
:108EE0000C46002809D0017C002906D0456B0021E2
:108EF000284600F029FE002812D12D202070607035
:108F00002E21A170E070072106220523042560555B
:108F10002020E0546D20A0540020605401B0F0BD2A
:108F2000164E2846314600F019FE002800D12E4684
:108F300013493046FFF7DFFC124900F027FC01F02F
:108F40003BFA0546642101F095F8303020702E2060
:108F500060700A262846314601F08CF807463146F3
:108F600001F088F830221143A1707E43A81B104302
:108F70000621052204230325C9E7C04600181C4624
:108F80000000A04000002041F0B58B4200D1824299
:108F900004D90B0002000021002040E0002B00D18A
:108FA000002A0CD10B00020000210020002B00D170
:108FB000002A01D0C943C043FFF72BF82FE01C0063
:108FC00015000B0002000CB4002126002F00FF1931
:108FD000764102D2491C4029F9D100201E00170019
:108FE000FF19764102D2401C4028F9D10E1A210007
:108FF0002800320001F0B6FA0C0005000CBC00207D
:109000000021A34200D1AA4201D3521BA3414041F7
:1090100049416D08E7073D436408761EF1D5059F79
:10902000002F01D03A607B60F0BD0000F8B5044627
:10903000FF20C00521460140814208D1204621463B
:1090400000F08EFA2146FFF756FC04463AE0002C69
:1090500031DD0123DA05E00D05D11846144202D1B5
:109060006400401EFAE77F38511E2140114302463A
:109070001A409140002500931C062A46002C0DD072
:109080004E006719F31B314600DB1946B74200DC7E
:109090003D19B74200DC12196408EFE7002902D03D
:1090A00000991140521851104008C00540183F2146
:1090B0000906441806E0600004D001F06DFB212190
:1090C0000160014C2046F8BD0000C07FF0B585B0BE
:1090D00001F091FB06460F4601F08DFB04460D465C
:1090E000184A194B01F078FB184A194BFEF723FB7D
:1090F00004900391174A184B01F06EFB0022174BA6
:10910000FEF719FB02900191154A164B204629469D
:10911000FFF76EF8029A019BFEF70DFB029001919A
:109120003046394622462B46FFF762F8049A039BE5
:10913000FFF75EF8029A019BFEF7FDFA00F0E0FBF4
:1091400005B0F0BD6950EEE04293F93E271E0FE8EE
:1091500087C056BF815E0CFDFFFFDFBF0000F03F00
:10916000423A05E15355A53FF0B585B001F046FB05
:1091700006460F4601F042FB04460D46184A194BBD
:1091800001F036FB184A194BFEF7D5FA049003910B
:10919000174A184B01F02CFB0022174BFEF7CBFAB5
:1091A00002900191154A164B20462946FFF720F8F8
:1091B000029A019BFEF7BFFA0290019130463946B0
:1091C00022462B46FFF714F8049A039BFFF710F88A
:1091D000029A019BFEF7AFFA00F092FB05B0F0BDDA
:1091E0006950EEE04293F93E271E0FE887C056BF54
:1091F000815E0CFDFFFFDFBF0000F03F423A05E15A
:109200005355A53FF0B587B003930292002A42D090
:109210000E4607460C980190002406942146019DB5
:1092200005E0641C0837361D0298A04226D003983A
:10923000E040C007F5D0286805913968FFF756FB74
:10924000014600F08DF9049068687968FFF74EFBDD
:10925000014600F085F901460498FFF74CFBFFF743
:10926000E5FE3168FFF742FB014600F079F9069907
:10927000FFF741FB05990690491CD2E708060AD082
:10928000C8B201F0C9F80146069800F07FFAFFF76E
:10929000CDFE07B0F0BD002007B0F0BDF0B585B041
:1092A0001F46034603900C9804900D9D0B98019067
:1092B0000A984A434F4351005C1840000290205ED8
:1092C00000F076FF0646019840000190205E00F015
:1092D0006FFF3146FFF70AFB0146284600F040F9D0
:1092E0003146FFF708FB0646780003990F180298ED
:1092F000385E00F05DFF04460198385E00F058FFCC
:109300002146FFF7F3FA0146284600F029F92146E5
:10931000FFF7F1FA3146FFF7E9FA0146049800F049
:109320001FF93146FFF7E7FA05B0F0BDF0B583B09D
:1093300000280FD000290DD00B79002B15D0047810
:10934000002C02D11446B43444600370CB785F42E1
:109350005F410CE0002805D0002101604160084613
:1093600003B0F0BD002003B0F0BD00270770012658
:1093700035028C794B79002B0FD102900191FA21A3
:109380000092104600F076FE002F00D13D46C00747
:1093900000D0002501990298009A3304CE79002E5E
:1093A00004D14068801A002800DC0023C878000639
:1093B000C0182843204303B0F0BD000010B51C497D
:1093C0001C4C204601F069F91B49204600F0C6FDFF
:1093D0001A4801680322D203914301600169184AC7
:1093E0000A401532026141692D220A4312218A4343
:1093F0004261426801210A4043688B439A184260E7
:10940000104A13688C021C43146002684B04134317
:109410000360C26870231343C360C268022313430E
:1094200005229343C36002680A43026010BDC04630
:10943000B8B4000000001040DEB30000001110407E
:109440000000FFFF2810104010B51C491C4C20469E
:1094500001F023F91B49204600F080FD1A480168FD
:109460000322D203914301600169184A0A402B325A
:10947000026141691A220A4325218A4342614268F6
:1094800001210A4043688B439A184260104A1368CE
:109490008C021C43146002684B0413430360C268CF
:1094A00070231343C360C26802231343052293430E
:1094B000C36002680A43026010BDC046BAB400002F
:1094C00000005040E8B30000001150400000FFFFD2
:1094D0002810504010B51C491C4C204601F0DDF806
:1094E0001B49204600F03AFD1A4801680322D203C6
:1094F000914301600169184A0A40153202614169CD
:109500002D220A4312218A434261426801210A4006
:1095100043688B439A184260104A13688C021C43BC
:10952000146002684B0413430360C2687023134342
:10953000C360C2680223134305229343C3600268D9
:109540000A43026010BDC046BCB4000000201040B9
:10955000F2B30000003110400000FFFF283010403F
:10956000FCB40127FF0706004E4001D4002600E0AE
:109570003E00020243001B0E30D03A43FF2B30D096
:109580000C024D002D0E29D03C43FF2D29D05B1934
:109590004240504042404C4061404C4000B500F0D9
:1095A0007FFE20BCAE464240504042404C406140AD
:1095B0004C4025001400002C01D46400013B803491
:1095C00001D3013364087E3B08DDFF2B09D2BC4385
:1095D000200ADB0518433043FCBC70470020FCBC6C
:1095E0007047FF20C0053043FCBC7047F0B583B026
:1095F00003293AD8144690220B465343C3182578C2
:10960000002D12D01E78002E0FD016464E4386191C
:109610000296377A2679B74207D08C260196002722
:10962000029E0093019BF752009B1D704A438518D0
:10963000281D7422214601F0B3F82078002814D0A8
:10964000A0688D216A5C9300EB189867501C084A4B
:109650004243120C05235343C01A68548C20285CE3
:10966000042802D88C35401C287003B0F0BDC046D9
:10967000343300000A46002180B501F060F880BD57
:10968000024670B50A4392072AD11E4DEE0104C866
:1096900008C9541B9443344017D0D0B2D9B2401AF1
:1096A0002106014310D190B299B2401A210401431E
:1096B0000AD110021902000A090A401A21020143C4
:1096C00002D1100E190E401A70BD9A42DFD010BAA6
:1096D00019BA884201D9012070BD0020C04370BD75
:1096E00002780B7801300131002A09D09A4207D163
:1096F00002780B7801300131002A01D09A42EFD074
:10970000D01A70BD0101010110B519480146083990
:1097100000220A60011F0A608222C261154B0362A7
:1097200015498A668B6502650B60832282634263FA
:109730008122C264C2630264104B03600468046047
:10974000436044684460C360C468C46003610369E3
:109750000361CA600A612C3802604A6108480949FD
:10976000016001631320800207490860086410BD8E
:1097700030804240820004008480424081000E001C
:10978000A0120A4001C0010090320A40FCB4012737
:10979000FF0706004E40F60FF607020243001B0EBD
:1097A0002DD03A43FF2B2DD00C024D002D0E26D08C
:1097B0003C43FF2D26D05B1B00202021640852086B
:1097C000A2424041A24200D3121B013904D0002A18
:1097D00001D05200F4D18840384201D14000013B11
:1097E000803001D3013300E040007F3307DDFF2BE1
:1097F00008D2400ADB0518433043FCBC7047002008
:10980000FCBC7047FF20C0053043FCBC7047000023
:10981000F8B5451C00780023082B32D02F78C207FA
:109820000CD16A780F241440E41C122C0BD10224B2
:109830002E57F4B2002E08D4EE1C0EE06D1C4A1C0C
:109840000F7011461AE0AE1C08E02E1DED78009551
:109850007F252C40009DED012C1912343D01120989
:109860005219094DAA420ED0D243002C05D08D5C6E
:109870004F1C0D70641E3946F7E7354640085B1CE7
:10988000CAE72846C5E7F8BDFF0F0000FEB5029302
:109890000F46194D0024E143184E009737400190C0
:1098A00043422B46BB4101D20C4623E008460299B5
:1098B0000E405342B54101D204461BE013460199C4
:1098C0000B433E431E43029D009E13D02B46334064
:1098D00004D401998B1A3346AB4103E00199531A22
:1098E0002B46B341044605DB51406E400E43701ECB
:1098F000864134462046FEBD0000F07FFFFFFF7F1B
:109900000CB41B4B4A00D21A1BD2000D0A031043A1
:1099100001221202801802D3400812038918400A5B
:10992000002902D50122D20710434900490D3822EF
:109930001201891A0CD4FF290DD2C90508430CBCA9
:109940007047DB431A40024305D0D8430CBC704734
:1099500000200CBC7047C90FC907FF20C005084391
:109960000CBC7047C046C046C046C046C046C04654
:109970000000E0FFF8B50446164F174D0E462E4086
:109980000120009464423C46B4411AD31D40544225
:10999000AF4116D31046009C20433543054311D0F8
:1099A0000020C0431C460C400ED4009CA41A0C4658
:1099B0009C4106DB0098504059400143481E8141BC
:1099C0000846F8BD0020F8BD009C141B1C468C41C5
:1099D000F0DAF6E70000F07FFFFFFF7FF0B581B01F
:1099E000002927D00C46481E032100F043FB481CE9
:1099F000032801D0074600E00027114D0328264622
:109A00000BD02646284600F0B3FE012F14D028467E
:109A100000F0AEFEB61EBF1EF4D1032C0AD32846BA
:109A200000F0A6FE284600F0A3FE284600F0A0FEA7
:109A3000F61EF4D101B0F0BD761E032CEFD2F9E78B
:109A400080380100F0B5164B1D46083D2E680124F4
:109A5000A6432E601E6803273F03BE4338403018DC
:109A600018601868FF26B043C9B24018186028680B
:109A7000204328601D68002A0ED00A4821022207D0
:109A800015431D6002680A4205D102680A4202D1EC
:109A900002680A42F6D0F0BD200785431D60F0BD84
:109AA00010010B4004020B4010B5FFF763FF0028C4
:109AB00001D0002010BD012010BDC04610B5FFF739
:109AC00059FF002801DB002010BD012010BDC04659
:109AD00010B5FFF74FFF002801DD002010BD012069
:109AE00010BDC04610B5FFF7D1FE002801DA0020F6
:109AF00010BD012010BDC04610B5FFF7C7FE0028FD
:109B000001DC002010BD012010BD000010B500F0E8
:109B1000A9FB002801D0002010BD012010BDC046C7
:109B200010B500F09FFB002801DB002010BD0120D4
:109B300010BDC04610B500F095FB002801DD0020E7
:109B400010BD012010BDC04610B500F04FFB00282D
:109B500001DA002010BD012010BDC04610B500F094
:109B600045FB002801DC002010BD012010BD0000D5
:109B7000F0B581B00D4604468669C0690146FFF71D
:109B8000EFFC074630463146FFF7EAFC3946FEF760
:109B9000B2FEFFF74BFA2062696AFEF7A7FE06469F
:109BA00000252946FFF7BCFF002800D13546656235
:109BB000A562A069E169FEF723F90349FFF7D0FC2C
:109BC000E06201B0F0BDC046E02E6542F0B510483D
:109BD0000068C0B20B2819D10E480168490715D496
:109BE0000D490E4A0E4B02E0046864070ED4C469A6
:109BF0008D786E1C7F2535409678B542F4D08E78EE
:109C00009E1901273F02F4558D70EDE7F0BDC04667
:109C100020301040083110400C0220200F0220207C
:109C20000000202070B5044600200D2919D02546DB
:109C300060350A2912D168780026002830460AD1FA
:109C400029780029304606D000206054204611466D
:109C50001A46F7F763FD2E706E7070BD6A78002AA1
:109C600000D070BD2A785F2A04D30020287001211B
:109C7000697070BD531C2B70A15470BD1CB50029B8
:109C800022D04C08002900D54942421054400028F7
:109C900000D5404200230A00904201D95200FBE760
:109CA00090425B41904200D3801A914201D2520807
:109CB000F6E71900002C00D54042640000D5494267
:109CC0000200080011001CBD01000020FDF7BFFECE
:109CD0001CBDF0B587B006910590002822D01C4627
:109CE000002B1FD015460E9804900D9803900C9EE3
:109CF000069F00E0641C23780A2B0FD00D2BF9D0AF
:109D0000002B0FD00096039801900498029039B26E
:109D10002AB20598FBF7F2FBBF1DEBE70835069F5B
:109D2000641CE8E707B0F0BD70B50C480C49416011
:109D30000C4A51600C4B59600C4C61600C4D6960D1
:109D40000C4E71600C49016011601960216029603E
:109D50003160102000F00CFD70BDC04600080A40C4
:109D6000030000B100280A400008104000085040DD
:109D70000028104000A8464001000026F0B50F481A
:109D80000068C0B20B2818D10D480168490714D4E7
:109D90000C490D4A0D4B02E0046864070DD4C469F8
:109DA0004D786E1C7F2535405678B542F4D04E78FC
:109DB0009E198027F4554D70EEE7F0BD20105040FD
:109DC000081150400C0220200F022020000020200B
:109DD000B0B500281FD001460F4802680F48FFF7B2
:109DE000A5FA0F4A11461031C3070C4600D014469D
:109DF00001239D032560C4050C4600D51446DD03F0
:109E00002560C4030C4600D514462360C00100D56C
:109E1000114618040860B0BD08022020000220206E
:109E200090120A4070B50E480068C0B20B2816D1D7
:109E30000C480168490712D40B490C4A0C4B02E04C
:109E4000046864070BD4C4690D786E1C7F25354007
:109E50001678B542F4D00E789C550D70F0E770BDC1
:109E600020101040081110400C0220200F0220206A
:109E70000000202010B500281BD08278002A18D0BE
:109E800042780F24144030203123082C044600D39C
:109E90001C460C705407044600D51C464C709407B1
:109EA000044600D51C468C70D20700D01846C870F6
:109EB00004E02D20C8708870487008700020087178
:109EC00010BD000010B50D490D4C204600F0DCFB24
:109ED0000C49204600F08AF80B4841680B4A0A40BA
:109EE000111D4160816812220A432D218A4382603C
:109EF000016801220A43026010BDC046B6B40000EA
:109F000000A04640D4B3000004B1464000FCFFFF6F
:109F10000CB54A00520D03231B02FF33D21A13D390
:109F20001F239A1A12D98E46C9020123DB0719434F
:109F3000D1400B2A02D21532D04001437346002B88
:109F400000D5494208000CBD00200CBD0B000120CB
:109F5000C007002B00D401380CBD000070B51122E1
:109F60001302C218C4580125AC43C4500C888D7824
:109F700025438C882C43C558084E2E40084D25405B
:109F80007419C4508879CB790343087A184351680F
:109F90007E23994318400818506070BDE798FDFF74
:109FA00018670000F8B50D460F4F002801D006468F
:109FB00000E03E683046294600F06AFA34183C60FA
:109FC000305C00280DD02046294600F087FA211881
:109FD0003960205C002805D0481C386000200870DB
:109FE00000E000242046F8BD1802202070B51122A0
:109FF0001302C2180C894D8825438C792C43C5580F
:10A00000094E2E40094D25407419C4508888CB79DB
:10A0100003430878184351685D239B009943184017
:10A020000818506070BDC04680CCFFFF7F33000031
:10A0300010B50E490E4A01235C0590600868204265
:10A0400005D10868204202D108682042F6D0106885
:10A050001B04034313600868C00605D40868C006E3
:10A0600002D40868C006F6D510BDC04604020B40F5
:10A0700004010B401CB50A0017D000230124E4079B
:10A08000A04200D20400944201D95200FBE7904262
:10A090005B41904200D3801A914201D25208F6E708
:10A0A00019000200080011001CBD01000020FDF78E
:10A0B000CEFC1CBD08B443001B0E0FD0FF2B11D0EB
:10A0C0000721C9015B18C10FC9020B4301004807F2
:10A0D0004902090B1B05194308BC704700210020E9
:10A0E00008BC704701004002C90DC900C91D09051F
:10A0F00008BC7047B0B50022022813D8002911D03F
:10A10000094B1C5C094D2D5CAC420BD01A5CC401A0
:10A11000074D2C19A25C0A70195C491C7F220A4069
:10A120001A5401221046B0BD0F0220200C0220203C
:10A1300000002020F0B585B00A9CCD17DE176940DD
:10A140006840401BA94173407240921BB3416E406E
:10A1500002AF0097FEF718FF71407040801BB141BD
:10A16000029A039B6B406A40521BAB410CC405B082
:10A17000F0BDB0B504460D46FF20C00522460240A2
:10A18000824201D162020DD10140814201D16802B7
:10A1900009D12846604008D420462946FFF7C0FC74
:10A1A000002800D12C462046B0BD002CFAD5FAE795
:10A1B00006B49E22002802D404D106BC7047414256
:10A1C00004D400E00100013A4900FCD5803101D3FC
:10A1D000013200E04900490AD2051143002802D5A6
:10A1E0000122D2071143080006BC704740B5420067
:10A1F0004B005E08164301D006004E4000D4D01A32
:10A2000004D20120C90F06D1404204E003D9012045
:10A21000C90F00D04042FF263606B24200D8B342F2
:10A2200001D90120404240BD70B50A480A4C844221
:10A230000CD00A4D0A4EB54208D02A686968501CF5
:10A2400012789200A25890470835F4E700BF00BF8B
:10A2500070BDC046DCB40000D0B40000ECB4000017
:10A26000FCB4000040B542004B005E08164301D02C
:10A2700006004E4000D4D01A04D20120C90F06D1E6
:10A28000404204E003D90120C90F00D04042FF261C
:10A290003606B24200D8B34200D9012040BD0000CA
:10A2A000FCB4020C0B0CFF242402FF34204021409C
:10A2B0000C00444315005D4306005E430F00574306
:10A2C000320C3B0CA818C01832043B040025A1181E
:10A2D0006841C9186841FCBC7047000080B5FFF7B1
:10A2E00023FDFFF711FAFEF799FCFFF767F8FFF778
:10A2F000ABF8FFF7EFF8FFF7E5FD04482C2100224B
:10A30000425403482421425480BDC046800120208D
:10A31000B001202006B54100090E7F390DD41F225F
:10A32000511A0CD9864600020122D2071043C840B8
:10A330007246002A00D5404206BD002006BD02003C
:10A340000120C007002A00D4401E06BD70B59EB093
:10A35000032914D80C4605466220484328185E306D
:10A3600001AE11461A463346FFF75CFC002806D0C2
:10A370003D20C000281801AA2146FFF737F91EB07A
:10A3800070BD10B50F24044030223123082C144630
:10A3900000D31C460C704407144600D51C464C7074
:10A3A0008407144600D51C468C70C00700D01A469E
:10A3B000CA700020087110BD06B5002803D5734689
:10A3C000FFF7A8FF06BD4100090E7F3908D31F2201
:10A3D000511A07D300020122D2071043C84006BD1C
:10A3E000002006BD0020401E06BD000004B404226B
:10A3F000002802D1002104BC704701D50832404238
:10A4000012021F320100521E4900FCD30805090B3D
:10A410001205114304BC704702B49E21002805D4E4
:10A4200001D102BC704701394000FCD5803001D316
:10A43000013100E04000400AC905084302BC7047F2
:10A4400001460648002906D08A78002A03D0887A77
:10A45000002801D0034870470148704779B40000D4
:10A4600088B4000092B40000084880F3088800BF58
:10A4700000BF00F0DBF9002801D0FFF7D5FE002077
:10A48000FCF760F9012000F0BCF9C04600802020F4
:10A49000B0B500252A4603780D462C78002C02D052
:10A4A0006D1CA342F9D1002B03D0401C551CA342C4
:10A4B000F0D01046B0BD000030B514004C4325006C
:10A4C0001C0044436419050010002900FFF7E8FE52
:10A4D000001904000D002100280030BDB0B502466F
:10A4E00000201378002B0AD00C462578002D03D0CD
:10A4F000641CAB42F9D102E0521C401CF1E7B0BD34
:10A50000F0B581B000920D4606462F200701F419E0
:10A51000032001023046FFF7ADF8F5510098606066
:10A5200001B0F0BD10B504460020002C09D003296D
:10A5300007D8702048432018303011461A46FCF7DF
:10A5400003FA10BD80B5002807D001460348007803
:10A55000002802D00248F9F759FD80BD12022020E0
:10A56000F401202018B520239B1A04D801000020F4
:10A570005B42994004E004009140DC40214390405C
:10A5800018BD00000843104304490A683F231B0418
:10A590009A431840101808607047C04638010B40B5
:10A5A000401EC0B2032803D88000034908587047F2
:10A5B0000048704720B4000088B30000401E13908C
:10A5C00060CC226812926368119328463146083C99
:10A5D00000E0000082B00094014C019410BD00BF67
:10A5E0003777000042004B000020FF2109068A4215
:10A5F00000D88B4200D901207047032280580028E0
:10A6000005D0401E4A1C00230B701146F7E7704727
:10A6100040B584B002AE0096FFF78CFD029A039B12
:10A6200004B040BD0348002900D110300121890346
:10A630000160704790320A400348002900D1103071
:10A64000012189020160704790320A4003480029C5
:10A6500000D110300121C9020160704790320A40D8
:10A6600080B5024A024BFEF7ADF980BD40A800005C
:10A67000E8B20000022801D0024870470048704745
:10A6800074B400004EB4000010B501221203831808
:10A690000C785C604978815010BD10B5012212031E
:10A6A00083180C789C604978815010BD10B5002348
:10A6B0009A4203D0CC5CC4545B1CF9E710BD80B552
:10A6C0000B4603214258C11D184600F069F880BDB1
:10A6D000109BD80014A90A18139C0C5056607047A0
:10A6E00002480168491C01607047C04608022020EA
:10A6F0000022026042608260C260026101707047A5
:10A70000002804D00021016041608160C160704771
:10A71000024801680F2088437047C04680330A40D2
:10A7200001466031002202706023C2544A707047B3
:10A73000002803D0016000218180816070470023E0
:10A740009A4202D0C1545B1CFAE770470149401895
:10A750007047C0464C050000014800687047C0467D
:10A7600008022020002802D00021016041607047CB
:10A77000811E091F00BFFCD2704702460B4612988B
:10A78000119927E702460B460398294622E702461D
:10A790000B46039829461DE7004870471402202005
:10A7A00080B5FFF783FF80BD41780F2008407047D8
:10A7B000AB21C9004018704700210160416070471B
:10A7C0000146204600E0000082B00094014C019454
:10A7D00010BD00BF8D9700003046394600E00000F4
:10A7E00082B00094014C019410BD00BFF1810000C3
:10A7F00030463946F4E702460B46F1E702460B467F
:10A80000EEE700F001F8FEE700BF70472846FFE7DB
:10A8100082B00094014C019410BD00BFF788000085
:10A82000204647E4204645E41EE670470120704775
:10A8300020BF704700000000000000000000000082
:10A84000554257310001840302030000000000005C
:10A850000000FAC2000020420000FA42000020423C
:10A8600000000000000000000000000000000000E8
:10A8700001000000000000000000803F0000000018
:10A8800000000000000000000000000000000000C8
:10A8900000000000000000000000000000000000B8
:10A8A00000000000000000000000000000000000A8
:10A8B0000000000000000000000000000000000098
:10A8C0000000000000000000000000000000000088
:10A8D0000000000000000000000000000000000078
:10A8E00001000000000000000000803F00000000A8
:10A8F0000000000000000000000000000000000058
:10A900000000000000000000000000000000000047
:10A910000000000000000000000000000000000037
:10A920000000000000000000000000000000000027
:10A930000000000000000000000000000000000017
:10A940000000000000000000000000000000000007
:10A9500001000000000000000000803F0000000037
:10A9600000000000000000000000000000000000E7
:10A9700000000000000000000000000000000000D7
:10A9800000000000000000000000000000000000C7
:10A9900000000000000000000000000000000000B7
:10A9A00000000000000000000000000000000000A7
:10A9B0000000000000000000000000000000000097
:10A9C00001000000000000000000803F00000000C7
:10A9D0000000000000000000000000000000000077
:10A9E0000000000000000000000000000000000067
:10A9F0000000000000000000000000000000000057
:10AA00000000000000000000000000000000000046
:10AA10000000000000000000000000000000000036
:10AA20000000000000000000000000000000000026
:10AA30000000000000000000000000000000000016
:10AA40000000000000000000000000000000000006
:10AA500000000000000000000000000000000000F6
:10AA600000000000000000000000000000000000E6
:10AA700000000000000000000000000000000000D6
:10AA800000000000000000000000000000000000C6
:10AA900000000000000000000000000000000000B6
:10AAA00000000000000000000000000000000000A6
:10AAB0000000000000000000000000000000000096
:10AAC0000000000000000000000000000000000086
:10AAD0000000000000000000000000000000000076
:10AAE0000000000000000000000000000000000066
:10AAF0000000000000000000000000000000000056
:10AB00000000000000000000000000000000000045
:10AB10000000000000000000000000000000000035
:10AB20000000000000000000000000000000000025
:10AB30000000000000000000000000000000000015
:10AB40000000000000000000000000000000000005
:10AB500000000000000000000000000000000000F5
:10AB600000000000000000000000000000000000E5
:10AB700000000000000000000000000000000000D5
:10AB800000000000000000000000C8410000C842B2
:10AB900000401C4500401C4600401C470000003F90
:10ABA00000001643000034430000000000000000D5
:10ABB0000000000000000000000000000000000095
:10ABC000C1D1C93D6C027A03E80300000100800294
:10ABD000A203E803000001008A021004E803000059
:10ABE0000100BE002C01F40100000100A604F005E4
:10ABF000DC0500000100A604F005DC0500000100F2
:10AC0000D8046E05DC0500000000BA044605DC052A
:10AC1000000000009C04B603DC0500000000920464
:10AC2000D403DC0500000000C602B603E803000000
:10AC30000000C6028A02E803000000006C02EA017C
:10AC4000E8030000000062021202E80300000000B6
:10AC50006E00DC00F4010000000022014600F40157
:10AC6000000000007602A802E803DC0501000C03E6
:10AC70000203E80324FA01006C022C012003000007
:10AC800001006C022C01200300000100D403020328
:10AC9000B00400000100CA030203B0040000010078
:10ACA0004A06D2050807000001004006BE05080755
:10ACB00000000100DA071C079808000001009E0749
:10ACC000F40698080000010006094808C4090000BD
:10ACD0000100E8082A08C40900000100040B3C0A2E
:10ACE000B80B00000100DC0A460AB80B00000100A6
:10ACF00008029402E8036CEE010008029402E803E3
:10AD00006CEE01006C02B202E80348F401008A0212
:10AD1000B202E80348F40100E8032602E80330F831
:10AD20000100F2033002E80330F801004803940206
:10AD3000E80318FC010048039402E80318FC010032
:10AD40000C032602E803000001000C033002E803B4
:10AD500000000100E4021202E803E8030100E4023B
:10AD60001202E803E80301000C03FE01E803D00728
:10AD70000100D0020802E803D0070100E402440207
:10AD8000E803B80B0100E4024402E803B80B010039
:10AD9000D002F401E80394110100D002F401E803A9
:10ADA00094110100D205D606D0076CEE0100D20541
:10ADB000D606D0076CEE010062079A06D00748F469
:10ADC00001004407A406D00748F4010062072C06DE
:10ADD000D00730F8010094074006D00730F8010092
:10ADE0001C076806D00718FC01001C076806D0077E
:10ADF00018FC0100FE065406D00700000100FE0604
:10AE00007206D00700000100C206E605D007E8037D
:10AE10000100C206FA05D007E80301007206E60544
:10AE2000D007D0070100FE067C06D007D00701003E
:10AE300036065E06D007B80B010090064006D00724
:10AE4000B80B01007C063606D0079411010090066D
:10AE50004006D0079411010076075E06DC0524FA4F
:10AE600001005406FA05DC05DC05010000000000C5
:10AE70000000005F00000007000700147F147F142B
:10AE8000242A7F2A1223130864623649552250006F
:10AE900005030000001C2241000041221C00140890
:10AEA0003E081408083E0808005030000008080852
:10AEB0000808006060000020100804023E51494567
:10AEC0003E00427F400042615149462141454B319D
:10AED0001814127F1027454545393C4A494930012D
:10AEE000710905033649494936064949291E003684
:10AEF00036000000563600000814224100141414D5
:10AF00001414004122140802015109063249794102
:10AF10003E7E1111117E7F494949363E4141412211
:10AF20007F4141221C7F494949417F090909013E6E
:10AF30004149497A7F0808087F00417F410020404D
:10AF4000413F017F081422417F404040407F020C76
:10AF5000027F7F0408107F3E4141413E7F0909097D
:10AF6000063E4151215E7F0919294646494949312A
:10AF700001017F01013F4040403F1F2040201F3F13
:10AF80004038403F63140814630708700807615194
:10AF9000494543007F41410002040810200041411F
:10AFA0007F000402010204404040404000010204CE
:10AFB0000020545454787F48444438384444442052
:10AFC000384444487F3854545418087E0901020C10
:10AFD0005252523E7F0804047800447D40002040D5
:10AFE000443D007F1028440000417F40007C04184D
:10AFF00004787C0804047838444444387C141414DD
:10B0000008081414187C7C0804040848545454207C
:10B01000043F4440203C4040207C1C2040201C3CFD
:10B020004030403C44281028440C5050503C44646C
:10B03000544C44000836410000007F0000004136B7
:10B0400008000804081008C083F9A200444E6E00EE
:10B05000FC291500D1572700DD34F50062DBC00064
:10B060003C999500419043006351FE00BBDEAB006C
:10B07000B761C5003A6E2400D24D42004906E00097
:10B0800009EA2E001C92D100EB1DFE0029B11C0024
:10B09000E83EA700F535820044BB2E009CE9840001
:10B0A000B4267000417E5F00D69139005383390089
:10B0B0009CF439008B5F840028F9BD00F81F3B0029
:10B0C000DEFF97000F980500112FEF000A5A8B0042
:10B0D0006D1F6D00CF7E360009CB2700464FB700AD
:10B0E0009E663F002DEA5F00BA277500E5EBC700BA
:10B0F0003D7BF100F739070092528A00FB6BEA00B2
:10B100001FB15F00085D8D00300356007BFC4600D8
:10B11000F0AB6B0020BCCF0036F49A00E3A91D0011
:10B120005E619100081BE60085996500A0145F0030
:10B130008D40680080D8FF0027734D00060631005F
:10B14000CA561500C9A873007BE260006B8CC00072
:10B15000008080808080808080809090909090801F
:10B1600080808080808080808080808080808080DF
:10B1700080180404040404040404040404040404FF
:10B180000402020202020202020202040404040493
:10B19000040443434343434341414141414141410D
:10B1A0004141414141414141414141410404040483
:10B1B00004042323232323232121212121212121AD
:10B1C00021212121212121212121212104040404E3
:10B1D00080000000000000000000000000000000EF
:10B1E000000000000000000000000000000000005F
:10B1F000000000000000000000000000000000004F
:10B20000000000000000000000000000000000003E
:10B21000000000000000000000000000000000002E
:10B22000000000000000000000000000000000001E
:10B23000000000000000000000000000000000000E
:10B2400000000000000000000000000000000000FE
:10B2500000012C2D0000FAC2000020420000FA423A
:10B26000000020420000000000000000000000007C
:10B270000000000002030300000096430000FA44AF
:10B280000020004500007A4400408344000034421E
:10B290000000344300001643F40100007800000071
:10B2A000F4010000BC02000000000040FB21F93F57
:10B2B000000000002D44743E000000809846F83CD9
:10B2C0000000006051CC783B00000080831BF03907
:10B2D0000000004020257A38000000802282E336FA
:10B2E000000000001DF3693545504D310101440057
:10B2F00002040A009C342E4432B598430000003FFB
:10B30000CDCCCC3D0000403F0000A041C4AB0000CC
:10B3100018B30000E528541AC500F4016C0220039C
:10B32000C802E803CF03B004CA04DC0545060807D9
:10B33000D206D007BC079808F708C409F00AB80B72
:10B3400001000000000000000000000000000000FC
:10B3500000000000100000000001000003000000D9
:10B36000000000003400C4413863ED3EDA0F493F6D
:10B370005E987B3FDA0FC93F6937AC3168212233D1
:10B38000B40F14336821A23330B400000EB40000AF
:10B3900055B40000FCB300000300000004000000EE
:10B3A0000400000006000000031D07062E2C292DB6
:10B3B0002E2E373F00000210021C07123732292DB3
:10B3C00029252B39000103104449474954414C2099
:10B3D0004B45590004000000000007100000000069
:10B3E00018000000003000000000180000000030CD
:10B3F0000000000018000000003000004241434BF4
:10B40000534944450044495354414E43450041503B
:10B4100050524F4143480052414E47455F4D4D0009
:10B42000494E56414C49440041444452455353000F
:10B430004F55545349444500444953545F4D4D00C2
:10B440004B455920494400534554204944004C4F32
:10B45000434B454400554E4C4F434B00012C2D01AE
:10B460002C2D52414E474500414E474C45004B451F
:10B47000594944004F50454E0057414954004155E9
:10B4800054480044495354004641494C0041444407
:10B49000520050415353005A4F4E450044495354B3
:10B4A000000000007F0000009F4B455900A202846D
:10B4B0004D4D0049440008000800080008000A003B
:10B4C0008A2A8AEE2C00070EC50500000000000045
:10B4D00011980000BFA60000FBA5000002000000BC
:10B4E000130200000001000004FFF000DCB40000C3
:10B4F00000002020E4B4000014022020000000001E
:040000030000A469EC
:00000001FF
