:100000000080202025A70000177700001777000048
:1000100000000000000000000000000000000000E0
:100020000000000000000000000000001777000042
:10003000000000000000000017770000DDA50000B0
:10004000177700001777000017770000CD9C00009D
:100050001777000017770000177700001777000068
:100060000000000017770000177700000000000074
:1000700000000000219D00001D9B0000177700007C
:100080001777000017770000177700001777000038
:100090001777000017770000000000000000000044
:1000A0001777000017770000000000000000000034
:1000B0001777000000000000177700001777000096
:1000C000F0B59DB007460020002F01D100F094FE4E
:1000D0007B6A002B01D100F08FFEBC7A220604D08F
:1000E000B96A002901D100F087FE1C931892FB4DDC
:1000F000FB4EF8881A90386A1990F869010E17912A
:10010000010CC9B21691010AC9B21591C0B214907E
:10011000B869010E1391010CC9B21291010AC9B25A
:100120001191C0B210907869010E0F91010CC9B203
:100130000E91010AC9B20D91C0B20C903869010E3E
:100140000B91010CC9B20A91010AC9B20991C0B25E
:100150000890F868010E0791010CC9B20691010AD6
:10016000C9B20591C0B204903868C343010E029130
:10017000010CC9B20191000AC2B2FF20C04318436A
:1001800003941C07E4172C405D07ED1735406540CC
:10019000DC06E617D3490E406E409C06E417D249B0
:1001A0000C4074400121450808404042CF4E304089
:1001B000684045089B07DB1733406B409D0965404D
:1001C0008006C017CA4C204068409B06DB173340AE
:1001D000434053401807C017C04A10405A07D2176F
:1001E000BF4C22404240D806C417BE480440544089
:1001F0009806C017BC4D284060401A460A400D467C
:10020000524232405C08544062089B07DB1733407F
:1002100053409A094240A006C017B54908405040D3
:100220009A06D21732404240019842401007C01748
:10023000AA4C20405107C917A94B19404140D0068C
:10024000C317A84803404B409006C017A649084072
:100250005840114629404942314053084B40590803
:100260009207D21732404A40910941409806C01780
:100270009F4B184048409106C917314041400298B1
:1002800041400807C01720404A07D217944B1A4034
:100290004240C806C3179348034053408806C0171E
:1002A000914C204058400A462A40524232404B0866
:1002B00053405A088907C917314051408A094240C2
:1002C0009806C3178A48034053408806C017304039
:1002D0005840B98808F066F81A9908F063F8397A36
:1002E00041404807C0177E4A10407A7A42400807CA
:1002F000C0177A4B18405040CA06D217794B1A40A3
:1003000042408806C31723405340084628404042D5
:1003100030404A08424050088907C91731404140DF
:10032000880958404307DC176D4B1C40039BDBB228
:1003300002935C400307DB17684E3340634092062C
:10034000D2176B4C22408906C917684E3140514084
:100350004140CA06D217634C22405A408B06DB1735
:10036000614C2340534082072840404230404908B6
:1003700041404808D2173240424090095840430754
:10038000DB17574C23400397FC7A37465C40030742
:10039000DB17524E334063408906CC1754490C405A
:1003A0009106C917394061404140CA06D4174D4AE9
:1003B00014405C408A06D2174B4B1A4062408307B8
:1003C000284040423840490841404808DB173B403C
:1003D0004340980950400207D41734404207D217CF
:1003E0003F4E324062408906CC17414E3440990658
:1003F000C917394061404140CB06DB17394C2340D7
:1004000053408A06D217384C22405A40830728406E
:1004100040423840490841404808DB173B404340D0
:10042000980950408906C917314041409806C017C5
:1004300038404840049948400107C917274E3140C9
:100440004207D217264B1A404A40C106CB1725490E
:100450000B4053408106C9172140594002462A40AB
:1004600052423A40430853405A088007C017384068
:10047000504082094A409906C9171D4B1940514006
:100480008006C01738404840059948400107C91701
:10049000314034464207D217114B1A404A40C10638
:1004A000CB1710490B4053408106C9170E4A114023
:1004B000594002462A4052423A40430853405A08A3
:1004C0008007C0173840504082094A409906C91732
:1004D000074E314051408006C0170BE03288DB0EDA
:1004E00019C46D076410B71DC8206E3B2083B8ED9A
:1004F0009041DC7638404840069948400107C917CA
:1005000021404207D217FC4B1A404A40C106CB1784
:10051000FA490B4053408106C917F94A1140594026
:1005200002462A4052423A40430853405A08800744
:10053000C0173840504082094A409906C9173140D7
:1005400051408006C017384048400799484001078D
:10055000C917214026464207D217E74B1A404A40A6
:10056000C106CB17E5490B4053408106C917E44A41
:100570001140594002462A4052423A4043085340F3
:100580005A088007C0173840504082094A409906EF
:10059000C917DC4C214051408006C0173840484004
:1005A000089948400107C91731404207D217D24E77
:1005B00032404A40C106CB17D0490B405340810618
:1005C000C917CF4A1140594002462A4052423A4088
:1005D000430853405A088007C017384050408209EA
:1005E0004A409906C917214051408006C01738403B
:1005F0004840099948400107C917C34A11404207BA
:10060000D21732404A40C106CB17BC4E334053404C
:100610008106C917BA4C2140594002462A4052422D
:100620003A40430853405A088007C01738405040AA
:1006300082094A409906C917B24B194051408006B9
:10064000C017384048400A9948400107C917AE4AC8
:1006500011404207D217A84B1A404A40C106CB1797
:10066000334053408106C9172140594002462A4071
:1006700052423A40430853405A088007C017384056
:10068000504082094A409906C9179E4B1940514073
:100690008006C017384048400B9948400107C917E9
:1006A000994A11404207D217934B1A401C464A40C0
:1006B000C106CB17334053408106C917904A1140F9
:1006C000594002462A4052423A40430853405A0891
:1006D0008007C0173840504082094A409906C91720
:1006E000884B194051408006C017384048400C994B
:1006F00048400107C917844E31404207D2172240B3
:100700004A40C106CB177D490B4053408106C917AB
:100710007B4A1140594002462A402C4652423A40F8
:10072000430853405A088007C01738405040820998
:100730004A409906C917734B194051408006C017AB
:10074000384048400D9948400107C91731404207D9
:10075000D217694B1A404A40C106CB17674D2B4050
:1007600053408106C917664A11405940024622404B
:1007700052423A40430853405A088007C017384055
:10078000504082094A409906C9175E4B19405140B2
:100790008006C017384048400E9948400107C917E5
:1007A00031404207D217544B1A404A40C106CB177A
:1007B0002B4053408106C917514E314059400246E3
:1007C000224052423A40430853405A088007C0171B
:1007D0003840504082094A409906C917494B194090
:1007E00051408006C017384048400F9948400107E3
:1007F000C917454A11404207D2173F4B1A404A4099
:10080000C106CB172B4053408106C91731405940D0
:100810000246224052423A40430853405A08800759
:10082000C0173840504082094A409906C917354BD5
:10083000194051408006C017384048401099484040
:100840000107C917304A11404207D2172A4B1A40F4
:100850004A40C106CB172B4053408106C91731408F
:1008600059400246224052423A40430853405A08F7
:100870008007C0173840504082094A409906C9177E
:10088000204B194051408006C0173840484011990C
:1008900048400107C9171C4A11404207D217164B9E
:1008A0001A404A40C106CB172B4053408106C91756
:1008B000314059400246224052423A404308534098
:1008C0005A088007C0173840504082094A409906AC
:1008D000C9170C4B194051408006C017384048409A
:1008E000129948400107C917074A11404207D21719
:1008F000014B1A404A4009E019C46D076410B71D46
:10090000C8206E3B9041DC763288DB0EC106CB17E7
:100910002B4053408106C9173140594002462240BE
:1009200052423A40430853405A088007C0173840A3
:10093000504082094A409906C917CC4B1940514092
:100940008006C01738404840139948400107C9172E
:10095000C74A11404207D217C64D2A404A40C10635
:10096000CB17C5490B4053408106C9173140594048
:100970000246224052423A40430853405A088007F8
:10098000C0173840504082094A409906C917B74BF2
:10099000194051408006C0173840484014994840DB
:1009A0000107C917B24A11404207D2172A404A40EC
:1009B000C106CB17B0490B4053408106C9173140DF
:1009C00059400246224052423A40430853405A0896
:1009D0008007C0173840504082094A409906C9171D
:1009E000A24D294051408006C01738404840159913
:1009F00048400107C9179E4A11404207D2179D4B34
:100A00001A404A40C106CB179B490B405340810610
:100A1000C917314059400246224052423A404308E9
:100A200053405A088007C0173840504082094A4056
:100A30009906C917294051408006C01738404840E0
:100A4000169948400107C917F04E31404207D217A6
:100A5000EF4B1A404A40C106CB17EB4D2B40534099
:100A60008106C917E74A11405940024622405242C6
:100A70003A40430853405A088007C0173840504056
:100A800082094A409906C917DD4B1940514080063A
:100A9000C01738404840179948400107C9173140EE
:100AA0004207D217DA4B1A404A40C106CB172B40F7
:100AB00053408106C917D34A11405940024622408B
:100AC0001B9452423A40430853405A088007C017CB
:100AD0003840504082094A409906C917C84B19400E
:100AE00051408006C017384048401999CAB2424068
:100AF0005008114621404B423B4043405808910763
:100B0000CC173C404440A00917905007C617C04876
:100B100006401007C017BD490840D506ED17BA4971
:100B20000D409206D217B7490A409B06DB17B4491D
:100B30000B40A406E4173C407040684050401799B1
:100B40004840584060401999090ACAB242405008CA
:100B500011461B9B19404B423B40434058089107AC
:100B6000CC173C404440A00917905007C617A8482E
:100B700006401007C017A5490840D506ED17A24941
:100B80000D409206D2179F490A409B06DB179C49ED
:100B90000B40A406E4173C40704068405040179951
:100BA0004840584060401999090CCAB24240500868
:100BB00011461B9B19404B423B404340580891074C
:100BC000CC173C404440A00917905007C6179048E6
:100BD00006401007C0178D490840D506ED178A4911
:100BE0000D409206D21787490A409B06DB178449BD
:100BF0000B40A406E4173C407040684050401799F1
:100C000048405840604019990A0E42405008114629
:100C10001B9B19404B423B40434058089107CC175F
:100C20003C404440A00919905007C6177848064038
:100C30001007C01775490840D506ED1772490D40D9
:100C40009206D2176F490A409B06DB176C490B408E
:100C5000A406E4173C407040684050401999484051
:100C600058401A9B6040002B08D17EE09041DC7612
:100C70003288DB0E19C46D076410B71D1C991A93D6
:100C80001C91098807F08EFB1C99498807F08AFBA4
:100C90001C99898807F086FB1C99C98807F082FB9C
:100CA0001C99097A414048080A461B9B1A40524247
:100CB000524F3A40424050088B07DB173B404340BD
:100CC000980919904807C417514804400807C517E8
:100CD0004E480540C806C6174B4806408806C71749
:100CE000484807409006C017454908409906C9176B
:100CF000424A11401C9A527A62406A4072407A40DD
:100D00003E4F199B5A4041405140480813461B9C96
:100D100023405C423C40444060089307DE173E405D
:100D20004640B3095007C517394805401007C0179A
:100D3000364A1040CA06D217334F3A408906C917BF
:100D4000304F3940A406E4172D4F3C40B606F61745
:100D50002A4F3E4068405040484058401A9B1C99DA
:100D6000604070400A315B1E89D11899002942D039
:100D700005460398806A1C90029F781E032109F0A3
:100D8000F7F8481C00260328344600D004461B9080
:100D9000032F284618D33D1B00261C9F398807F0D7
:100DA00001FB798807F0FEFAB98807F0FBFAF988A9
:100DB00007F0F8FA398907F0F5FA798907F0F2FABD
:100DC000F61C0C37B542E9D11B99032913D0B100A9
:100DD0001C9A5518298807F0E5FA698807F0E2FAA5
:100DE000012C08D0A98807F0DDFAE98807F0DAFAC3
:100DF0000835A41EEED1C0431DB0F0BD2083B8ED70
:100E00009041DC76C8206E3B6410B71D3288DB0E43
:100E100019C46D07F0B5B7B014460D46074648260D
:100E200014931846314609F00FFC002F01D100F051
:100E30006EFC169613940924A00138181790159586
:100E400028463E4606F09BFB002807D02F200001D5
:100E50003718386804F004FD00280BD00020179ADA
:100E600010701699505417204001301809F0C6FB35
:100E700037B0F0BD7868002803D006F0FDF80028F0
:100E8000ECD10C960B972120159E305C0025C107F4
:100E900002D10C9B179F13E00C9B19780029179F18
:100EA0000ED0197900290BD0B16C1A691E46139B1C
:100EB0009A1A8A4201D8351D00E000253346159E56
:100EC00081071AD5194690310A78002A15D00A7977
:100ED000002A12D0B26C12920B69139AD31A129A8A
:100EE000934201D90C9B08E0002D0C9B04D02A7979
:100EF000097A8A4201D054E00D1D410718D56101DD
:100F000059180A78002A13D00A79002A10D0B26C36
:100F10000B69139CE31A934201D90C9B08E0002D46
:100F20000C9B04D02A79097A8A4201D039E00D1D40
:100F3000000719D51B20000118180178002913D0CB
:100F40000179002910D0B16C0269139B9A1A8A4268
:100F500001D90C9B08E0002D0C9B04D02979007A64
:100F6000814201D01DE0051D149A44323878002DCD
:100F70000ED00592002701240028099516D0179A53
:100F8000907929798842384611D1D06A00240EE040
:100F90000028139905D0F868081AF16C884200D827
:100FA0005FE20020387016997854C3E13846039404
:100FB0000490354621350D970E97089504E01346A9
:100FC0007F1C042F00D19EE1287801263146B940CC
:100FD0000142F5D0902078431A461B181878002853
:100FE000EDD018790028EAD00F911598806C196916
:100FF000139C611A8142E2D88C20185C010610977C
:1010000026D007937833C4B2A20032A8194609F05B
:1010100045FB0A94012C11D00A98841E0321204616
:1010200008F0A6FF481C0328069000D1002012906B
:10103000022C47D20698032800D0EEE00A98400818
:10104000800032A90818159E0999109F079B03E09C
:1010500018460C30159E099909791A7A91420B9914
:1010600000D0F4E104680D68204609F053F9024607
:10107000F9B218AB284609F0D3F9002800D1E6E10F
:101080000E9FF8B2C1002AAA5318109DED001294C9
:10109000344676197668655955505E60810022AAFB
:1010A000129B5350189A26AB5A5021A9109A0A54F1
:1010B0000F980D9901430D917F1C0E97109F0C9B6B
:1010C000089D7DE71298C0430A99401811900023AB
:1010D000012608E00246900032AA1150F61CDB1CE3
:1010E00011988342A6D0B00032A90958344635463B
:1010F000A20032A81018001F07688F42204623D98B
:1011000032A88750681EC0B2002200281BD084007D
:1011100032AFE7193F1F3F688F4215D932A80751F8
:10112000A81EC0B200280ED0840032AFE7193F1FBE
:101130003F688F4208D932A80751ED1EECB2002C4F
:101140001046D5D100E01046800032AA1150741C20
:10115000A00011582546A00032AA8218121F176855
:101160008F42224623D932AA1750681EC2B20020ED
:10117000002A1BD0940032AFE7193F1F3F688F420F
:1011800015D932AA1751AA1ED2B2002A0ED0940045
:1011900032AFE7193F1F3F688F4208D932AA175173
:1011A000ED1EECB2002C0246D5D100E002469000C4
:1011B00032AA1150B41CA00011582546A00032AA32
:1011C0008218121F17688F42224684D932AA1750FC
:1011D000681EC2B20020002A00D17BE7940032AF23
:1011E000E7193F1F3F688F4200D874E732AA1751B2
:1011F000AA1ED2B2002A00D16CE7940032AFE719E0
:101200003F1F3F688F4200D865E732AA1751ED1E95
:10121000ECB2002C0246D1D15DE7002109E0054681
:10122000A80032AB1A50B61C891C1298814200D11A
:1012300004E7B00032AA125834463346A00032AD5B
:1012400045192D1F2F689742254623D932AC2750C8
:10125000581EC5B20020002D1BD0AC0032AFE719DC
:101260003F1F3F68974215D932AD2F519C1EE5B202
:10127000002D0ED0AC0032AFE7193F1F3F689742F8
:1012800008D932AD2F51DB1EDCB2002C0546D5D17A
:1012900000E00546A80032AB1A5001200843129A1C
:1012A000904200D1CAE6731C980032AA12581C461C
:1012B000980032AD45192D1F2F6897421D46AFD9B2
:1012C00032AB1F50601EC5B20020002DA7D0AB006E
:1012D00032AFDF193F1F3F689742A1D932ADEF50BF
:1012E000A31EDDB2002D9AD0AB0032AFDF193F1F35
:1012F0003F68974294D932ADEF50E41EE3B2002B21
:101300000546D5D18CE70D9E0E98C0B217990D7881
:101310001290012812D8002D149C0BD00998007946
:101320008A79904206D1C868139A101A159AD26C1D
:10133000904216D917204001181897E5002D149CEB
:101340000B9B1CD08879099A1279904217D1187A90
:10135000002814D0D868139A101A159A526C90422B
:101360000DD24822204609F099F9E671002020723A
:101370000E98607201200599487037B0F0BD0127C2
:101380001F721398D86021A81299022979D1027886
:10139000002A76D14078012873D15868002870D08F
:1013A000229A01210C04A2426BD2239BA342139CDC
:1013B00067D2119191B29AB218AB00F0F7FD0028F4
:1013C0005DD0172040010C990818099A51881279AC
:1013D000199B06F015FE1599496A07F082FA07462F
:1013E00018A840780028049802D01A9807F068FCE2
:1013F000C94908F063F8054605F05AFD014638462C
:1014000008F05CF816901D901095284605F082FBB8
:101410000146384608F052F803461E9018A8417855
:10142000179848300029129700D13AE10B990968C2
:101430006922D20089181DAA00940192169A01F01F
:1014400081F91D9816901E980F9021462DE10020DD
:1014500017990870169A8854172040010C9908189B
:1014600004E514464822149D2846394609F016F929
:101470000020E87128810120607037B0F0BD179816
:101480000578002D179A09D0907909990979884231
:1014900004D1116950691F91159C06E000201F902E
:1014A000159C606AA16A07F01CFA2090E06B32A9D3
:1014B000009001912AA826A91FAB129A03F01CFBE9
:1014C000002800D123E132A8417C1191807C10904A
:1014D00000252846294606E0104331436D1C129A28
:1014E000AA421F4610D021AA525D3E4696403B4676
:1014F000AF403C46119A1440324600D12246109C1F
:101500002740E9D13E46E7E7149E377032AA137CA4
:101510000024022B00D827467770B470099D1294DE
:101520006C88B4802C79B471F07131727372339D10
:10153000349C1398F0603561746135983064D17CC7
:10154000059A1170159FF96B08F0C8F87F21CE0538
:10155000314607F0C6F901463046149E08F0BEF841
:10156000306370632046214607F0A8FF04462846F2
:10157000294607F0A3FF214607F0B3F907F04CFD19
:10158000796A07F0A9F9044612990F4608F070FA33
:10159000002800D127463499339806F027FC5D498E
:1015A00007F08CFF05460B98006833463833314608
:1015B0003C3100913C4639462A4604F0B9FF0028E8
:1015C0004BD0B16B204607F08CF90746002421462A
:1015D00008F04EFA002800D13C46F16B284607F08F
:1015E00080F907F06DFB05461598416A204607F023
:1015F00078F907467078411E88410399014302D16A
:101600000120B070049D4449284607F057FF044666
:1016100005F04EFC0146384607F050FF05461D9088
:10162000204605F077FA0146384607F047FF0346A3
:101630001E90717817984830002919D00B990968C5
:101640006922D20089181DAA139C009401922A468F
:1016500001F078F81D9D1E9B0CE03046169C21463B
:1016600008F0F2FF002017990870085537B0F0BD58
:10167000002101701599B561F361304608F020FA38
:10168000707A042802D30420059905E003280599FF
:1016900001D1032000E0022048704822179831460B
:1016A00033E00021017021460F93149F1198388078
:1016B000B870099A5088B8801079B871FE71022408
:1016C0007C72F960109D284605F0F2FB0146129EDF
:1016D000304607F0F3FE3861284605F01BFA014654
:1016E000304607F0EBFE78611698B8610F98F86104
:1016F0001B981C993863796305984470384615998E
:1017000008F0DEF948221798394608F0C7FF37B0CD
:10171000F0BDC046E02E654235FA8E3CF0B5A9B06A
:1017200015460291064600200B9010A9325C0A541F
:10173000002A6FD00B1831184C7810AA5C70002C5E
:101740006ED013188C7810AA9C70002C6ED01318D1
:10175000CC7810AADC70002C6ED013180C7910AA6B
:101760001C71002C6ED013184C7910AA5C71002CDF
:101770006ED013188C7910AA9C71002C6ED013189F
:10178000CC7910AADC71002C6ED013180C7A10AA38
:101790001C72002C6ED013184C7A10AA5C72002CAC
:1017A0006ED013188C7A10AA9C72002C6ED013186D
:1017B000CC7A10AADC72002C6ED013180C7B10AA05
:1017C0001C73002C6ED013184C7B10AA5C73002C79
:1017D0006ED013188C7B10AA9C73002C6ED013183B
:1017E000CC7B10AADC73002C6ED013180C7C10AAD2
:1017F0001C74002C6ED013184C7C10AA5C74002C46
:101800006ED01218897C917400296FD013305F2834
:101810008BD175E05F21091A10AA1018401C6AE0EC
:101820005E21091A10AA1018801C64E05D21091AB3
:1018300010AA1018C01C5EE05C21091A10AA10182A
:10184000001D58E05B21091A10AA1018401D52E033
:101850005A21091A10AA1018801D4CE05921091AA2
:1018600010AA1018C01D46E05821091A10AA101815
:10187000083040E05721091A10AA101809303AE040
:101880005621091A10AA10180A3034E05521091AF5
:1018900010AA10180B302EE05421091A10AA1018A3
:1018A0000C3028E05321091A10AA10180D3022E03C
:1018B0005221091A10AA10180E301CE05121091AE1
:1018C00010AA10180F3016E05021091A10AA10188B
:1018D000103010E04F21091A10AA101811300AE038
:1018E0004E21091A10AA1018123004E04D21091ACD
:1018F00010AA10181330022902D3491E08F0A4FEC2
:10190000039604955F2110A8002201910A92425487
:10191000F34F02E02C218170C01C0178092907D007
:101920003B2905D000291ED079184978C90601D570
:101930002C2101704178092907D03B2905D00029C5
:1019400011D079184978C90601D52C2141708178C8
:101950000929DFD03B29DDD0002904D07918497846
:10196000C906D7D4D8E7DF4910A808F099FA0028AB
:1019700000D1CDE2054601260A9806900790059011
:10198000099609E00A9000242046D64908F088FA12
:101990000546002800D1E7E12878002819D06D1C01
:1019A00038184078C00611D52878002811D038188A
:1019B0004078C0060DD56878002809D038184078DE
:1019C000C00605D5A878ED1C0028E9D16D1E00E001
:1019D0006D1C0020295C00290AD029184A78002AA9
:1019E00005D08978C01C0029F4D1401E00E0401CBD
:1019F0002818A84217D9421E117879184978C906C3
:101A000011D5AA4212D9811E0B78FB185B78DB0630
:101A10000CD5A94209D9C01E0278BA185278D2064C
:101A20000A46E6D402E0024600E00A4600211170B0
:101A30002A78002AA7D03D2A284623D1002804D19D
:101A40003A2A284633D1002846D001702A78002A45
:101A500053D06D1CBA185278D20611D52A78002AB4
:101A60004BD0BA185278D20647D56A78002A43D0AC
:101A7000BA185278D2063FD5AA78ED1C002AE9D1CF
:101A80006D1E3AE0681C1346002BD9D00378002B5A
:101A9000D6D03D2BD2D04378002BD1D03D2B00D1D6
:101AA0005EE18378C01C3D2BEED1401EC6E7681C6A
:101AB0001346002B10D00378002B0DD03A2BC2D048
:101AC0004378002B08D03A2B00D14BE18378C01C1F
:101AD0003A2BEED1401EB6E70798032800D952E70B
:101AE000B8184078800700D44DE70799481C890052
:101AF0000CAA5550079046E76D1C6A5C002A0AD074
:101B00006A185378002B05D09278C91C002AF4D1AA
:101B1000491E00E0491C6918A94217D94A1E1378CA
:101B2000FB185B78DB0611D5AA4212D98B1E1C78F4
:101B30003C196478E4060CD5AB4209D9C91E0A7871
:101B4000BA185278D2061A46E6D402E00A4600E0F5
:101B50001A46002111704278002A18D0841CB81847
:101B60004078C00611D52078002813D03818407866
:101B7000C0060FD5607800280BD038184078C00612
:101B800007D5A278E41C002AE9D1641E02E0441CB7
:101B900000E0641C605C00280AD060184278002ACB
:101BA00005D08078C91C0028F4D1491E00E0491CEA
:101BB0006018A04217D9411E0A78BA185278D20686
:101BC00011D5A14212D9821E1378FB185B78DB066F
:101BD0000CD5A24209D9C01E017879184978C906E6
:101BE0001146E6D402E0014600E0114600230B70E6
:101BF000297800291FD0284605E08170C21CC178D1
:101C00000029104617D0CAB2613A1A2A00D22039E8
:101C10000170417800290ED00A46613A1A2A00D292
:101C2000203941708178002905D00A46613A1A2A84
:101C3000E3D22039E1E708932846D14907F0C8FCF0
:101C4000002817D02846CF4907F0C2FC002811D041
:101C50002846CD4907F0BCFC00280BD02846CB49CC
:101C600007F0B6FC002805D02846C94907F0B0FCAB
:101C7000002842D1601C411E0A78B9184978401CDE
:101C8000CB06F8D4861E302A09D1421E12782023B2
:101C90001343782B03D101787918497806468807D1
:101CA0002AD528A91022304606F00AF8289AB2420E
:101CB00022D011787B185B78DB060AD551787B1827
:101CC0005B78DB0605D591787B185B78D21CDB0648
:101CD000EFD4AA4A904207D8099A089B06E0C0466A
:101CE00040B00000B4B300000123099A0029114656
:101CF00000D1194601292FD1099E2846A54907F090
:101D000067FC00281ED02846A34907F061FC002884
:101D100018D02846A14907F05BFC002812D02846BD
:101D20009F4907F055FC00280CD028469D4907F034
:101D30004FFC002806D028469B4907F049FC0028A4
:101D400000D020E60BA9204606F0BAFA002830465B
:101D500000D017E60A9815E60590099E069612E649
:101D6000401C6BE6401C6EE60698C00704D007983E
:101D700002283ED300203DE00798022800D2C7E0A9
:101D80000C98401C411E0A78B9184978401CCB06B3
:101D9000F8D4861E302A09D1421E1278202313431C
:101DA000782B03D10178791849780646880733D50E
:101DB00028A91022304605F083FF05462898B04236
:101DC0002AD001787A185278D2060AD541787A1842
:101DD0005278D20605D581787A185278C01CD2067E
:101DE000EFD44C424C416548401C854211D3002041
:101DF00010E001200A99C907324600D10246002AA4
:101E000002D0059D0A9C0BE000293446059D12D1A5
:101E100009E00120044000D1059D0A98C00702D0C6
:101E2000E00708D174E00D980BA906F049FA002CE0
:101E30006ED000286CD07421049E304608F004FC5B
:101E40000120307075800F20284030710B98B060F1
:101E50000298F060122003990B181A46123A127871
:101E6000002A5BD01A46113A1278002A58D01A4636
:101E7000103A1278002A55D01A460F3A1278002AE2
:101E800052D01A460E3A1278002A4FD01A460D3A0E
:101E90001278002A4CD01A460C3A1278002A49D0FF
:101EA0001A460B3A1278002A46D01A460A3A127895
:101EB000002A43D01A46093A1278002A40D01A461E
:101EC000083A1278002A3DD0DA1F1278002A3BD057
:101ED0009A1F1278002A39D05A1F1278002A37D058
:101EE0001A1F1278002A35D0DA1E1278002A33D051
:101EF0009A1E1278002A31D05A1E1278002A2FD04A
:101F00000A5C002A2DD013307128A5D1019828E051
:101F1000002104980170084629B0F0BD123820E075
:101F200011381EE010381CE00F381AE00E3818E0A7
:101F30000D3816E00C3814E00B3812E00A3810E0C7
:101F400009380EE008380CE0C01F0AE0801F08E0E6
:101F5000401F06E0001F04E0C01E02E0801E00E0FB
:101F6000401E30741136C4B23046224608F096FB4B
:101F700000203055099829B0F0BDC046FFFF000091
:101F8000A3B300007DB3000018B3000099B30000B4
:101F90005EB3000073B30000F5B2000028B3000088
:101FA00052B3000007B30000A0B30000F0B5B9B011
:101FB000002B00D1E1E11446059100271F605F600E
:101FC0009F60DF601F6106461D4605F055F800283A
:101FD00000D0D3E10295F0881390002800D1CDE124
:101FE0000025E8430B90706A1190059808F092F96B
:101FF0001090F0680F90204608F08CF90E90306930
:102000000D900896307A0C9029A8014614310A9157
:102010000146103903911838049019A8014614316B
:1020200006910146103900911838019029462A4638
:10203000129515950DE0C00019A90A18149B0B50B4
:10204000189850602A461799491C1398814200D16C
:1020500064E116920A201791484311990C18085A06
:1020600008F058F90146109806F036FC0F9907F071
:1020700035FB06461494608808F04CF901460E982A
:1020800006F02AFC0D9907F029FB014607F016FA25
:1020900007463046314607F011FA394606F021FC72
:1020A0001890159B1806129F2DD0D8B20B9C444354
:1020B00001210D1A02270A9E30461038006818992F
:1020C00007F0F4FC00281AD1E819022814D0304691
:1020D00008380068189907F0E9FC002811D1E019C8
:1020E0000AD03068189907F0E1FC00280AD1FF1CDB
:1020F000E01918360228DFD1159B1F4603E0BF1EEA
:1021000000E07F1E159BF8B2D9B20C9A914204D31D
:10211000904202D3169A149B61E0914204D30024AA
:10212000914204D25D1C03E001249142FAD31D4682
:102130006A1ED3B2834249D9099515990C19E41B3B
:10214000A41EE1B2AB2507914D436D0A03266E43F1
:10215000A41B611C1591CCB2032C01D10021159157
:10216000032C1BD0DC0003990E190027B468F1681A
:102170003461716101213943C9B2159CE4B2A142B5
:102180000AD022CE31607560921E9B1EBF1CF9B230
:10219000183EA142EAD101E0521E5B1E07990229B6
:1021A000099D13D3D900049B5B1819695C69DC6134
:1021B0009961D9689C681C61596159681C689C6068
:1021C000D960D21ED1B2183B8142EED8C00029A9F5
:1021D0000A18149B0B50189850601595169A187A87
:1021E000C007179900D12FE70898437A10062BD023
:1021F0000993D0B20B9D454301210C1A0227069E7C
:10220000304610380068189907F050FC00281DD19E
:10221000E019022814D0304608380068189907F0F1
:1022200045FC002814D1E8190AD03068189907F045
:102230003DFC00280DD1FF1CE81918360228DFD11B
:10224000169A1746099B06E0002704E0BF1E00E02F
:102250007F1E099B169AF8B2D1B2994202D39842D6
:1022600000D3F0E6994204D30024994204D2551CCD
:1022700003E001249942FAD315466A1ED3B2834281
:1022800000D8D8E6099516990C19E41BA41EE1B2F2
:10229000AB2507914D436D0A03266E43A41B611CB9
:1022A0001691CCB2032C01D100211691032C1BD026
:1022B000DC0000990E190027B468F168346171617F
:1022C00001213943C9B2169CE4B2A1420AD022CE00
:1022D00031607560921E9B1EBF1CF9B2183EA14270
:1022E000EAD101E0521E5B1E07990229099D00D226
:1022F000A1E6D900019B5B1819695C69DC619961F1
:10230000D9689C681C61596159681C689C60D960D7
:10231000D21ED1B2183B8142EED88CE61598000649
:1023200002982AD016920121129101702A98FE4932
:10233000149007F09DFB1599CDB2002821D00027FD
:1023400029AE3C467068F84907F092FB00280ED091
:102350003068808807F0DEFF0146204606F0C1FAAB
:1023600004467F1C6D1E0836002DEBD1159FF8B278
:1023700007F0D0FF014620462FE00027384639B04D
:10238000F0BD002129AC0E461AE07F20C005314681
:1023900007F0A4F907462068808807F0BBFF0146D4
:1023A000384607F08BF8179906F09BFA06461898FE
:1023B000394606F096FA01466D1E0834002D0BD002
:1023C0001796189167683846D84E314607F050FB8B
:1023D0000028DAD13E46D8E7304607F07FF90646B6
:1023E000089F7C697F20C5052046294607F054FBDD
:1023F0000028139506D11894BC7A022C029804D2B6
:10240000129FC3E00298129FC0E01796BE6A002E8A
:1024100030D0B8690025294607F048FB00282CD0A9
:10242000149806F0F9FDB96907F058F90146139FB1
:10243000384606F051FA04460026314607F018FBEC
:10244000002807D12046394607F030FB00282646F1
:1024500000D03E463846189C214606F03DFA3146EB
:1024600007F02CF8214606F03CFA01460898866AE7
:10247000847A04E0129F179E88E0139F18993846CB
:10248000189106F029FA1590A00030180146071F90
:102490003888059A90421ED9301D022C18D33188F5
:1024A000914215D2611E7719BA88059B9A4215D2BE
:1024B00001290DD03A89059B9A4211D2022907D0F1
:1024C000BA89059B9A420DD2C91E0C350029EAD162
:1024D0000746354608E00D46083D05E03F1D02E091
:1024E000083700E00C373D1F388807F013FF064619
:1024F0002C46288807F00EFF05463046294606F090
:10250000EBF906460120C10730468843884907F0A9
:10251000AFFA00280FD0608807F0FCFE05467888E7
:1025200007F0F8FE0146284606F0DBF93F210906D0
:1025300006F0C4FF1AE0059807F0ECFE294606F005
:10254000CBF9314607F0CAF80646608807F0E2FE8C
:102550000546788807F0DEFE294606F0BDF90146FB
:10256000304606F0ABFF294606F0BBF90146159848
:1025700006F0A4FF05461898179906F09FFF294614
:1025800006F0AFF906460298129F139D4660149814
:1025900006F042FD294606F0A4F90146284607F058
:1025A0009DF80299C8601698000600D1E6E61A9ECA
:1025B000304606F031FD0899C96907F077FA002125
:1025C000002800D09CE010915749304607F050FA9F
:1025D000002811962ED01698C0B20B9941430B914A
:1025E00019AE143601210F1A02254F4C304610380F
:1025F0000068214607F03CFA00281DD0781902280F
:1026000016D0304608380068214607F031FA002815
:1026100014D00B9840190BD03068214607F028FAE7
:1026200000280CD0ED1C0B98401918360228DDD17B
:10263000169D04E0169D06E0AD1E00E06D1E129F83
:10264000119E28066AD0EFB23B4C00203B4D19AAE0
:102650001890179016E0214607F040F804463146DE
:1026600006F02CFF179906F03CF9179018982146B0
:1026700006F037F918907F1E159A0832002F14982B
:10268000044629D01697106817460621405E07F0C9
:102690000DFD2B4907F022F8064615977F6829465D
:1026A00007F0E6F90028304600D1284605463046B6
:1026B000214607F0FBF90028304600D1204614904F
:1026C00038461A4C214607F0D3F9002813983A46A9
:1026D000169FC0D11446BEE7294606F0FDF8129FAA
:1026E000119E0899096A07F0E1F90028139D1099D5
:1026F00006D11798189906F0F1FF029988603946BB
:10270000029C6170304606F087FC294606F0E9F825
:102710000146284606F0E2FF20612FE60548002129
:1027200017911891DDE7C046CCBC8C2B17B7D13977
:10273000BD3786350000FAC400007AC400007A4430
:102740000000C842F0B5A1B01F460E460446279DC2
:102750002699007800281792209100D1FFE0069773
:1027600015956068081A07F0D5FD864906F0B6FF92
:10277000054618967769394607F098F9002800D180
:102780002F46209860602069A568394606F096FEBD
:10279000294606F0A6F81090A0606069E568394601
:1027A00006F08CFE294606F09CF80590E060A569CD
:1027B000A16B1C91384606F081FE294606F091F87F
:1027C0002090A56AA16C1B91384606F077FE294639
:1027D00006F087F81F90E569E16B1491384606F022
:1027E0006DFE294606F07DF81190E56AE16C0E91C8
:1027F000384606F063FE294606F073F81390256A02
:10280000216C0F91384606F059FE1290294606F0C9
:1028100068F81E90256B216D3846089106F04EFE33
:102820000C90294606F05DF81D90666A616C38468A
:10283000079106F043FE0A90314606F052F806462C
:10284000656B1694616D0D91384606F037FE0446AF
:10285000294606F046F8054638461E9906F02EFE33
:10286000209906F03EF80B9038461A96314606F04D
:1028700025FE119906F035F8209038461D9906F08E
:102880001DFE1F9906F02DF81F9038461995294610
:1028900006F014FE139906F024F8099012981C997A
:1028A00006F01FF811900A98149906F01AF8129081
:1028B0000C981B9906F015F8139020460E9906F017
:1028C00010F81490189C26682F49384606F009F82D
:1028D00005463046294606F0F1FD06460B9906F0FE
:1028E00000F807463046099905F0FBFF0646606888
:1028F000294606F0E3FD05460F9905F0F2FF0C901E
:1029000028460D9905F0EDFF0D90A5681B973846F8
:10291000294605F0E6FF07461C963046294605F095
:10292000E0FF04460120C507209969401F9806F082
:10293000C5FD064638461894214606F0BFFD3146CF
:1029400005F0CFFF0446A843104907F091F800288E
:102950001ED0159D109828601698C76847E2582128
:10296000204607F071FE01202070209860601799C2
:10297000A160E760F068A061E06230692064606592
:10298000296034E200007A446F12833ABD378635FD
:102990001B9D2846189906F091FD314605F0A1FFD0
:1029A0000294214606F09AFE04903846209C214667
:1029B00006F084FD0646284621460E9706F07EFD69
:1029C0000146304605F088FF029F394606F086FE34
:1029D00003901F9C20461C9D294606F06FFD06466D
:1029E0002046189906F06AFD314605F075FF394614
:1029F00006F074FE0F900E98294606F05FFD06461D
:102A00002046209906F05AFD0146304605F064FF45
:102A1000394606F063FE09902046129C214606F0D6
:102A20004DFD0646119D2846189906F047FD314692
:102A300005F052FF394606F051FE0B900E982146E4
:102A400006F03CFD06462846209906F037FD014673
:102A5000304605F041FF3D46394606F03FFE0A90FC
:102A60001F98149C214606F029FD0646139F384600
:102A7000189906F023FD314605F02EFF2E46294613
:102A800006F02CFE18900E98214606F017FD05461C
:102A90003846209906F012FD0146284605F01CFF35
:102AA000314606F01BFE0E901798109905F014FFA2
:102AB00005460698059905F00FFF0646039906F0AE
:102AC000FDFC07460498294606F0F8FC394605F057
:102AD00008FF0146169CA06805F003FF1790A06050
:102AE0003046099906F0EAFC07460F98294606F099
:102AF000E5FC394605F0F5FE0146E06805F0F1FE1B
:102B0000E06030460A9906F0D9FC07460B98294642
:102B100006F0D4FC394605F0E4FE0146206905F0D4
:102B2000E0FE206130460E9906F0C8FC0646189873
:102B3000294606F0C3FC314605F0D3FE0146606924
:102B400005F0CFFE6061049C20461B9D294606F0DF
:102B5000B5FC0146284605F0BFFE0546039E3046FB
:102B60001F9906F0ABFC0146284605F0B5FE109013
:102B70002046209D294606F0A1FC0146284605F086
:102B8000ABFE054630461C9906F098FC01462846E7
:102B900005F0A2FE069020461E9D294606F08EFCFA
:102BA0000146284605F098FE054630461D9906F078
:102BB00085FC0146284605F08FFE059020461A9CAC
:102BC000214606F07BFC0146204605F085FE0546C1
:102BD0003046199906F072FC0146284605F07CFE45
:102BE00004900F9F38461B9906F068FC01461F9E13
:102BF000304605F071FE0546099C2046314606F038
:102C00005DFC0146284605F067FE03903846209992
:102C100006F054FC01461C9E304605F05DFE05465C
:102C20002046314606F04AFC0146284605F054FE8F
:102C3000029038461E9906F041FC01461D9F384619
:102C400005F04AFE054626462046394606F036FC83
:102C50000146284605F040FE01900F981A9906F0AB
:102C60002DFC0146199C204605F036FE05463046EF
:102C7000214606F023FC0146284605F02DFE0F9064
:102C80000B9E30461B9906F019FC0146119805F081
:102C900023FE05460A9F38461F9906F00FFC0146A1
:102CA000284605F019FE11903046209C214606F07A
:102CB00005FC0146129805F00FFE054638461C99A2
:102CC00006F0FCFB0146284605F006FE1290304651
:102CD0001E9906F0F3FB01460C9805F0FDFD054634
:102CE00038461D9906F0EAFB0146284605F0F4FD3A
:102CF0000C9030461A9906F0E1FB0146079805F062
:102D0000EBFD05463846199906F0D8FB01462846E2
:102D100005F0E2FD0B90189F38461B9906F0CEFB9C
:102D20000146139805F0D8FD05460E9E30461F99C2
:102D300006F0C4FB0146284605F0CEFD1F9038463C
:102D4000214606F0BBFB0146149805F0C5FD05467B
:102D5000304634461C9906F0B1FB0146284605F082
:102D6000BBFD054638461E9906F0A8FB01460898AB
:102D700005F0B2FD064620461D9906F09FFB014670
:102D8000304605F0A9FD064638461A9906F096FB2E
:102D900001460D9805F0A0FD07462046199906F05A
:102DA0008DFB0146384605F097FD1699109A8A6109
:102DB000069ACA61059A0A62049A4A62039A8A626A
:102DC000029ACA62019A0A630F9A4A63119A8A6345
:102DD000129ACA630C9A0A640B9A4A641F9A0B46A9
:102DE000483364C34865159D17982860CF686F60A5
:102DF00021B0F0BDF0B58FB005469920C14308461B
:102E000099300E90002D00D10AE302916920C00094
:102E1000281800901F200001281807907D4E7E4F33
:102E200029680EAC0C94204604F004FAA9882046C8
:102E300005F060F9E988204605F05CF9287A0E99DA
:102E4000414001220D920846104043424808334059
:102E5000434058088A07D41734404440A0090B90D7
:102E60004807C6173E400807C0176C4A1040CF06F7
:102E7000FF176B4A17408906C9176A4A11409B061B
:102E8000DB17694A1340A406E417624A14407040F5
:102E9000784048400B994840584060406A7A424028
:102EA00010460D990840434250085A4E3340434063
:102EB00058089107CC1734404440A0090B905007A4
:102EC000C617554806401007C01754490840D70692
:102ED000FF1753490F409206D21752490A409B06EA
:102EE000DB1751490B40A406E4174A490C407040D7
:102EF000784050400B99484058406040AA7A424080
:102F000010460D99084043425008424E334043401A
:102F100058089107CC1734404440A0090B90500743
:102F2000C6173D4806401007C0173C490840D70661
:102F3000FF173B490F409206D2173A490A409B06B9
:102F4000DB1739490B40A406E41732490C407040A6
:102F5000784050400B99484058406040E97A4140E1
:102F600008460D9A1040434248082A4E33404340D9
:102F700058088A07D41734404440A0090B904A07E8
:102F8000D617254806400A07D21724480240CF0624
:102F9000FF17234807408906C917224801409B06AE
:102FA000DB1721480340A406E4171A480440724086
:102FB0007A404A400B9842405A4062400E92E9687B
:102FC0000C9C204604F036F92969204604F032F9B9
:102FD0006969204604F02EF9A969204604F02AF90F
:102FE000E969204604F026F9296A204604F022F90E
:102FF000696A204604F01EF9A96A204604F01AF90D
:10300000E96A204604F016F9042001952E462C4664
:103010000CE0C0462083B8ED19C46D073288DB0E82
:103020006410B71DC8206E3B9041DC760B940C9069
:10303000304680300A903046303009903020305C85
:103040000E9B434018460D99084045425808F64AE1
:103050001540454068089907CC1714404440A00922
:1030600008905807C217F54802401807C117F248E0
:103070000140D806C017EF4F38409B06DB17EC4FD6
:103080003B40AD06ED17E94F3D40A406E417E64F7F
:103090003C4051404140594008984140694061409E
:1030A000099842784A4010460D990840434250081A
:1030B0003D463B40434058089107CC173C404440B4
:1030C000A00909905107CD17DC4805401107C91721
:1030D000D9480140D706FF17D64807409206D217B5
:1030E000D34802409B06DB17D0480340A406E417F0
:1030F000CD480440694079405140099841405940C9
:1031000061400B9C0E91718E0EAD284604F0F2FFCB
:10311000716B284604F08EF8B16B284604F08AF8EB
:10312000F16B284604F086F8316C284604F082F8EA
:10313000716C284604F07EF8B16C284604F07AF8E9
:10314000F16C284604F076F8316D284604F072F8E8
:10315000716D284604F06EF8B16D284604F06AF8E7
:10316000F16D284604F066F8316E284604F062F8E6
:10317000716E284604F05EF8B16E284604F05AF8E5
:10318000F16E284604F056F87034316F284604F08A
:1031900051F8716F284604F04DF8B16F284604F0DD
:1031A00049F8F16F284604F045F880203158284648
:1031B00004F040F80A9E7168284604F03BF8B168B4
:1031C000284604F037F8F168284604F033F83169EE
:1031D000284604F02FF87169284604F02BF8B169ED
:1031E000284604F027F8F169284604F023F80C98E3
:1031F000401E264600D019E7079C21880EAD2846C0
:1032000004F078FF6188284604F074FFA1882846FE
:1032100004F070FFE188284604F06CFF21892846FD
:1032200004F068FF6189284604F064FFA1892846FC
:1032300004F060FFE189284604F05CFF218A2846FB
:1032400004F058FF618A284604F054FFA18A2846FA
:1032500004F050FFE18A284604F04CFF218B2846F9
:1032600004F048FF618B284604F044FFA18B2846F8
:1032700004F040FFE18B284604F03CFF218C2846F7
:1032800004F038FF618C284604F034FF852080006C
:10329000019908180390029C039807199A200D9031
:1032A000395A0EAD284604F025FF9C200C90395A5F
:1032B000284604F01FFF9E200B90395A284604F040
:1032C00019FFA0200A90395A284604F013FFA220C3
:1032D0000990395A284604F00DFFA4200890395A65
:1032E000284604F007FFA6200790395A284604F024
:1032F00001FFA8200690395A284604F0FBFEAA20B8
:103300000590395A284604F0F5FEAC200490395A4D
:10331000284604F0EFFEAE26B95B284604F0EAFE2C
:103320001634B9D14648019908180390029D0398B4
:1033300047190D98395A0EAC204604F0DBFE0C9864
:10334000395A204604F0D6FE0B98395A204604F02C
:10335000D1FE0A98395A204604F0CCFE0998395A11
:10336000204604F0C7FE0898395A204604F0C2FEF1
:103370000798395A204604F0BDFE0698395A20466F
:1033800004F0B8FE0598395A204604F0B3FE0498BC
:10339000395A204604F0AEFEB95B204604F0AAFE7E
:1033A0001635C4D1009D29680EAC204603F042FFBB
:1033B0006968204603F03EFFA968204603F03AFF03
:1033C000E968204603F036FF2969204603F032FF02
:1033D0006969204603F02EFFA969204603F02AFF01
:1033E000E969204603F026FF296A204603F022FF00
:1033F000696A204603F01EFFA96A204603F01AFFFF
:10340000E96A204603F016FF296B204603F012FFFD
:10341000696B204603F00EFF0E98C0430FB0F0BD5D
:1034200000200FB0F0BDC0462083B8ED9041DC769F
:10343000C8206E3B6410B71D3288DB0E19C46D07BF
:10344000AE020000F0B5FFB0A2B01F4614460191D5
:103450000D90A69807908000DB490E585D1ED01E87
:103460001821009106F0B2FBC11788431721C94308
:1034700041430A19411B13910A9675190C9080005B
:103480001297B900401AD1494018061D002764ACB4
:103490000992AF420EDC1398C01904D4306806F0CC
:1034A00023FF099A01E00020014603C47F1C003479
:1034B000361DEEE71298C00064A94418083C0023AA
:1034C0000A9FBB421FDC109300250D9F119413959A
:1034D0002E46129885420FDA03CF0CCC083C083FE9
:1034E00004F07CFE139A334604F01BF913900E4649
:1034F0006D1C083C0837ECE707F068F85B1C119C72
:103500000834099ADCE71046183806903020801AF3
:1035100003902F20801A02908DA8011FB8000591FA
:10352000081804903A46D60014A8811983594968AE
:10353000083E8DAF0B921392139801282ADB119746
:103540001096002618460C4632460E93A04B04F007
:1035500045FE06F05BFC06F0C7FE0F900D463246B6
:10356000109E119F9B4B04F039FE0E9A234604F0E7
:10357000D8F806F04BFC01C71398401E139014A80E
:103580008119805949680F9A2B4604F0CAF80346FE
:10359000083ED1E71846069F3A4605F031F9044641
:1035A0000D46FF20830500262046324604F016FE15
:1035B00004F044FA0E963246874B04F00FFE224682
:1035C0002B4604F0AEF804460D4606F01FFC0646F6
:1035D00006F08AFE02460B462046294604F09CF877
:1035E0001390012F11915CDB0B9880008DA940187E
:1035F000001F01680A46039B1A41961908969A40D3
:10360000891A0160029801410A9D744E0E910129A8
:1036100053DB00248DA821460B9A91420EDA0268F2
:10362000002C334602D1002A06D0731C9A1A02607D
:103630000124491C001DEFE70024FAE70698012841
:103640000899674F0B9B0EDB099A192A654802D02F
:103650001A2A08D1644899008DAA8918091F0A6896
:1036600002400A600899491C08910E98022824D14A
:1036700000203946139A119B04F04EF806460220AA
:103680000E90002C7CD000200C463946069A05F09E
:10369000B7F802460B463046214604F03DF807468F
:1036A0000DE00896002F0A9D5FD013980E9AF04BFC
:1036B00006F0C0F90028ED4E5FD1139F1199002448
:1036C00038460E462246234606F096F9002859D081
:1036D0000B9EB000059909183246AA4204DD521E1D
:1036E0000B681C43091FF8E7002C0499324660D18F
:1036F0000868521C091F0028FAD012988019C000CF
:1037000064A90F180F92711C964200DB0BE70C980E
:10371000109108188000D449085806F0E5FD129A67
:10372000B218D20064AB9C189850616000251197C4
:103730000D9C13952E46129885420FDA03CC0CCFC0
:10374000083F083C04F04AFD139A334603F0E9FFB2
:1037500013900E466D1C0834083FECE706F036FF68
:10376000119F08371E460F9ACDE70B9880008DA950
:103770004018001F0068C11547E702200E9048E777
:1037800037469CE73946099F0098C21B08463146D8
:1037900005F036F805460C460022B74B06F04AF90C
:1037A000002823D12846214606F030FB06460B9F11
:1037B00039E08DA90818001F069A183A761E01688C
:1037C000001F0029F9D033E088B2000038AF0000B4
:1037D0000000703E000070C1000020C0FFFFFF002D
:1037E0000000F03FFFFF7F00FFFF3F000027A34BDB
:1037F000284621463A4604F0F1FC06F007FB06464F
:1038000006F072FD9E4B3A460B9F04F0E7FC2A46F9
:10381000234603F086FF06F0F9FAB9008DAA50504E
:103820007F1C09980690B8008DA90E50069A3E4656
:10383000002090490C9004F0E3FF3446B600E50008
:103840000B942246002A1DD407468DA88059139652
:103850000C46164606F048FD02460B463846214601
:1038600004F0BCFC14AA5319505159600022384688
:103870002146824B04F0B2FC3246139E521E361F84
:10388000083DDFE70B9FF90014A80D9144183A4654
:10389000002A07990A982CD41092B91A88421290DB
:1038A00000DB12910F9100211194764E0F460D46C8
:1038B0001298814211DC3068139171680CCC083C7D
:1038C00004F08CFC3A462B4603F02BFF07460D46CE
:1038D0001399491C08360834EAE70F98C0003CA940
:1038E0000A180F505560109A521E119C083C0B9FED
:1038F000CEE7481E02281ED3002954D0032900D049
:10390000ACE03CA80D990C18083C3846002858DD5E
:1039100006F0D2FD02460F462846314615463B4684
:1039200003F0FAFE06F0A7FEA0C40B9F20601398D8
:103930006160103CEAE7FE0000242546002F0CD40D
:103940003CA8811982594B682046294603F0E9FEBC
:1039500004460D467F1E083EF0E701260E9800281B
:10396000284601D0F007684001990C6048603C98F7
:103970003D9922462B4603F0CFFE3CAC08340B9D0C
:10398000AE4206DC0CCC083C03F0CBFE761C0834BF
:10399000F6E70E9A002A02D00122D2075140019A7E
:1039A0009060D1605AE0F8003CA90C180020014654
:1039B000002F21D40CCC083C03F0B3FE7F1E083C42
:1039C000F6E73CA80D990C18083C384601281CDD88
:1039D00006F072FD07460B46284631463A461D461C
:1039E00003F09AFE06F047FE27600B9F6560A0601B
:1039F0001398E160083CE9E70E9A002A02D0012200
:103A0000D2075140019A03C228E00C980146022FC8
:103A10000ADB3CAA0D9C131912595B6803F081FE66
:103A20007F1E083C0D94F2E706463D983C9A0E9B9B
:103A3000002B0CD00123DB0758403E9C3F9D5D408E
:103A40005940019B1A601A1D71C2596106E03E9BE4
:103A50003F9C019D2A602A1D59C26961072108986F
:103A600008407FB022B0F0BD38AF0000FFFFFF007C
:103A70000000E03F0000F03F000070410000703E99
:103A8000000070C198B10000F0B583B00024002898
:103A900000D19AE2002900D197E24A68002A00D1B9
:103AA00093E28A68002A00D18FE2CA68002A00D116
:103AB0008BE20A69002A00D187E24A69002A00D114
:103AC00083E201240022026042608260C2600261DF
:103AD000426182611746024668C968C268C968C205
:103AE000FC49816106C808380546084621469047CA
:103AF000AA68286821469047EA68286821469047C6
:103B00006A69286805219047EA6828683E46394670
:103B100090476A69286814219047EA682868214616
:103B200090476A69286896210191904702AF3C70DE
:103B300005CD00963146083D9047AA682868314671
:103B400090472B69286839462246984705CD21467B
:103B5000083D90476A6928680199904702AE112094
:103B6000307005CD009F3946083D9047AA68286807
:103B7000394690472B69286831462246984705CD3B
:103B80002146083D90476A6928687821904702AE2F
:103B9000B120307005CD3946083D9047AA682868A5
:103BA000394690472B692868314622469847AA68CB
:103BB0002868214690472B692868C749032201924B
:103BC000984705CD2146083D904702AEB22030709F
:103BD00005CD3946083D9047AA6828683946904780
:103BE0002B692868314622469847AA6828682146EA
:103BF00090472B692868F649019A984705CD2146D8
:103C0000083D904702AEB320307005CD3946083DDF
:103C10009047AA682868394690472B69286831463A
:103C200022469847AA682868214690472B69286849
:103C3000E8490622984705CD2146083D904702AE47
:103C4000B420307005CD3946083D9047AA682868F1
:103C5000394690472B692868314622469847AA681A
:103C60002868214690472B692868DB4922469847F7
:103C700005CD2146083D904702AEC020307005CDED
:103C80003946083D9047AA682868394690472B690D
:103C90002868314622469847AA68286821469047F6
:103CA0002B692868CD49019A984705CD2146083DE2
:103CB000904702AEC120307005CD3946083D90478F
:103CC000AA682868394690472B69286831462246F9
:103CD0009847AA682868214690472B692868C049F8
:103CE0002246984705CD2146083D904702AEC220A6
:103CF000307005CD3946083D9047AA682868394696
:103D000090472B692868314622469847AA68286858
:103D1000214690472B692868B249022201929847B0
:103D200005CD2146083D904702AEC320307005CD39
:103D30003946083D9047AA682868394690472B695C
:103D40002868314622469847AA6828682146904745
:103D50002B692868A449019A984705CD2146083D5A
:103D6000904702AEC420307005CD3946083D9047DB
:103D7000AA682868394690472B6928683146224648
:103D80009847AA682868214690472B692868974970
:103D9000019A984705CD2146083D904702AEC520BF
:103DA000307005CD3946083D9047AA6828683946E5
:103DB00090472B692868314622469847AA682868A8
:103DC000214690472B69286889492246984705CDA6
:103DD0002146083D904702AE2020307005CD39467F
:103DE000083D9047AA682868394690472B6928689B
:103DF00031462246984705CD2146083D904702AE00
:103E00003A20307005CD3946083D9047AA682868A9
:103E1000394690472B692868314622469847AA6858
:103E20002868214690472B6928687249224698479E
:103E300005CD2146083D904702AE3620307005CDB5
:103E40003946083D9047AA682868394690472B694B
:103E50002868314622469847AA6828682146904734
:103E60002B69286864492246984705CD2146083DBC
:103E7000904702AE2A20307005CD3946083D904764
:103E8000AA682868394690472B6928683146224637
:103E90009847AA682868214690472B69286857499F
:103EA00004220192984705CD2146083D904702AE75
:103EB0002B20307005CD3946083D9047AA68286808
:103EC000394690472B692868314622469847AA68A8
:103ED00004E0C0468000A00041B1000028682146EF
:103EE00090472B6928684649019A984705CD214695
:103EF000083D904702AEE020307005CD3946083DC0
:103F00009047AA682868394690472B692868314647
:103F100022469847AA682868214690472B69286856
:103F2000384910220192984705CD2146083D904717
:103F300002AEE120307005CD3946083D9047AA68B1
:103F40002868394690472B692868314622469847A9
:103F5000AA682868214690472B6928682A49019A4F
:103F6000984705CD2146083D904702AE132030709A
:103F700005CD3946083D9047AA68286839469047DC
:103F80002B69286831462246984705CD2146083DD1
:103F900090476A6928680A21904702AE292030704C
:103FA00005CD3946083D9047AA68286839469047AC
:103FB0002B69286831462246984705CD2146083DA1
:103FC00090476A69286864219047204603B0F0BD95
:103FD00041B100004CB30000B6B300009DB3000037
:103FE000B8B30000AEB30000B0B30000B2B300003D
:103FF000B7B30000B9B3000037AF000091B30000C1
:1040000095B30000A8B2000098B20000F0B59BB0D4
:10401000002800D190E20C46002900D18CE207462E
:104020000668002E00D187E27879002806D0606803
:10403000B968401A80087D2800D27DE2EA480990DC
:1040400001201090387900280F970E947FD1A0207E
:104050000090E64801900024802730462146224601
:104060003B4603F0BFF90E250095E148019030462C
:10407000214622463B460F9F03F0B4F9DA481F3031
:1040800080B20090DA48019010980290D94B1C2120
:104090000422304605F0C5FDD448433880B200956F
:1040A00001907F23304621462A4601F0D1FED24DB1
:1040B0000095CE480190109D0295D04B0724132205
:1040C0003046214605F0ADFDCB480090C748019031
:1040D0000295CB4B1E223046214605F0A2FDC64874
:1040E0000090C24801900295C64B292230462146D5
:1040F00005F097FDC0480090BC4801900295C24B66
:1041000071223046214605F08CFDBB480090B7482F
:1041100001900295BD4B7D223046214605F081FD80
:1041200033220092BA48019005247A253046214670
:104130002B4601F08DFE6C220092B548019030466E
:1041400021462B460E9C01F083FE10983871207892
:1041500016A90C9106F093F814A90A91204605F0CF
:1041600007FE11A9204604F0AFFE3C680926009620
:10417000FB4F01973E210D9112223D230B932046C8
:1041800003F030F938464338049080B2089000902C
:104190000197109F029741251322204629460C9B28
:1041A00005F03FFD0F9804680C960096EC480190CE
:1041B0001D2220460D990B9B03F014F908980090DE
:1041C000E748019002972F461E2220462946089272
:1041D0000A9B05F026FD0F9804680E9D284606F000
:1041E000ADF80A90284606F0A9F80078462801D0D4
:1041F000D74E00E0DB4E5028D94D01D12E46623E0D
:104200000C9800900195282220460D990B9B03F0F5
:10421000E9F8B0B200900195109D02952922204640
:1042200039460A9B05F0FDFC0F9806680E98407C05
:10423000079038200090C94C019406213422059241
:104240007423304603F0CEF8C24800A931C1C64BF2
:10425000072137220A92304605F0E3FC46200B90F6
:104260000090BD4801900446502206922227304615
:1042700008993B4601F0ECFD0D9D009501942A2420
:10428000304639460B9A234601F0E2FD3927009764
:10429000B1480190304621462A46059C234601F04C
:1042A000D7FD0A980090AC48019040253046214641
:1042B0003A462B4601F0CCFD0097A74801904C24CC
:1042C0003046089529460A9A234601F0C1FD0D980B
:1042D0000090A14801905625304621463A462B468B
:1042E00001F0B6FD0B9F00979B4801905E2430467D
:1042F00029460D9A234601F0ABFD0698009096489A
:1043000001906223304621463A4601F0A1FD07980C
:1043100000288F4F00D0049F1F250E9C607C002832
:1043200003D1A07C002800D108E10B950D96E46B29
:104330008E4D2046294605F09BFB002808D18C4E67
:104340002046314605F0B2FB0028254600D0354610
:104350008849284605F0B2F8054602F0A9FD864EC8
:10436000314605F0ABF88521C90504F0BAFA05F02D
:104370004FFF0446284602F0CDFB314605F09EF87B
:1043800001467E4804F0A8FA05F042FFBDB2009055
:104390000195402150220D9E3046234601F058FDE4
:1043A0000523009301953E214E22304603F01AF872
:1043B0000E9C0B9DE8020A9018A9204604F0D2F842
:1043C0000020109B18A9095C002924D018A90918FD
:1043D000497800291ED018A909188978C01C00291D
:1043E000F0D1401E17E0C046E0FF00004208000088
:1043F000A5100000B8B20000718C000037B30000B7
:1044000030B300006EB300008CB3000087B300002F
:10441000692A0000401C5A49484380304008022263
:10442000B9B200914D49019102930B92039201B2EE
:10443000582218AB304600F0E7FD0F9D2F680C980E
:104440000090474E01963E2170223D2338460D9143
:10445000079302F0C7FF3446433CA0B20090019698
:10446000109802904126712211AB3846314605F072
:10447000D8FB2F680E9D287A06F010F80690287A4F
:10448000002800D009940C980090354C01947C22AF
:1044900038460D99079B02F0A5FF099880B200905D
:1044A0000194109802907D2238463146069B05F013
:1044B000B8FB0F9800680D90687A06F059F8074627
:1044C0006D7A022D0A9901D1623C214614208EB2E8
:1044D0000090019600248C2280230D98214602F042
:1044E00081FF002F089911D0385D00280AD03819B3
:1044F0004178002905D08078E41C0028F4D1641E9E
:1045000000E0641C1E486043803041080196109E04
:1045100002960B980390022D01D1002000E019486B
:104520000E9C009009B28F220D983B4600F06CFD66
:1045300060680F9988604E711BB0F0BD4E220092EA
:10454000034801903A214623304601F081FC31E7CF
:10455000E0FF0000718C0000692A0000A510000037
:104560004208000000F8FFFF58B30000000070C2CE
:104570000000704235FA8E3C0000B0410000A042BD
:10458000F4FF0100FFFF0000F0B59BB00491039021
:10459000002B00D171E11E462298029021980790CD
:1045A0002098002101251C062B405918630E07D0C6
:1045B0002B405918A30E03D02B405918E30EF1D10C
:1045C000C9B20023032902D218461BB0F0BD00284F
:1045D000089609920B9500D13DE1076840680C9060
:1045E000199018970023194605933D460691002A15
:1045F00013931C46D04911910A9700D19CE037468D
:1046000000240498179003981690CB48014623463F
:104610001190204613944BE004460E98314605F065
:104620005DF807460D98314605F058F805463846BE
:10463000214604F043FF26460446394604F03EFF77
:10464000159904F04EF915902046294604F036FFDE
:10465000109904F046F907462846314604F02EFF2B
:104660000646294604F02AFF119904F03AF9119000
:1046700020460F9D294604F021FF129904F031F9DC
:1046800004463046294604F019FF139904F029F92D
:1046900015993B461390089F099A0A9D1498401C4F
:1046A000169E08361696179E361D1796824243D0E0
:1046B000064638461496F040C007EFD01591109387
:1046C0001294169C2168284604F006F90546616894
:1046D0000C9804F001F90D90014604F0EFFE064637
:1046E00028460E95294604F0E9FE314604F0F9F813
:1046F00004F092FC0746FD4E314605F0B9F900285A
:1047000000D13E4617980168304604F0E5F80746A8
:104710000B98C0070F9787433846079C214605F042
:10472000B1F905462046394604F0D8FF002D00D1E6
:1047300072E77F20C40570E712940B98C0071790AA
:1047400018460E4619461C4604F0B8FE0746159654
:104750003046119E314604F0B1FE394604F0BCF8F3
:10476000169017990F468843E14905F081F9002812
:1047700000D09CE17C401398214604F09FFE054642
:104780003046129904F09AFE294604F0AAF87840BF
:10479000169F394604F0A2FF06461398159904F0B7
:1047A0008DFE05462046129904F088FE294604F045
:1047B00098F817994840394604F090FF054601469D
:1047C00004F07CFE044630461796314604F076FE2F
:1047D000214604F086F804F01FFC0746C54C21462C
:1047E00005F064F906462046394604F077FF044692
:1047F0007F20C005002E00D1044616901798214650
:1048000004F05CFE17902846214604F057FE05464A
:10481000002EB84C00D13C460A98179904F061F874
:1048200007460C98294604F05CF80C90204616992F
:1048300005F01EF90028089E22D10699481C04297B
:104840000146099A0B9D059B00D2CEE60C98199063
:10485000189705231AE0002A184652D0D1000227E3
:104860000020049D1446BA1E3346D340DA074AD1CD
:104870007F1C08302D1D8142F5D100201BB0F0BDFA
:104880000C98199018970698431C0B9DFF20C005A3
:104890000740874200D10AE10C9901408142099A00
:1048A00005982ED02C460025029F3D603D61FD609D
:1048B0003C70199818997960B86018A8009003980E
:1048C00004991793334604F093FC179BF860314624
:1048D000080621404D19410E07D021404D19810E87
:1048E00003D021404D19C10EF2D1029A15745674AD
:1048F0000020C043099988403043C0439074D3746A
:1049000020461BB0F0BD791EC9B20022A14213920D
:104910001192109213460592129200D396E00399D9
:1049200008180A9002460C32291D002003461090F8
:1049300011901290139080E00AD7233C101F00685A
:104940000D900A9E346821460F93169203F0C4FF1F
:10495000014603F0C6FF1590169800680E90716826
:104960000C9103F0B9FF014603F0BBFF14902868D7
:10497000014604F0A3FD064617980068014604F0BE
:104980009DFD0146304603F0A7FF0646204621461E
:1049900004F094FD01463046089E03F09DFF044656
:1049A0000D98014604F08AFD214603F09AFF044663
:1049B0000C98014604F082FD0146204603F08CFF6E
:1049C00004460E98014604F079FD214603F089FF64
:1049D0000E90159C2046214604F070FD129903F0BC
:1049E00080FF12902046149C214604F067FD139925
:1049F00003F077FF13902046214604F05FFD1199E4
:104A000003F06FFF119015980E9C214604F056FD9F
:104A1000109903F066FF109014982146099C04F049
:104A20004DFD0F9903F05DFF1799169A0346F8B2F2
:104A30007F1C091D0832A04208D01791781E31460C
:104A4000C140C80700D079E71799F0E70F9301201C
:104A5000C407139E3046314604F030FD05461298D7
:104A6000119F394604F02AFD294603F035FF1790BF
:104A7000A0431D4904F0FCFF002818D17440FF201A
:104A8000C5050F98214604F019FD04461396109EA3
:104A90003046394604F012FD214603F022FF1799F3
:104AA00004F01CFE074628401695A84202D105983E
:104AB0001BB0F0BD1398314604F000FD0446129877
:104AC0000F9904F0FBFC214603F006FF179904F050
:104AD00005FE0C90169908408842089E099A059890
:104AE00000D07FE50DE7C046BD3786356F12833AAB
:104AF00077CC2B320000FA43F0B59FB00F931646E7
:104B00000D460246701FC1B20020FD2900D277E297
:104B1000002A00D174E2002D00D171E2259909919B
:104B2000002900D16CE20E92249F002138460C46E9
:104B300004F0A8FF002823D1FF22D1053846084001
:104B4000884220460E9C00D15AE20B920A910D95A4
:104B500000200C90C043B040C543D5490497384667
:104B600005F085FA022E0ED10F9800900998019059
:104B7000EBB2022220460D9903F084FF1FB0F0BD76
:104B800020461FB0F0BD07461AA80F990091019763
:104B90000290EBB220460D9D29463246FFF7F4FC09
:104BA000002800D12BE2042E0C9800D1A9E0032E9E
:104BB00000D025E22E461B9D1C9F2168284603F04D
:104BC0008BFE014604F07AFC2146044649680C97A6
:104BD000384603F081FE014604F070FC0146204691
:104BE00003F07FFE04F018FA316803F075FE044606
:104BF000B0480440002120460B9104F057FF0028E4
:104C000000D104460E9FB968284603F065FE0146B0
:104C100004F054FC0646F9680C9803F05DFE01466A
:104C200004F04CFC0146304603F05BFE04F0F4F95E
:104C30000D99496803F050FE0646F248064030469A
:104C4000214604F033FF411E02468A4107920028A4
:104C500000D126460E9F3969284603F03DFE0146E5
:104C600004F02CFC044679690C9803F035FE0146EB
:104C700004F024FC0146204603F033FE04F0CCF996
:104C80000D9DA96803F028FE0446DE480440204636
:104C9000314604F00BFF414241410891002800D009
:104CA000264601200C903046049904F0FFFE0028AF
:104CB000099F00D166E110A80F9E00960190032283
:104CC00006230E9C2046294603F0DCFE002800D176
:104CD000CBE0002E00D193E01198316803F0FCFD89
:104CE000014604F0EBFB04461298716803F0F4FDF2
:104CF000014604F0E3FB0146204603F0F2FD0A9072
:104D0000AAE0089701200C90284600250B99C905B8
:104D10000791274604460B9503950F9E04E06D1CF2
:104D20000837241D042D48D001200A90A8400F21E7
:104D3000414010A80096089A01920290CBB204223A
:104D40000E980D99FFF720FC0028E8D011983968DB
:104D500003F0C2FD014604F0B1FB064612987968E3
:104D600003F0BAFD014604F0A9FB014630460F9E50
:104D700003F0B7FD04F050F90590139806900799D9
:104D800004F076FE414241410B9808420C980B908A
:104D9000C5D12168059803F09FFD0A99C90788438A
:104DA000039010A815A90CC80CC14CC84CC10F9E8B
:104DB000069807900C980B90B1E70398049904F0BB
:104DC00075FE411E88410B990140012911D17F20B8
:104DD000C105079803F085FD04461D98FD2189054E
:104DE00004F06CFB0146204604F042FE15A90028A1
:104DF00000D11AA9099C05C905C40DC90DC4FEE05E
:104E00001198216803F068FD014604F057FB214624
:104E100004461298496803F05FFD014604F04EFB1A
:104E20000146204603F05DFD04F0F6F8296803F022
:104E300053FD04460120C00784433F20010620465D
:104E400004F03CFB07990029214600D1014608984F
:104E5000002800D121460A9110A815A90CC80CC140
:104E60001CC81CC10C980B900E9C10A800960190B9
:104E7000032205232046294603F004FE00285CD0C7
:104E8000002E19D01198316803F026FD014604F078
:104E900015FB04461298716803F01EFD014604F0EC
:104EA0000DFB0146204603F01CFD04460A9930E044
:104EB00000001643FFFFFF7F1198A16803F00CFD6F
:104EC000014604F0FBFA214604461298C96803F033
:104ED00003FD014604F0F2FA0146204603F001FD0D
:104EE00004F09AF8696803F0F7FC06460120C00751
:104EF00086433F200106304604F0E0FA0446079856
:104F0000002800D13446089800280A9900D1344678
:104F10000F9E204604F0ACFD414241410B980842EF
:104F20000C980B9009D110A815A90CC80CC12CC85D
:104F30002CC10D9D0A940C980B9010A8009601901E
:104F400003220E9C20462946134603F09BFD0028B1
:104F500015D0002E18D01198316803F0BDFC014621
:104F600004F0ACFA04461298716803F0B5FC0146EF
:104F700004F0A4FA0146204603F0B3FC2CE00B98A1
:104F8000002837D11AA836E01198216903F0A4FC53
:104F9000014604F093FA214604461298496903F049
:104FA0009BFC014604F08AFA0146204603F099FC76
:104FB00004F032F8A96803F08FFC04460120C00712
:104FC00084433F200106204604F078FA014620463B
:104FD000089A002A00D108460A990B9C04F048FD63
:104FE000414241410C4205D110A815A90CC80CC181
:104FF0001CC81CC115A806C806C70EC80EC70C9849
:105000001FB0F0BDFFFFFF7FF0B5F7B00D91169018
:10501000002800D170E21D46002B00D16CE27F9881
:105020001990C01EC0B240087F2800D264E2164624
:105030007D982290062719984743072141430591FF
:10504000401EC2B2AB2121925143490A03220C9265
:105050005143401A401CC1B22091032900D10020C5
:105060007E9918917C991C9101211391199AD10074
:105070000A91791E04910599491E03912299090A02
:105080001A91111A530008930C9B53430C939300ED
:1050900007930523099353430693C0B21D90CCB2E6
:1050A0000D9814900B970AE0169905C9139990472B
:1050B0000B9F1498C01914900E9E0F9D6D1C28789C
:1050C0000A2800D1E2E00D28F8D0002800D113E230
:1050D00001467F395E22D24391420F9500D23F2094
:1050E00009994843EC494018A0381E9035B2304623
:1050F0001499084300B200280E9600D5CCE0189809
:10510000002800D1C8E0149801B27818169A128BC2
:10511000904200DDC0E005984019169A528B9042EB
:1051200000DDB9E00498149A8018039A921912B21B
:10513000009203B216982A4602F0E4FE002800D13D
:10514000AAE01E98401C1B9000273846159704E0E3
:105150001298401C072800D18FE1139912908140CA
:105160001F91159A05E0179A521CD0B219998842DE
:10517000EED21792159A07E023ABFE1819543F1D83
:10518000F570D21C062AEED01E98805C1F9908404C
:10519000229900D01C990D0A219802280DD30020D5
:1051A00023AEF319F55559709D70D9701D71BF1D4F
:1051B0005971C01CC3B2A342F2D1209803280ED06B
:1051C00023A8C319C555B81C59701D9B012B01D1CB
:1051D000074604E023ABFE181D543F1DF1701B98D9
:1051E000805C1F990840229900D01C990D0A2198D3
:1051F00002280DD3002023ABDE19DD557170B57088
:10520000F1703571BF1D7171C01CC3B2A342F2D1E0
:10521000209803280ED023A8C319C555B81C59706F
:105220001D9B012B01D1074604E023ABFE181D5442
:105230003F1DF170901C0528229D1A9907D01E99D8
:10524000085C1F990840229D00D01C9D290A2198C6
:1052500002280DD3002023ABDE19D9557570B1702B
:10526000F5703171BF1D7571C01CC3B2A342F2D17C
:105270002098032885D023A8C319C155B81C5D7098
:105280001D9B012B00D077E707467AE70A9836186E
:105290000D9814906D1C12E71998301800B21B90ED
:1052A0000898301800B217900C98301800B215907A
:1052B0000798301800B212900698301800B211907A
:1052C000F01900B2109000210F462E460EE0199BF7
:1052D0000093019016981F99109A02F083F87F1C92
:1052E000199829462918062F00D1E1E614980D4691
:1052F000401800B21F90052F2AD118980028229834
:1053000032D1052F3AD118980028229842D1052F82
:105310004AD118980028229852D1052F5AD11898AE
:105320000028229862D1052F6AD118980028229867
:1053300072D1052F7AD118980028229800D082E0E7
:10534000052F00D08AE0189800282298BFD1C6E720
:105350001E98C15D139801401C9800D12298002925
:1053600002D118990029CCD0199B0093019016986E
:105370001F99324602F036F8052FC4D01E98C05D42
:10538000022101401C9800D12298002902D11899CD
:105390000029BCD0199B0093019016981F991B9A65
:1053A00002F020F8052FB4D01E98C05D0421014002
:1053B0001C9800D12298002902D118990029ACD05C
:1053C000199B0093019016981F99179A02F00AF8FA
:1053D000052FA4D01E98C05D082101401C9800D163
:1053E0002298002902D1189900299CD0199B00937A
:1053F000019016981F99159A01F0F4FF052F94D08B
:105400001E98C05D102101401C9800D122980029EF
:1054100002D1189900298CD0199B009301901698FD
:105420001F99129A01F0DEFF052F84D01E98C05DEF
:10543000202101401C9800D12298002903D11899FD
:10544000002900D17CE7199B0093019016981F99C1
:10545000119A01F0C7FF052F00D174E71E98C05DB7
:10546000402101401C9800D12298002900D02EE74D
:105470001899002900D132E729E7169D05CD0021B2
:10548000083D9047AA68286813999047002F00D1DB
:105490000AE623AE0DE0C0465CAD0000F619169892
:1054A00003690068314617469847F619EF1B00D18B
:1054B000FAE5802F3D4600D38025169803690068E1
:1054C00031462A469847812F00D2EDE528467D1BBC
:1054D000802D2F4600D38027361816980369006860
:1054E00031463A469847812D00D2DDE5ED1B802DEF
:1054F0002A46D3D38022D1E777B0F0BDF0B5E3B030
:1055000008920A910C90002800D1A5E118467F3836
:105510005E21C943884200D23F236A980E90699C5D
:1055200068980D9005205843CC494018A038099040
:1055300008980A9908430B9400D5CCE00E980028EF
:1055400000D1C8E00A98401D0C99098B884200DB05
:10555000C1E00899891D0C9A528B914200DBBAE098
:1055600009B2009103B20C980A99089A02F0CAFC99
:10557000002800D1AFE0200A0E90099801780A9126
:105580004178089181780791C178069105790020CA
:1055900007460BE00A0A2023F2542122B1542221AB
:1055A0000E9A7254243723217454C01C012686405D
:1055B00031460A9A1140224600D00D9A130A0FACC8
:1055C000E119E3554A703246089B1A400B9C22466B
:1055D00000D00D9A130A8B70CA703246079B1A408E
:1055E000224600D00D9A130A0B714A713246069B6F
:1055F0001A40224600D00D9A130A8B71CA712E40B0
:10560000224600D00D9A130A0B724A720E9A8A72C1
:10561000CC72482F00D10DE1022181400A460A9B3D
:105620001A40224600D00D9A130A0FACE6193373C4
:1056300072730A46089B1A400B9C224600D00D9AB2
:10564000130AB373F2730A46079B1A40224600D02E
:105650000D9A130A337472740A46069B1A40224646
:1056600000D00D9A130AB374F2742940214600D079
:105670000D990A0A327571750E99B175F475042188
:1056800081400A460A9B1A40224600D00D9A130A0E
:10569000337672760A46089B1A40224600D00D9A4D
:1056A000130AB376F2760A46079B1A40224600D0C8
:1056B0000D9A130A337772770A46069B1A402246E0
:1056C00000D00D9A130AB377F2772940214600D112
:1056D00060E70D995EE70899481C00B20790881CA6
:1056E00000B20690C81C00B20590081D00B20490DC
:1056F000481D00B20390881D00B2029000260AE007
:10570000009701900C982946029A3B4601F06AFEE8
:10571000761C052E7DD00998845D0A98301805B254
:1057200001272046384002D10E9900290BD00028CD
:105730000D9800D10B98009701900C982946089A73
:105740003B4601F04FFE0220204002D10E99002975
:105750000BD000280D9800D10B98009701900C9861
:105760002946079A3B4601F03DFE0420204002D125
:105770000E9900290BD000280D9800D10B980097A6
:1057800001900C982946069A3B4601F02BFE082012
:10579000204002D10E9900290BD000280D9800D18D
:1057A0000B98009701900C982946059A3B4601F00A
:1057B00019FE1020204002D10E9900290BD000289C
:1057C0000D9800D10B98009701900C982946049AE7
:1057D0003B4601F007FE2020204002D10E9900290F
:1057E0000BD000280D9800D10B98009701900C98D1
:1057F0002946039A3B4601F0F5FD4020044002D1C2
:105800000E98002884D0002C0D9800D078E70B98D3
:1058100076E70E9800281FD00A98401D07210091B6
:105820000B99019101B201230C98089A01F0DAFD5D
:1058300063B0F0BD0C9C05CC0021083C9047A268E9
:105840002068012529469047236920680FA9542222
:10585000984705CC2946904763B0F0BD5CAD000089
:10586000F0B589B0002800D1D3E00168C94A91425F
:1058700000D0D1E0818801221302994200D0CEE00D
:10588000C188E1239B00994200D0CBE0017A4B1FF5
:10589000DBB20526FD2B00D2C7E0477A0023002F9C
:1058A0000DD03D462C061540EB18650E07D015406F
:1058B000EB18A50E03D01540EB18E50EF2D1DAB2C5
:1058C0008A4200D0B1E002966921C90041180191D5
:1058D000FF21CE05014674310591002406900896FB
:1058E00003973946E140C9070BD0E10041180A6926
:1058F0003240B24200D19EE049693140B14200D10C
:1059000099E0702161430246411830200B5C06206B
:10591000032B0790049436D0022B1AD0012B00D011
:1059200032E14A6B3240B24200D12DE18D6B284604
:10593000994904F0A7F800287AD00021284604F0FD
:10594000ABF8002874D03540B5420798069A0FD1BD
:105950001AE14B6B3340B34200D115E18B6B3340FE
:10596000B34200D110E1C96B3140B14200D10BE12B
:10597000049C641C059870300590042C1046089E09
:10598000039FAED15AE031228C5C22460D3A0A23A5
:10599000DB439A4200D2F7E00A6C3240B24200D1B7
:1059A000F2E00D6F0021284604F062F800283FD194
:1059B0003540B542079800D1E6E0641E059F3946A0
:1059C00030390E683146089A1140914200D1DBE02F
:1059D0003D680021284604F04BF8002828D12846CD
:1059E00008990840884223D0384634380168304648
:1059F00004F048F800281BD1381F0168284604F03D
:105A000037F8002814D13F1D641E0798069AD6D196
:105A1000AEE7012009B0F0BD022009B0F0BD0320BF
:105A200009B0F0BD042009B0F0BD304609B0F0BDAA
:105A3000079809B0F0BD029809B0F0BD03F084F8F2
:105A400001460720002900D19EE004460198056820
:105A50005249284604F016F8002800D196E00021AB
:105A6000284604F019F8002800D18FE03540B542EF
:105A700000D18BE0019845684849284604F002F8B7
:105A8000002800D182E00021284604F005F8002813
:105A90007CD03540B54279D0019885683F49284689
:105AA00003F0F0FF002871D03D49284603F0F4FFD1
:105AB00000286BD03540B54268D00198C568374999
:105AC000284603F0DFFF002860D03549284603F060
:105AD000E3FF00285AD008980540854256D0019827
:105AE00005692E49284603F0CDFF00284ED02C49E9
:105AF000284603F0D1FF002848D008980540854289
:105B000044D0019845692449284603F0BBFF00288A
:105B10003CD02349284603F0BFFF002836D0089820
:105B20000540854232D0019885691E49284603F018
:105B3000A9FF00282AD07F20C6052846314603F059
:105B4000ABFF002822D00898054085421ED001985E
:105B5000C5691449284603F095FF002816D0284649
:105B6000314603F099FF002810D00898054085427F
:105B70002046069908D00198846B0846FDF73AF94B
:105B8000201A411E8841C00009B0F0BD204609B06E
:105B9000F0BDC0465542573100002041286B6E4E83
:105BA0006F12833A00409C45F0B585B0A34EA44CDB
:105BB000012257061305A44D20681F2109068843BA
:105BC00020600492920400200393194604F058FCCC
:105BD00099489C49016042243068384200D083E0F3
:105BE000284604F043FD306838427DD1284604F051
:105BF0003DFD3068384277D1284604F037FD3068E3
:105C0000384271D1284604F031FD306838426BD1FA
:105C1000284604F02BFD3068384265D1284604F050
:105C200025FD306838425FD1284604F01FFD3068FA
:105C3000384259D1284604F019FD3068384253D112
:105C4000284604F013FD306838424DD1284604F050
:105C50000DFD3068384247D1284604F007FD306812
:105C6000384241D1284604F001FD306838423BD12A
:105C7000284604F0FBFC3068384235D1284604F051
:105C8000F5FC306838422FD1284604F0EFFC30682C
:105C9000384229D1284604F0E9FC3068384223D143
:105CA000284604F0E3FC306838421DD1284604F051
:105CB000DDFC3068384217D1284604F0D7FC306844
:105CC000384211D1284604F0D1FC306838420BD15B
:105CD000284604F0CBFC3068384205D1284604F051
:105CE000C5FC163C00D077E75548806902900498BF
:105CF000420400200190039904F0C2FB4E48514930
:105D0000016042243068384200D083E0284604F025
:105D1000ADFC306838427DD1284604F0A7FC3068DD
:105D2000384277D1284604F0A1FC3068384271D15E
:105D3000284604F09BFC306838426BD1284604F0BA
:105D400095FC3068384265D1284604F08FFC3068F5
:105D500038425FD1284604F089FC3068384259D176
:105D6000284604F083FC3068384253D1284604F0BA
:105D70007DFC306838424DD1284604F077FC30680D
:105D8000384247D1284604F071FC3068384241D18E
:105D9000284604F06BFC306838423BD1284604F0BA
:105DA00065FC3068384235D1284604F05FFC306825
:105DB00038422FD1284604F059FC3068384229D1A6
:105DC000284604F053FC3068384223D1284604F0BA
:105DD0004DFC306838421DD1284604F047FC30683D
:105DE000384217D1284604F041FC3068384211D1BE
:105DF000284604F03BFC306838420BD1284604F0BA
:105E000035FC3068384205D1284604F02FFC163C9A
:105E100000D077E70A48816917350298454328463C
:105E200004F0A6F8094940180B2801D30198049002
:105E3000049805B0F0BDC0462C030B4004020B4093
:105E400038010B400100000ED103000035F8FFFFC0
:105E5000F0B58BB00490002800D13DE116460F4606
:105E6000012000217F2F044600D80C46002F024657
:105E700000D4620015469F2E00D90835002E00D5AB
:105E8000151D7F2B024600D80A4610990A91002B57
:105E900000D450000A9902469F2900D908320A9975
:105EA000002900D5021D11462943484248412A4293
:105EB00000D08AE0002900D187E02806069200D0B1
:105EC0002A46D4B2500709930596079715D42007A0
:105ED00021D40A98801BDA1BA10708922BD4D11772
:105EE0000391C1177A42D31704F064FA089A039B0E
:105EF00004F00CFB361800272BE0D81BC1177242A8
:105F0000D31704F057FA0A9A921BD31704F0FEFA3B
:105F10003F1800261DE0D81BC11737469F26F21BED
:105F2000D31704F047FA0A9AD21BD31704F0EEFAFB
:105F300007990F180DE0D1170391C1173A467F2733
:105F4000BA1AD31704F036FA089A039B04F0DEFA63
:105F5000361801217F2F084600D80020002F00D4DA
:105F6000410008469F2E00D90830002E00D5081D9C
:105F7000E9B28C42089701D0079A08928C420796A2
:105F800001D0059A07928C4200D009972A468C428C
:105F90000A9B00D033468C42054600D015460A9332
:105FA0008C42069900D00146EBB20A46CCB221469B
:105FB0001943484248411C42099B09D100290899CC
:105FC0000F46079C264605D077E73946344601E060
:105FD0000899079C099300287ED0119806900A9F83
:105FE000BC4212D12546099CA142084600DB20464E
:105FF000A14200DC2146091A491C01220092069A9E
:1060000001920BB201B22AB213E0099D8D4215D163
:10601000BC42204600DB38460B46BC4200DC3C4616
:10602000211A491C09B200910699019102B219B2D4
:106030000123049801F0D6F90BB0F0BD07940C468B
:10604000691ACA170020C04301230894A54203938C
:1060500000DC03905140079C3E1B00DDE61B3D46E3
:106060008F1AA542029300DC0290F519009306985E
:106070000190089801B2079C22B2049801F0B2F98D
:10608000089922460596680086421DDD86421FDD7E
:10609000874201DB029BD2181646874200DBED19CE
:1060A00001230093069801900C4609B232B204987D
:1060B00001F098F92146324609988442059EE2D1C2
:1060C0000A988242DFD107E0039BC9188642DFDCD1
:1060D000AD198742DEDADFE70BB0F0BDF0B587B06F
:1060E000069104460125107800280CD0174645205B
:1060F000105C02280495029016D1797A00200129BB
:106100001ED801461FE00921204604F09DFA002711
:10611000069B1F705F70002098706770E070791E9A
:10612000022909D3014608E0C01E0021012809D830
:106130007878421E904106E001212171607172E081
:10614000012100E008460C9A0592002500290397DA
:1061500002D10028294624D0019300280CD0F86AE7
:106160000121C90788430599896B03F09FFC00282A
:1061700002D00421019B14E07E6A059F396B3046F2
:1061800003F080FC002807D1B96A304603F07AFC9E
:10619000002803D0022102E0032100E00121019B3D
:1061A000039F0D9EBA79D71A784278412571E57020
:1061B00065702572E571A57165712170A0709A42B4
:1061C00013D102990129049D069B1CD11F785F7091
:1061D000002098706770B91E48424841E070791EEF
:1061E000C9B2022914D3002113E048480699088057
:1061F0000598006D8019486000208870032767703B
:106200002071049D0FE05868B04213D9032780E73E
:10621000012121716071042F04D80120B840192197
:10622000084200D10025A571F81E41424141E171AB
:1062300007B0F0BD039A507A0027022800D268E721
:106240005078022904D1516A029100280AD118E03D
:10625000C91E012900D95CE7002800D159E7039A3B
:10626000506A0290D06A0121C90788430599896B59
:1062700003F01CFC069B002803D01F780020059E1D
:1062800028E01F78012F0CD0022F059E13D1716BCF
:10629000029803F0F7FB00280AD0069B591C022045
:1062A00031E0059E316B029803F0ECFB002815D11C
:1062B00030462C3007E0316B029803F0E3FB0028F6
:1062C0000CD1304628300168029803F0DBFB411EF8
:1062D0008841069B591C874203D115E0069B591C37
:1062E00002200A78824204D19A78FF2A0AD0521CEE
:1062F00001E0587001229A702223F35C9A42069BB7
:1063000000D267E718700746087061E703030000D2
:10631000F0B58DB00C9308920E4604468068216853
:1063200002F0DAFA0746E0680B94616802F0D4FAEA
:10633000054638460A97394603F0C0F80446284611
:106340000995294603F0BAF80146204602F0C9FA39
:1063500002F062FE0446744903F08AFB4142414167
:10636000002800D0BEE006913068014603F0A6F890
:10637000054607967068014603F0A0F801462846D6
:1063800002F0AAFA06462046214603F097F8314665
:1063900002F0A7FA06462046214602F0A2FA01467C
:1063A000304603F09BF90646014603F087F80146A4
:1063B000284602F091FA05460027394603F058FBBB
:1063C0000028059700D12F46384602F025FE04909C
:1063D0000B9F3D680A98314603F070F8214603F0A0
:1063E0007DF90146284602F07CFA02907D68099FFB
:1063F0003846314603F062F8214603F06FF9014652
:10640000284602F06EFA03903846049F394603F09E
:1064100055F8214603F062F90546029E30462946AA
:1064200002F05AFA09900A98394603F047F82146D3
:1064300003F054F90746039C214602F052FA0A90F1
:106440002846314602F04DFA049020460A9C39460F
:1064500002F042FA07462046059E314603F01CFB37
:106460000546401E85413846314603F015FB414242
:10647000414169403AD0089D002D4ED02E680998C0
:10648000314602F029FA014603F018F805906D68CC
:106490002046294602F020FA014603F00FF8014693
:1064A000059802F01EFA08900498314602F014FA9A
:1064B000014603F003F806463846294602F00CFA76
:1064C000014602F0FBFF0146304602F00AFA01469F
:1064D000089803F0D7FA00280AD00C9D0998686044
:1064E000AC6009E000200C9A107013E0002DF4D18C
:1064F0000C9D04986860AF600799281D00900222E7
:1065000003230B9802F074FE012129700749E8600B
:106510002961069908460DB0F0BD2046394603F0C2
:10652000BBFA0028D9D1E3E76F12833A02030000D7
:10653000F0B593B0164602460020002A00D1F9E0DB
:10654000002B00D1F6E0189C002C00D1F2E0FF25D2
:10655000ED050F462F40AF4200D1EBE037462F400C
:10656000AF4200D1E6E00125002018602060D76826
:106570001097BF0741D00E95957A1295022D00D243
:10658000D8E00C97D77A1197022F00D2D2E0079665
:106590000593694810180B901F2000010A921018EB
:1065A000069000880D4603F0B5FE0F95294603F0CE
:1065B00073FA0021002809910F460D9108913BD1F3
:1065C0001298471E7800069D285A03F0A3FE0F99E3
:1065D00003F058FA002813D1AE1C0127308803F0CD
:1065E00099FE05460F9903F057FA00280BD17F1C3E
:1065F000B61C1298B842F1D11EE0284613B0F0BD87
:1066000009970D9817E0781E0990C0B240000699CE
:10661000085A03F07FFE06460F98314602F05CF9F7
:106620000F9707462846314602F056F9014638468C
:106630000F9F03F053F808900F974049079802F016
:106640003DFF05460D9F0B98C05F03F02FFD0146EF
:106650001295284603F016FA00283D4639D11198C4
:10666000451E68000B9E305E03F020FD0146129827
:1066700003F012FA002812D1B61C01250020305E6A
:1066800003F014FD07461298394603F0FBF9002881
:1066900008D16D1CB61C1198A842EFD119E0002753
:1066A0000D9516E0681E0D90C0B240000B99085E73
:1066B00003F0FCFC06461298314602F00DF91290E8
:1066C0003846314602F008F90146129803F006F800
:1066D00007461098C007099E13D0852081000A98AC
:1066E0004018E9B20D9AD2B2009201910899029134
:1066F0000397F2B20F99CBB2119902F0C5FD05993B
:1067000008600C9800280A9813D50D494018E9B282
:106710000D9AD2B200920191089902910397F2B2B8
:106720000F99CBB2119902F0AFFD044902F0D6FFE8
:1067300020600E9813B0F0BD060200000000C842B1
:10674000AE02000070B5FFB0FFB0F2B0012403F05C
:1067500043FD01F077FF03A80194214603F0FEFEFC
:106760000CE003F053FF024603AC2046294601F03B
:1067700007FA204603F09AFF03F062FE03F06AFF77
:106780000546002002A903F033FC0646002829D064
:1067900002AF3A7803A8002421462B4603F054FDAB
:1067A0002046394603F024FC00281BD002AC227896
:1067B00003A8002739462B4603F046FD38462146FC
:1067C00003F016FC00280DD002AC227803A80027A5
:1067D00039462B4603F038FD3846214603F008FCC5
:1067E0000028D5D1012002A903F002FC00282AD0FC
:1067F00002AC227803A8012631462B4603F024FD83
:106800003046214603F0F4FB00281BD002AC22786E
:1068100003A8012631462B4603F016FD30462146DB
:1068200003F0E6FB00280DD002AC227803A8012675
:1068300031462B4603F008FD3046214603F0D8FBD5
:106840000028D5D1019E022002A903F0D1FB002827
:106850002AD002AC227803A8022631462B4603F048
:10686000F3FC3046214603F0C3FB00281BD002ACEA
:10687000227803A8022631462B4603F0E5FC304679
:10688000214603F0B5FB00280DD002AC227803A806
:10689000022631462B4603F0D7FC3046214603F052
:1068A000A7FB0028D5D1019E032002A903F0A0FB7D
:1068B00000282CD002AC227803A8032631462B46B0
:1068C00003F0C2FC3046214603F092FB002800D1C1
:1068D00047E702AC227803A8032631462B4603F093
:1068E000B3FC3046214603F083FB002800D138E793
:1068F00002AC227803A8032631462B4603F0A4FC01
:106900003046214603F074FB0028D3D129E703F079
:106910007DFE024603AC2046294601F031F92046AF
:1069200003F0C4FE03F08CFD002E00D026E703F038
:10693000FDFE23E7F0B587B00025002800D1E3E095
:106940001446002A00D1DFE00F460646002508461F
:10695000294603F08DF8002800D0D5E0FF20C105BE
:1069600038460840884200D1CEE03078032829D04C
:1069700002280FD0012800D0C6E070680690B068E9
:106980000E46394602F09AFD069901F0AAFF3146FB
:106990000646A3E070680590B0680691394602F09B
:1069A0008DFD059901F09DFF0590F068394602F0D4
:1069B00085FD394602F082FD059901F092FF0699A6
:1069C00006468BE0727810460D38C0B2F52800D22A
:1069D0009AE0059206913069394603F05DF8002887
:1069E00044D10598401E8000301804900069394653
:1069F00003F048F800283BD102940599881EC0B2E4
:106A0000801C00904842039034461C340220401AF7
:106A10000190032005900494083C2068394603F057
:106A200027F8002829D00598019908180328029C06
:106A300021D00498001F0068394603F019F8002897
:106A40001ED003980599401815D0049C206839463B
:106A500003F00EF8002816D00599C91C039805917B
:106A600040180C340228D6D100980DE0366C34E082
:106A70000498066C31E0009807E00598801E03E05A
:106A80000598401E01E00598029C314610310291A4
:106A900080000590001F0490095838460F4601F009
:106AA0001BFF0390059802990858394601F014FF1E
:106AB0000146039802F012FE0390403604983758BE
:106AC00005983058394601F007FF0146039802F057
:106AD000F5FC394601F005FF0646069930460840A8
:106AE000884211D000253046294602F0C1FF002817
:106AF00008D1074F3046394602F0D8FF0028354606
:106B000000D03D4625600125284607B0F0BDC046AF
:106B100000C05A45F0B589B004460120C607274693
:106B2000B7435C4887420AD8204603F071FBF90D51
:106B3000722912D8002810D17F20C005A5E0564840
:106B400087420FD8644887421AD303F0E7FD024614
:106B50000B46002C25DC634924E003F0DFFD02F046
:106B6000ABFA92E04D48874213D85548874220D36C
:106B700003F0D4FD02460B46002C58DC544957E084
:106B800003F0CCFD05460E46012C49DB5148534924
:106B900075E0FD0DFF2D15D32046214601F09CFE2A
:106BA00073E04F494B4800F0BCFD02F085FA70409D
:106BB0006BE003F0B3FD05460E46012C5DDB414A58
:106BC000414B2FE03648874236D803F0A7FD0390AB
:106BD0000D46344A344B01F001FB0024334B22466E
:106BE00000F09FFD324B224600F09BFD07460C460D
:106BF00003F00CF90290052002072E4B384621467F
:106C000001F0ECFA03F03CFD03900D462A4A2B4BB1
:106C10003846214601F0E2FA03F032FD029B23E000
:106C20002C4A2E4B2846314600F07BFD2BE02749AD
:106C3000284800F076FD92E7963DE805381A03F003
:106C4000B7F9079106900020009006A804A9012733
:106C50002A463B46FCF7F6FB034605990498002CB0
:106C600002D5FA0751405B4203221A40022A9CD007
:106C7000012A0CD0002A06D171E7124812492A468F
:106C8000334600F049FD02F073F809B0F0BD7140E1
:106C9000F9E7C046DA0F493FD1537B40D531E24096
:106CA000DA0FC94D83C8C96D305FE43F0000384337
:106CB000000038C3FB21F9BF63621A61B41051BEF2
:106CC000E0EDAF40D221337F7CD912C0FB2119C047
:106CD000FB211940182D4454E4CB1640FB21F93F09
:106CE000FB2109C0FB210940FEB5074606460121EC
:106CF000C8073D468543EC0D992C07D3694885426A
:106D000017D33046314601F0ECFD8DE057488542FF
:106D100013D85C49304601F0E4FD7F21C90502F03B
:106D2000C5FE0021C9430028029148D0732C7CD3B2
:106D300045E0002F18DC5D4E77E04D48854215D8C0
:106D40004F48854227D82846294601F0CAFD4A49BE
:106D500001F0C7FD04460120810703F0D5FC03F0D4
:106D6000ADFC0646002029E04F4E5EE041488542DA
:106D70001ED8424903F0C8FC0446FF20810528467E
:106D800002F09CFB7F21C90501F0ABFD03F096FCEE
:106D90000646022012E00291374903F0B5FC044692
:106DA0007F20C10503F0B0FC03F088FC064606E036
:106DB0003148294602F092FC0646032002900197D2
:106DC0003046314602F07AFB0446014602F076FB7B
:106DD00007462D4902F072FB2C4901F082FD014665
:106DE000384602F06BFB2A4901F07BFD0146204644
:106DF00002F064FB04462749384602F05FFB26494F
:106E000001F06FFD0146384602F058FB17498D42EC
:106E10000DD8214601F065FD0146304602F04EFBDB
:106E20000146304601F058FD06463046FEBD029947
:106E30008F001A49CD59214601F053FD01461848EB
:106E4000C459304602F03AFB214601F045FD314677
:106E500001F042FD0146284601F03EFD064601983C
:106E60000028E2D50120C0074640DEE7FFFFDF3EF5
:106E7000FFFF973FFFFF1B40000080BF0000C0BF27
:106E8000FFFF2F3FCAF2497125AC7C3D0DF5113E45
:106E9000A9AAAA3E4712DABD98CA4CBE58B2000051
:106EA00068B200000100807FDB0FC93FDB0FC9BF64
:106EB000F0B589B004460120C6072746B7435848B5
:106EC00087420AD8204603F0A3F9F90D722901D8A8
:106ED000002878D003F024FC72E05248874209D899
:106EE0006148874214D803F01BFC5B4A012C5BDB32
:106EF000534B8DE04C4887420ED85448874213D8F4
:106F000003F00EFC554A012C00DA80E0554B4CE0B2
:106F1000002C11DC564D10E0FD0DFF2D16D3204640
:106F2000214601F0D9FC4DE003F0FAFB02460B4686
:106F3000002C41DC474940E04C4D03F0F1FB024698
:106F40000B464548294600F0E7FB39E037488742C1
:106F50003CD803F0E5FB03900D46354A354B01F074
:106F60003DF90024344B224600F0DBFB334B224634
:106F700000F0D7FB07460C4602F048FF02900520C0
:106F800002072F4B3846214601F028F903F07DFB1C
:106F900003900D462B4A2C4B3846214601F01EF932
:106FA00003F073FB029B29E0324B00F0BAFB02F0C6
:106FB000D1F80446744006E02549274800F0B1FBAB
:106FC00001F02CFF0446204609B0F0BD963DE805CF
:106FD000381A02F0EDFF079106900020009006A8F5
:106FE00004A901272A463B46FCF72CFA03460599DB
:106FF0000498002C02D5FA0751405B4203221A4044
:10700000022A0AD0012A05D0002AD0D1D8E7144B91
:1070100000F087FB02F09EF8D4E77140D0E7C0464D
:10702000DA0F493FD1537B40D531E240DA0FC94DE9
:1070300083C8C96D305FE43F00003843000038C3A7
:10704000FB21F9BF63621A61B41051BEDFEDAF409E
:10705000FB2119C0FB211940182D4454D221337F44
:107060007CD912407CD912C0E3CB1640FB210940E9
:10707000FB2109C0FB21F93FF0B587B0074601208D
:10708000002F2ED07A6A002A2BD0BE7A002E02D092
:10709000BA6A002A25D03868644A904223D1B88859
:1070A000FF210A460232904220D1FB8818466138FF
:1070B00082B204205E4CA24213D301253C7A2246C0
:1070C000093AD2B2D208069200220592069A1F2AE5
:1070D000069500D3059DA342069C00D3059C25433D
:1070E00007D007B0F0BD022007B0F0BD032007B005
:1070F000F0BD7A7A1446093C934201D3002300E0A4
:1071000001230722D243944200D30693102EE8D8DD
:10711000069A002AE5D10C467B697F22D1050697A5
:10712000054605931846049102F0A2FC0146069A12
:10713000002805D02846022ED3D3916A0029D0D04A
:10714000E505D768384628400523A84212D01069C3
:1071500001462940A9420DD005992940A94209D0EC
:10716000946921462940A94204D0D169039129405C
:10717000A94202D1184607B0F0BD0193116A0291ED
:10718000002102F07FFC00284CD10021384602F09B
:1071900079FC002846D102982840A84242D02746D0
:1071A0000021039802F06EFC00283BD10021059CD1
:1071B000204602F05DFC002834D12046049902F0FC
:1071C00075FC00282ED10021384602F051FC002821
:1071D00028D1002102980C4602F054FC002821D14D
:1071E000022E15D30698806A711E828803889A42FF
:1071F00018D901290CD0028983889A4212D9022910
:1072000006D0828903899A420CD90C30C91EECD170
:107210000698C56AF8F754FF854200D00624204638
:1072200007B0F0BD019807B0F0BDC04645504D31E4
:10723000A0FF0000F0B584B00F460190CAB20291E1
:107240000068504001220392014611404D4241081E
:107250005E4B1D404D406A088107C91719405140D7
:107260008A0900924207D617594A16400207D417D6
:10727000584A1440C206D317574A13408006C21713
:1072800056480240A806C517554805408806C1174C
:107290004E480140380AC0B27040604058405040EB
:1072A000009A5040694041400246039B1A405442B4
:1072B0004A08464D2C40544062088307DB172B4098
:1072C00053409A0900924207D517414A15400007DA
:1072D000C71740480740C806C6173F4806408806FB
:1072E000C2173E480240A006C4173D480440980615
:1072F000C017364908400299090CC9B26940794063
:1073000071405140009A5140604048400A46039BFA
:107310001A40544242082D4D2C40544062088B07BD
:10732000DB172B4053409A0900924A07D517284A89
:1073300015400907CF1727490F40C106CE17264928
:107340000E408006C21725480240A006C4172448F4
:1073500004409806C0171D4908400299090E69406B
:10736000794071405140009A514060404840039A32
:107370000A4053424208154D2B4053405A088C078F
:10738000E4172C405440A7094D07ED17104E354027
:107390000907C9170F4E3140C606F6170E4A1640A8
:1073A0008006C0170D4A10409B06DB170C4A13409D
:1073B000A406E417054A14406940714041407940F1
:1073C000594061400198016004B0F0BD2083B8EDE0
:1073D00019C46D073288DB0E6410B71DC8206E3BE0
:1073E0009041DC76F0B5A5B0002800D1B9E0012BC2
:1073F00000DAB6E004462A98012800DAB1E0012656
:1074000080B29BB25F18851800230497012F304685
:1074100000DB1846012D039600DB1E46304300D0EA
:107420009FE0238B994200DB9BE0608B824200DB74
:1074300097E0CF17D6170296049E9E4200D304937E
:10744000B943029B9A43854200D305460498401EE7
:107450006B1E1BB2009303B220460E46174600F087
:1074600051FD00287DD02B99E81B02900A0A0123C8
:10747000DB4305ADEF18BA70F9703A717971BA71E2
:10748000F9713A727972BA72F9723A737973BA739E
:10749000F9733A747974BA74F9743A757975BA757E
:1074A000F9753A767976BA76F9763A777977BA775E
:1074B000F97720257A552125795522257A552325D6
:1074C000795524257A552525795526257A55272558
:1074D000795528257A55292579552A257A552B2538
:1074E00079552C257A552D2579552E257A552F2518
:1074F000795530257A553125795532257A553325F8
:10750000795534257A553525795536257A553725D7
:10751000795538257A55392579553A257A553B25B7
:1075200079553C257A553D2579553E257A553F2597
:10753000795540257A554120395440337E2B98D3D4
:107540000498861B0298464305CC0021083C9047CE
:10755000A268206803999047002E0BD105CC0399AF
:10756000904725B0F0BD236920687A0005A99847A7
:10757000F61BF3D0402E3746F5D32F46F3E7F0B590
:1075800085B001460020002929D00E4620363578E6
:107590006A1F0223DB439A4221D3B278002A1ED00D
:1075A00004914C6A002120460F4602F061FA00283F
:1075B00078D1FF20C3051C409C4238460FD0049967
:1075C0000C6B22461A409A4209D04A6B03921A4029
:1075D0009A4204D08A6A02921A409A4201D105B0B6
:1075E000F0BD0193C86A0090029902F041FA0028A8
:1075F00058D10298039902F03BFA002852D103981F
:10760000214602F035FA00284CD100212046039192
:1076100002F02EFA002845D10198009901408142DC
:1076200004993846DBD08C6B2046039F394602F024
:1076300029FA002836D1019804408442384604993A
:10764000CDD0CC6B002120460F4602F01BFA00285B
:1076500028D101980440844204993846BFD00C6C6C
:10766000002120460F4602F00DFA00281AD1019899
:107670000440844216D0049B586C00283846AED093
:107680007278D00711D1002190071BD59C68019E0C
:1076900034400020B442A2D0DC683440B4429ED0D2
:1076A000491C0FE0384605B0F0BD1968019C214027
:1076B0000020A14293D059682140A1428FD00121DE
:1076C0009007E3D4500706D4100713D4491B48424F
:1076D000484105B0F0BD1C69019E34400020B44211
:1076E00000D17CE75B693340B34200D177E7491CA6
:1076F0001007EBD504988269019B1A4000209A423A
:1077000000D16CE7049AD269019B1A409A4200D1D9
:1077100065E7491CDAE7FEE7FCB40124E4076340AF
:1077200002E0FCB40124E40708B41D03ED08D60D03
:10773000354356025F007F0D06D12C00344300D044
:10774000AEE001B0FCBC7047A40825430724240226
:10775000FF34A74205D10020190D090501B0FCBC7A
:107760007047002B03D50024A61BAC4125000B035A
:10777000DB08C20D134342024800400D07D11C0034
:10778000144300D08CE00EBC1000F0BC7047012404
:107790006407234307242402FF34A04205D10020BC
:1077A000090D090501B0FCBC7047002903D5002470
:1077B000A21A9C412300C11B08D51C002B002500E8
:1077C0001400320026000024611A3800362925D51D
:1077D00002B4393949420C00203C03D22F008F40BB
:1077E000374301E03700A740002F01D040210E436E
:1077F00002BC20290BD500290ED04C42203420B4E5
:10780000A5402C0020BC0D41CE40361904E00029D3
:107810002E000D4120390E4192196B411C0014437A
:107820003ED00024002B04D5012400218A1A99415E
:107830000B00401E52005B41FBD50121890215005F
:107840000D400CD0521800277B4101D3401C0BE0A7
:107850000721C90115000D4001D189008A43072184
:1078600009028A4352005B41801C19DD072109028D
:10787000FF31884209D30EBC0020C90F0902FF3135
:10788000C900C91D0905F0BC7047190B000501436B
:10789000E40721431805120B104301B0FCBC7047EC
:1078A0000021002001B0FCBC7047F0B583B00F256B
:1078B0000D400178012904D145708570C57003B071
:1078C000F0BDC4788178012326461E407742774177
:1078D0006F40FE070192029100931BD01A462B467F
:1078E00013405E1E1F46B741012631404A424A41BD
:1078F0007A4012D14168019A511A1E290DD3002BEA
:1079000000D182E002993143029181704178714047
:10791000417002E05C40C470426002262F4637404E
:10792000790822463240534253414B4017D0791ECA
:107930003A468A41029931404B424B41534012D161
:107940008168019A511A1E290DD3002F63D0029924
:1079500031430291817041787140417003E074407D
:10796000C4700199816004262F463740B908224629
:107970003240534253414B400AD0791E3A468A4125
:10798000029931404B424B4153401AD0019B03E0D6
:107990007440C470019BC360072D01D80021009181
:1079A0000826214631404A424A4100994A4003D0C4
:1079B000072D15D8002414E07440C470036103B08F
:1079C000F0BDC168019B591A1E29E5D3002F28D0AC
:1079D0000299314302918170417871404170DBE737
:1079E0000124029931404A424A4162400BD1016967
:1079F000591A1E2907D3072D19D9029931438170CD
:107A000041787140417003B0F0BDFE21029A0A40F6
:107A10000292827081E7FD21029A0A4002928270EE
:107A2000A1E7FB21029A0A4002928270B4E7F72193
:107A3000029A0A40827003B0F0BD7047F0B585B07D
:107A40000E4602460B464748474C49004D0D281844
:107A50000746143721461431A94214D9A54220D231
:107A60001046424A1946424B05460C46FFF759FE5E
:107A700000273A463B4601F0E7FF002843D0002E9E
:107A80004AD43B4650E0214633318D4221D9601C17
:107A9000874263D110461946FFF743FE02460B4664
:107AA0005CE03448F8403040104357D010462F4A2D
:107AB00019462F4B04460D46FFF733FE0022049271
:107AC000134601F0C1FF002820D0002E2ED42846F6
:107AD00030E00021C943C14011423FD0029110461D
:107AE000224A1946224B03900491FFF71AFE002206
:107AF0000192134601F0A8FF00280AD0002E1ED4E0
:107B0000049B039A28E023462A4627E02B46224678
:107B100024E0049B039A21E00120C00786432A4603
:107B20002E4323461AD0154B3A4617E01148401C05
:107B3000F8403018104B3B410340049A0EE0142FDC
:107B4000049B039A01D1731C06E0601B34300121B1
:107B500081408A1801984341029882431046194691
:107B600005B0F0BDEDFBFFFFFF0300009C75008832
:107B70003CE4377EFFFF0F000000F0FF0000F0BF85
:107B8000F0B58BB00B460546AB20C7002C465C34E5
:107B90009D20C0002E183046114607931A46FFF765
:107BA00084FE304602F07EFD0690686DFDF758FEBB
:107BB0005C216854A96D002905D00846FFF75CFADE
:107BC0000146207800E000212246EE19384BEC18DF
:107BD000384BEF1805925170084333D12846FFF710
:107BE000CEFC00282ED03D20C00028183946083190
:107BF00004912946079A049BF9F70CF92F48281895
:107C0000039000950798019008A83946049A069BAE
:107C1000FEF764FA0898294968500A98039908728F
:107C200009984860387A002817D0B97A01200029CD
:107C300014D1796BFF22D2050B46134093420DD02D
:107C4000B1650BE01C482818502102F0FDFC04200F
:107C50003870207001206071E071002016496918A9
:107C60000022F260069A3270B070B87B7070F87BB8
:107C7000F070079870605020385C30722078707215
:107C80006078B072059A1078F07250783073AD2039
:107C9000C0002818482202F001FD707C002801D0A5
:107CA0000BB0F0BDB06DF0630120B0740BB0F0BD4F
:107CB0004D050000FC040000040500004C05000018
:107CC000F0B585B002910546474B01902878191808
:107CD00049786D1CC906F9D4242A00DD002201244C
:107CE0002B2802D02D2802D10024287800E06D1E18
:107CF000102A12D01146002A0DD10A2230280AD1AA
:107D0000687820210143782917D1A8781918497873
:107D1000890718D4302013461AE01026302816D1CF
:107D20006878302120220243782A04D1A8781A18D2
:107D3000527892070AD4084609E0302801D338283F
:107D40004FD330204EE0AD1C102301E0AD1C334674
:107D500000940A2B039301D30A21039100273C4688
:107D600001463039039A91420ED31F4909184A78C7
:107D7000510603D501463739994205D3910623D5DB
:107D80005738984201461FD21846784304970F1877
:107D900038461E46194602F0EBF80499814205D197
:107DA000611C281940780C463346D9E70020C743A8
:107DB00002F070FC222101600298002801D0019994
:107DC0000160384605B0F0BD0298002804D0002CB0
:107DD000019900D02919016000980028F1D17F4253
:107DE000EFE76D1C0823B3E740B0000070B5FF2239
:107DF000D5053B4A0B461340AB4202D80240AA428B
:107E000002D900F06EFD70BD7F24E405A14202D1CD
:107E1000FEF76AFF70BDC60FCC0F6400A419002ADC
:107E20000BD0AB420ED0002B01D0AA4226D10121AB
:107E3000C90708403149401870BD022CE3D3032C18
:107E400018D119E0AA420AD12848C0467C442479B6
:107E50006400A74401022224D5E7274870BD002012
:107E60007C4424796400A74401020507CBE7012084
:107E7000C00770BD1C4870BD1A4870BDD21AD2151B
:107E80001A2A02DD1D48344612E0002909D51923BB
:107E9000DB439A4205DA00200AE0164870BD144818
:107EA00070BD01F01BFC0121C9078843FEF71CFFD0
:107EB000002CA8D0022C05D0012C0BD10121C90720
:107EC000484070BD0E4900F00CFD0146064800F028
:107ED00003FD70BD0A4900F004FD024991E7C04668
:107EE000FFFFFF7FDB0F49C0DB0F4940DB0F493F3E
:107EF000E4CB16C0E4CB1640DB0F49BFDB0FC93F14
:107F00002EBDBB33F0B589B00E9D0024954273DBC6
:107F10008B4271DB00286FD016460E436CD41826B6
:107F2000865F9E4268DD1A26865FAE4264DD0124CC
:107F300000940E0A05AF3E707970190AB970FB7093
:107F4000110A04AB039319705A70290A9970DD70F5
:107F500006AE2A213170036842680024054618469F
:107F6000214601949047AA682868214690472B69CA
:107F700028683146009C22469847AA68286821460E
:107F800090472B692868042202923946984705CD0C
:107F90002146083D904707AE2B20307005CD019F4C
:107FA0003946083D9047AA682868394690472B69AA
:107FB0002868314622469847AA6828682146904793
:107FC0002B6928680399029A984705CD2146083DF8
:107FD000904708AE2C20307005CD3946083D9047BB
:107FE000AA682868394690472B6928683146224696
:107FF000984705CD21469047204609B0F0BD70470F
:10800000F0B583B004461846002C04D0FF25ED05DA
:108010002B40AB4201D103B0F0BD2378002B2AD016
:1080200063888B4227D12379934224D10294A46898
:108030000190214600F050FC06460127FD07A843A9
:108040002A4901F01FFD00281FD102994E79002E08
:108050000BD0C9680198009100F03EFCA843244968
:1080600001F024FD029900281FD00198C8604F71CB
:10807000204603B0F0BD01232370618022710021EE
:108080006171A060E06003B0F0BD7D20C1053046A5
:1080900001F014FA214600F024FC0021029A5171EB
:1080A00090600199D16003B0F0BD304602F032F922
:1080B0000146009801F002FA019900F012FC054611
:1080C000761C304602F026F90146284601F006FBF0
:1080D0000146029AD060F0B25671032820469AD326
:1080E000916000205071084603B0F0BD0000344399
:1080F0000000F042F0B584B001910390CAB2036869
:10810000534001200290194601404E4259082D4823
:1081100006404E4072089907C9170140514088092E
:1081200000905A07D717284807401A07D51727483D
:108130000540DA06D417264804409806C317254898
:108140000340B006C217244802408806C0171D4EDF
:1081500030400199090A7940694061405940009BCB
:10816000594050404840029A0A4053424208334026
:1081700053405A088C07E41734405440A6094D0771
:10818000ED17114F3D400907C917104F3940C70679
:10819000FF170F4A17408006C0170E4A10409B0673
:1081A000DB170D4A1340A406E417064A1440694041
:1081B000794041407140594061400398016004B0EA
:1081C000F0BDC0462083B8ED19C46D073288DB0EC0
:1081D0006410B71DC8206E3B9041DC76FCB50C00E6
:1081E0005C40E40FE40710B4DD02540D2543D602D1
:1081F0005F007F0D60D00124E4072543072424029B
:10820000FF34A74250D0CB02440D2343C2024800A2
:10821000400D51D00124E407234307242402FF34F6
:10822000A04241D0C01901B41800290001F0B6FFE6
:108230000F0001B41800310001F0B0FF03000C0082
:108240001000310001F0AAFF06001000290001F023
:10825000A5FF05007618002202BC01BC5541514122
:10826000A419554151418024A4005B195141FF18C4
:10827000514100D564003F19514102D47F0049416A
:1082800000E0401C03242402FF34001B14DD2419E9
:10829000A04209D80305F80A4C0520434900090B00
:1082A000194310BC2143FCBD0020FF21C900C91D9A
:1082B000090510BC2143FCBD0021002001B0FCBD1C
:1082C000F0B583B0421E364C501C5378E2185278F9
:1082D000D2060246F8D43A3B00250922D243934203
:1082E0005BD3019102A90A273A46FFF7E9FC06464B
:1082F00002990A78A0184078491CC006F9D4481E93
:1083000002901346613B1A2B00D2203A432A0DD02B
:108310004D2A16D108780246613A1A2A00D220382E
:108320004D2810D1481C0290012712E00A7813460C
:10833000613B1A2B00D2203A4D2A09D1481C0290E9
:1083400007E0012705E002917D20C700084600E014
:108350000127017862185278D2060AD5417862184E
:108360005278D20605D5817862185278C01CD206A0
:10837000EFD4481E81417042704108430DD1002561
:108380003846294632462B4602F014F8481E8141F1
:1083900003D101257E4301980660284603B0F0BD55
:1083A00040B00000F0B583B00A46C9B24140480869
:1083B000012402940B4623405F422C4C2740474047
:1083C0007B088807C01720405840830901934B075A
:1083D000DC17274B1C4000940B07DE17254B1E4073
:1083E000CB06DD17244B1D408906CC1723490C40D2
:1083F000B906CB1722490B408006C1171B4F3940E5
:10840000120A0098424072406A406240019842401D
:10841000594051404808029B13405C423C40444054
:1084200060089307DD173D404540AF095007C61768
:108430000F4806401007C0170E4A1040CA06D21750
:108440000D4B1A408906C9170C4B1940A406E417B6
:108450000B4B1C40AD06ED17044B1D4070405040C7
:10846000484078406040684003B0F0BD2083B8EDDC
:1084700019C46D073288DB0E6410B71DC8206E3B2F
:108480009041DC76F0B581B0354E002A11D015460A
:108490000C46501E032101F06BFD4A1C0021032AEB
:1084A000084600D010460092032D0DD2009A032AF0
:1084B00034D13068C00605D53068C00602D53068B2
:1084C000C006F6D401B0F0BD2B1A651CA71C002114
:1084D00004E07A5C3263C91C9942E7D032689207A3
:1084E00005D43268920702D432689207F6D5625CEE
:1084F00032633268920705D43268920702D4326838
:108500009207F6D56A5C326332689207E1D432682A
:108510009207DED432689207F6D5DAE7621C0023B0
:1085200005E0555C3563891C9B1C8342C1D03568CE
:10853000AD0705D43568AD0702D43568AD07F6D56B
:10854000655C356301251D438542B2D03568AD07B2
:10855000E7D43568AD07E4D43568AD07F6D5E0E774
:1085600010B1464070B50C46002820D0417C00294F
:1085700002D1817C00291AD0C56B3049284601F010
:1085800095FA002813D12846294601F0A9FF0028B2
:108590000DD12B49284601F06BFA002807D10021A4
:1085A000284601F079FA002806D03F2005E02D206A
:1085B00020706070A01C3EE0BF200106284600F03D
:1085C00090F901F025FE002801D42B2100E02D2197
:1085D0002170C1174840451A642D0BD364262846E4
:1085E000314601F0C5FC464330306070AD1B0320BE
:1085F000022103E001210A2D08D30220EAB2CD2393
:108600005343DA0A30231343635400E00846E9B2C7
:10861000CD224A43D10A0A224A43A91A30220A43E8
:108620002118225420204870642088706520C8706A
:1086300067200871481D0021017070BD000034439F
:10864000000034C3B0B586B0234800240470234929
:108650000C7044704C7084708C7021480460214D03
:108660002C70214801F0FCFF20482149016021487D
:108670002149416021490A68FF231B069A430323CD
:108680009B07D2180A608460072101600120410322
:108690001B4A11600823136080031060194A11609F
:1086A0001360106000941848019018480290184810
:1086B00003901848049018480590184C69462046C5
:1086C000FBF7E2F92870002800D10446144821463F
:1086D00001F0ACFF06B0B0BD0C0220200F0220203C
:1086E000080220201202202000022020A0120A40AE
:1086F00001C0010010E000E07F38010020ED00E043
:1087000080E200E000E100E021A5000035A50000C6
:1087100049A50000858400002D990000D801202083
:10872000F4012020F0B584B03049314A0125AC0372
:1087300016682B0203939E4316600E68264205D1ED
:108740000E68264202D10E682642F6D06C02467EA2
:108750009769AF432E40BD1995612025455DD669C7
:108760000327BE433D407519D561224D2E6807276A
:10877000374005262E60466A336813627368536279
:108780002F60C3695B065B0CD5697F263602B54353
:10879000EB18D361E8C8009707680197476802970C
:1087A0001B071B0B2D03ADB2ED1833071B0D007A11
:1087B000009E35431D43019B1D43029B1D43054302
:1087C00090690D4B03400D482840C0189061106817
:1087D000039B184310600868204205D108682042B6
:1087E00002D108682042F6D004B0F0BD04020B406C
:1087F00008010B40001340408D00F0FF72FF0F0096
:10880000F8B515462A4E0A0D771C3A40294B9A4274
:1088100013D00C46002A18D10122D20794430443F6
:1088200044D00022244BFFF7D9FC0C4623498D424B
:1088300008DC234A234B214636E002460B46FEF76E
:1088400070FFF8BD220D3A40363A5119B1420ADDA7
:1088500001F020FF222101600120C00704401D48D3
:1088600021180020F8BD012904DB174A144009052E
:108870002143F8BD3522D24391420CDC01F00AFFBE
:108880002221016012488542E6DA0120C007044037
:1088900000202146F8BD0C4A144009051B22520550
:1088A000891821430022094BFFF798FCF8BDC04608
:1088B000FE070000FF07000000005043AF3CFFFF31
:1088C00059F3F8C21F6EA501FFFF0F800000903C16
:1088D00051C300000000F07FFCB40127FF0779407E
:1088E00002E0FCB40127FF070C024D002D0E03D15E
:1088F000002C52D1FCBC70473C43FF2D50D0A40843
:10890000002900D56442020243001B0E04D1002A54
:1089100043D10800FCBC70473A43FF2B41D092087A
:10892000002800D552425E1B04D5170022003C00EF
:1089300076422B00192E06D527003741D2191C2765
:10894000F71B7F42BC40002A27D002D552420127A4
:1089500000E00027013B5200FCD515008026354081
:108960000FD01500202635402C43803208D2150048
:10897000402635402C4304D101263602B24300E0A4
:108980005B1C5200023308DDFF2B0BD2500ADB05C3
:108990001843FF073843FCBC70470020FCBC7047FD
:1089A0000800C70FFF07FF20C0053843FCBC704715
:1089B000F0B583B01D461746029104462B204101B5
:1089C00026465C3620465430009101F03DFE2B498E
:1089D0005422204601F062FE6765A5653846FCF723
:1089E0003FFF5C216054002D019505D02846FEF71D
:1089F00043FB0146307800E00021009AA518717011
:108A0000002813D1204620303989018038697969DE
:108A100003C4B869F96961602060386A796AE16005
:108A2000A060B86AF96A61612061083C20465E3046
:108A300001F0F4FD2046C03001F0F0FD912040002F
:108A4000201801F0EBFD61208000201801F0E6FD08
:108A50003D20C00020183946019A01F0CFFC9D202E
:108A6000C0002018029901F0C1FD0548201801F04E
:108A700021FE00202880286503B0F0BD44B100002D
:108A8000FC040000F0B595B007930692002A27D0A9
:108A900004461B9802901A980590002503910F46F2
:108AA0000494294605E06D1C08343F1D0698A84231
:108AB00018D0079BEB40DB07F5D0012910D8CB007D
:108AC00011AEF018089005CCF05008984260386854
:108AD0008A000FAB98500EA84554491C083CE2E7A9
:108AE00000252EE0002502292BD1049F069C11A809
:108AF0000FA909AB059AFDF70BFC002821D009A8A6
:108B0000029E31460CC80CC12CC82CC10220307406
:108B10000EA8017801252A468A40407829468140DE
:108B2000114371740020C0432246A0400843C04353
:108B3000B074301D0090CBB23846039900F058FB5A
:108B4000F060284615B0F0BDF0B50146837A007B91
:108B500080070ED01A460C3A00200924E443A242B2
:108B600006D3CA7A1446083C0525ED43AC4204D22C
:108B7000F0BD002B41D00020F0BD1F2424010919B5
:108B80000D885B1E8C1C2788AF42F1D9012B0BD0BE
:108B90006688BE42ECD9022B06D0A588B542E7D93B
:108BA000DB1EA41D002BEED1022A2AD3CB8A921EF3
:108BB000183100200C5E1BB29C4200DD01209C425B
:108BC000D6DD002AD4D002200D5EA54201DC0020B3
:108BD00000E00120A542CBDD012AC9D004200B5EB4
:108BE000AB4201DC002000E00120AB42C0DDD41E1E
:108BF000891D022A2246DCD1BAE7C97A4842484197
:108C0000F0BD0120F0BD0000F0B581B0274E284F27
:108C1000012465022748002101603A1F10680F21D6
:108C200009028843401900921060384608380168EC
:108C30000322D3430B4003603868A0433860386890
:108C40003040386010030A21224600F0A3FE1A4883
:108C5000FFF768FDFCF7A8FF00280FD0009A106806
:108C6000102101432020814311601068210301433A
:108C70001160002001F05AF901B0F0BD0F4E03E081
:108C8000FCF792FF0028E9D13868084908403860AD
:108C9000386821020143396030682842F0D13068D9
:108CA0002842EDD130682842F6D0E9E7FFFEFFFF09
:108CB00008010B4008030B4030B2000004020B40D7
:108CC00070B50446264900F0F1FE00281FD0254D5E
:108CD000234E20462946FFF704FE0446314600F0A5
:108CE000E5FE002813D020462946FFF7FAFD04468A
:108CF000314600F0DBFE002809D020462946FFF768
:108D0000F0FD0446314600F0D1FE0028E1D11649BD
:108D1000204600F0ADFE00281FD0144D124E204614
:108D20002946FFF7DEFD0446314600F0A1FE00288B
:108D300013D020462946FFF7D4FD0446314600F003
:108D400097FE002809D020462946FFF7CAFD0446B1
:108D5000314600F08DFE0028E1D1204670BDC046AE
:108D6000000034430000B4C3000034C30000B44327
:108D7000F0B587B00C46054601F0BBFC06460F4631
:108D800001F0B7FC069005911C4A1D4B01F0A2FCB6
:108D90001C4A1D4BFEF7C5FC049003913046394632
:108DA0002A462346FFF71AFA02900191174A184BF8
:108DB00001F090FC174A184BFEF7B3FC02460B4635
:108DC000029E3046019F3946FFF708FA2A4623469D
:108DD000FEF7A7FC04460D4630463946069A059B29
:108DE000FFF7FCF9049A039BFFF7F8F922462B469C
:108DF000FEF797FC00F02CFD07B0F0BDA7463B8CBA
:108E000087CDC63E74E7CAE2F9002ABFB2FB6E897D
:108E10001011813F77ACCB545555C5BFF0B587B025
:108E20000C46054601F068FC06460F4601F064FC5E
:108E3000069005911C4A1D4B01F058FC1C4A1D4B25
:108E4000FEF76FFC04900391304639462A462346CC
:108E5000FFF7C4F902900191174A184B01F046FC44
:108E6000174A184BFEF75DFC02460B46029E304641
:108E7000019F3946FFF7B2F92A462346FEF751FC17
:108E800004460D4630463946069A059BFFF7A6F97B
:108E9000049A039BFFF7A2F922462B46FEF741FCFA
:108EA00000F0D6FC07B0F0BDA7463B8C87CDC63E90
:108EB00074E7CAE2F9002ABFB2FB6E891011813F44
:108EC00077ACCB545555C5BFF0B581B00C460028E2
:108ED00009D0017C002906D0456B0021284600F00E
:108EE000DBFD002812D12D20207060702E21A17092
:108EF000E070072106220523042560552020E05458
:108F00006D20A0540020605401B0F0BD164E2846DC
:108F1000314600F0CBFD002800D12E4613493046E3
:108F2000FFF7DFFC124900F0D9FB01F0C3F9054659
:108F3000642101F01DF8303020702E2060700A2668
:108F40002846314601F014F80746314601F010F882
:108F500030221143A1707E43A81B10430621052235
:108F600004230325C9E7C04600181C460000A040A2
:108F700000002041F0B58B4200D1824204D90B00A1
:108F800002000021002040E0002B00D1002A0CD17B
:108F90000B00020000210020002B00D1002A01D08C
:108FA000C943C043FFF72BF82FE01C0015000B004E
:108FB00002000CB4002126002F00FF19764102D2D6
:108FC000491C4029F9D100201E001700FF197641E5
:108FD00002D2401C4028F9D10E1A2100280032008C
:108FE00001F03EFA0C0005000CBC00200021A34259
:108FF00000D1AA4201D3521BA341404149416D080F
:10900000E7073D436408761EF1D5059F002F01D088
:109010003A607B60F0BD0000F8B50446FF20C00553
:1090200021460140814208D12046214600F046FAFF
:109030002146FFF756FC04463AE0002C31DD0123BF
:10904000DA05E00D05D11846144202D16400401E35
:10905000FAE77F38511E2140114302461A409140E1
:10906000002500931C062A46002C0DD04E006719DF
:10907000F31B314600DB1946B74200DC3D19B7420D
:1090800000DC12196408EFE7002902D000991140B2
:10909000521851104008C00540183F2109064418D5
:1090A00006E0600004D001F0F5FA21210160014CD6
:1090B0002046F8BD0000C07FF0B585B001F019FB77
:1090C00006460F4601F015FB04460D46184A194B9B
:1090D00001F000FB184A194BFEF723FB04900391A3
:1090E000174A184B01F0F6FA0022174BFEF719FB4E
:1090F00002900191154A164B20462946FFF76EF85B
:10910000029A019BFEF70DFB029001913046394611
:1091100022462B46FFF762F8049A039BFFF75EF89E
:10912000029A019BFEF7FDFA00F092FB05B0F0BD3C
:109130006950EEE04293F93E271E0FE887C056BF04
:10914000815E0CFDFFFFDFBF0000F03F423A05E10A
:109150005355A53FF0B585B001F0CEFA06460F464F
:1091600001F0CAFA04460D46184A194B01F0BEFA3E
:10917000184A194BFEF7D5FA04900391174A184B79
:1091800001F0B4FA0022174BFEF7CBFA02900191DE
:10919000154A164B20462946FFF720F8029A019BF4
:1091A000FEF7BFFA029001913046394622462B461F
:1091B000FFF714F8049A039BFFF710F8029A019B3B
:1091C000FEF7AFFA00F044FB05B0F0BD6950EEE0E9
:1091D0004293F93E271E0FE887C056BF815E0CFD03
:1091E000FFFFDFBF0000F03F423A05E15355A53FC6
:1091F000F0B587B003930292002A42D00E4607468C
:109200000C980190002406942146019D05E0641C01
:109210000837361D0298A04226D00398E040C007C8
:10922000F5D0286805913968FFF756FB014600F034
:1092300045F9049068687968FFF74EFB014600F035
:109240003DF901460498FFF74CFBFFF7E5FE316856
:10925000FFF742FB014600F031F90699FFF741FBA9
:1092600005990690491CD2E708060AD0C8B201F059
:1092700051F80146069800F031FAFFF7CDFE07B02D
:10928000F0BD002007B0F0BDF0B585B01F46034625
:1092900003900C9804900D9D0B9801900A984A43F6
:1092A0004F4351005C1840000290205E00F0FEFE2B
:1092B0000646019840000190205E00F0F7FE31461E
:1092C000FFF70AFB0146284600F0F8F83146FFF7A1
:1092D00008FB0646780003990F180298385E00F0E4
:1092E000E5FE04460198385E00F0E0FE2146FFF7F7
:1092F000F3FA0146284600F0E1F82146FFF7F1FABB
:109300003146FFF7E9FA0146049800F0D7F83146F4
:10931000FFF7E7FA05B0F0BD10B51C491C4C20461C
:1093200001F039F91B49204600F096FD1A48016802
:109330000322D203914301600169184A0A401532A1
:10934000026141692D220A4312218A434261426827
:1093500001210A4043688B439A184260104A1368FF
:109360008C021C43146002684B0413430360C26800
:1093700070231343C360C26802231343052293433F
:10938000C36002680A43026010BDC046A8B3000073
:1093900000001040CEB20000001110400000FFFF9E
:1093A0002810104010B51C491C4C204601F0F3F861
:1093B0001B49204600F050FD1A4801680322D203E1
:1093C000914301600169184A0A402B3202614169E8
:1093D0001A220A4325218A434261426801210A4038
:1093E00043688B439A184260104A13688C021C43EE
:1093F000146002684B0413430360C2687023134374
:10940000C360C2680223134305229343C36002680A
:109410000A43026010BDC046AAB3000000005040DD
:10942000D8B20000001150400000FFFF281050404B
:1094300010B51C491C4C204601F0ADF81B492046D4
:1094400000F00AFD1A4801680322D203914301602B
:109450000169184A0A401532026141692D220A4306
:1094600012218A434261426801210A4043688B43CA
:109470009A184260104A13688C021C4314600268F8
:109480004B0413430360C26870231343C360C26874
:109490000223134305229343C36002680A43026018
:1094A00010BDC046ACB3000000201040E2B2000086
:1094B000003110400000FFFF28301040FCB40127AD
:1094C000FF0706004E4001D4002600E03E000202E5
:1094D00043001B0E30D03A43FF2B30D00C024D001E
:1094E0002D0E29D03C43FF2D29D05B19424050401E
:1094F00042404C4061404C4000B500F04FFE20BC63
:10950000AE464240504042404C4061404C402500F5
:109510001400002C01D46400013B803401D30133DA
:1095200064087E3B08DDFF2B09D2BC43200ADB0523
:1095300018433043FCBC70470020FCBC7047FF2040
:10954000C0053043FCBC7047F0B583B003293AD85E
:10955000144690220B465343C3182578002D12D091
:109560001E78002E0FD016464E4386190296377A83
:109570002679B74207D08C2601960027029E0093D9
:10958000019BF752009B1D704A438518281D7422C9
:10959000214601F083F82078002814D0A0688D219E
:1095A0006A5C9300EB189867501C084A4243120CFF
:1095B00005235343C01A68548C20285C042802D821
:1095C0008C35401C287003B0F0BDC0463433000019
:1095D000024670B50A4392072AD11E4DEE0104C817
:1095E00008C9541B9443344017D0D0B2D9B2401AA2
:1095F0002106014310D190B299B2401A21040143CF
:109600000AD110021902000A090A401A2102014374
:1096100002D1100E190E401A70BD9A42DFD010BA56
:1096200019BA884201D9012070BD0020C04370BD25
:1096300002780B7801300131002A09D09A4207D113
:1096400002780B7801300131002A01D09A42EFD024
:10965000D01A70BD0101010110B519480146083941
:1096600000220A60011F0A608222C261154B036258
:1096700015498A668B6502650B60832282634263AB
:109680008122C264C2630264104B036004680460F8
:10969000436044684460C360C468C4600361036994
:1096A0000361CA600A612C3802604A6108480949AE
:1096B000016001631320800207490860086410BD3F
:1096C00030804240820004008480424081000E00CD
:1096D000A0120A4001C0010090320A40FCB40127E8
:1096E000FF0706004E40F60FF607020243001B0E6E
:1096F0002DD03A43FF2B2DD00C024D002D0E26D03D
:109700003C43FF2D26D05B1B00202021640852081B
:10971000A2424041A24200D3121B013904D0002AC8
:1097200001D05200F4D18840384201D14000013BC1
:10973000803001D3013300E040007F3307DDFF2B91
:1097400008D2400ADB0518433043FCBC70470020B8
:10975000FCBC7047FF20C0053043FCBC70470000D4
:10976000F8B5451C00780023082B32D02F78C207AB
:109770000CD16A780F241440E41C122C0BD1022463
:109780002E57F4B2002E08D4EE1C0EE06D1C4A1CBD
:109790000F7011461AE0AE1C08E02E1DED78009502
:1097A0007F252C40009DED012C1912343D0112093A
:1097B0005219094DAA420ED0D243002C05D08D5C1F
:1097C0004F1C0D70641E3946F7E7354640085B1C98
:1097D000CAE72846C5E7F8BDFF0F0000FEB50293B3
:1097E0000F46194D0024E143184E00973740019071
:1097F00043422B46BB4101D20C4623E00846029966
:109800000E405342B54101D204461BE01346019974
:109810000B433E431E43029D009E13D02B46334014
:1098200004D401998B1A3346AB4103E00199531AD2
:109830002B46B341044605DB51406E400E43701E7B
:10984000864134462046FEBD0000F07FFFFFFF7FCB
:109850000CB41B4B4A00D21A1BD2000D0A03104352
:1098600001221202801802D3400812038918400A0C
:10987000002902D50122D20710434900490D3822A0
:109880001201891A0CD4FF290DD2C90508430CBC5A
:109890007047DB431A40024305D0D8430CBC7047E5
:1098A00000200CBC7047C90FC907FF20C005084342
:1098B0000CBC7047C046C046C046C046C046C04605
:1098C0000000E0FFF8B50446164F174D0E462E4037
:1098D0000120009464423C46B4411AD31D405442D6
:1098E000AF4116D31046009C20433543054311D0A9
:1098F0000020C0431C460C400ED4009CA41A0C4609
:109900009C4106DB0098504059400143481E81416C
:109910000846F8BD0020F8BD009C141B1C468C4175
:10992000F0DAF6E70000F07FFFFFFF7FF0B581B0CF
:10993000002927D00C46481E032100F019FB481CC3
:10994000032801D0074600E00027114D03282646D2
:109950000BD02646284600F089FE012F14D0284659
:1099600000F084FEB61EBF1EF4D1032C0AD3284695
:1099700000F07CFE284600F079FE284600F076FED6
:10998000F61EF4D101B0F0BD761E032CEFD2F9E73C
:1099900080380100F0B5164B1D46083D2E680124A5
:1099A000A6432E601E6803273F03BE43384030188D
:1099B00018601868FF26B043C9B2401818602868BC
:1099C000204328601D68002A0ED00A482102220781
:1099D00015431D6002680A4205D102680A4202D19D
:1099E00002680A42F6D0F0BD200785431D60F0BD35
:1099F00010010B4004020B4010B5FFF763FF002875
:109A000001D0002010BD012010BDC04610B5FFF7E9
:109A100059FF002801DB002010BD012010BDC04609
:109A200010B5FFF74FFF002801DD002010BD012019
:109A300010BDC04610B5FFF7D1FE002801DA0020A6
:109A400010BD012010BDC04610B5FFF7C7FE0028AD
:109A500001DC002010BD012010BD000010B500F099
:109A60007FFB002801D0002010BD012010BDC046A2
:109A700010B500F075FB002801DB002010BD0120AF
:109A800010BDC04610B500F06BFB002801DD0020C2
:109A900010BD012010BDC04610B500F025FB002808
:109AA00001DA002010BD012010BDC04610B500F045
:109AB0001BFB002801DC002010BD012010BD0000B0
:109AC000F0B581B00D4604468669C0690146FFF7CE
:109AD000F5FC074630463146FFF7F0FC3946FEF705
:109AE00000FFFFF799FA2062696AFEF7F5FE064665
:109AF00000252946FFF7BCFF002800D135466562E6
:109B0000A562A069E169FEF771F90349FFF7D6FC88
:109B1000E06201B0F0BDC046E02E6542F0B51048ED
:109B20000068C0B20B2819D10E480168490715D446
:109B30000D490E4A0E4B02E0046864070ED4C46956
:109B40008D786E1C7F2535409678B542F4D08E789E
:109B50009E1901273F02F4558D70EDE7F0BDC04618
:109B600020301040083110400C0220200F0220202D
:109B70000000202070B5044600200D2919D025468C
:109B800060350A2912D168780026002830460AD1AB
:109B900029780029304606D000206054204611461E
:109BA0001A46F7F7BBFD2E706E7070BD6A78002AFA
:109BB00000D070BD2A785F2A04D3002028700121CC
:109BC000697070BD531C2B70A15470BD1CB5002969
:109BD00022D04C08002900D54942421054400028A8
:109BE00000D5404200230A00904201D95200FBE711
:109BF00090425B41904200D3801A914201D25208B8
:109C0000F6E71900002C00D54042640000D5494217
:109C10000200080011001CBD01000020FDF70DFF2F
:109C20001CBDF0B587B006910590002822D01C46D7
:109C3000002B1FD015460E9804900D9803900C9E93
:109C4000069F00E0641C23780A2B0FD00D2BF9D05F
:109C5000002B0FD00096039801900498029039B21F
:109C60002AB20598FBF74AFCBF1DEBE70835069FB3
:109C7000641CE8E707B0F0BD70B50C480C494160C2
:109C80000C4A51600C4B59600C4C61600C4D696082
:109C90000C4E71600C4901601160196021602960EF
:109CA0003160102000F0E2FC70BDC04600080A40A0
:109CB000030000B100280A4000081040000850408E
:109CC0000028104000A8464001000026F0B50F48CB
:109CD0000068C0B20B2818D10D480168490714D498
:109CE0000C490D4A0D4B02E0046864070DD4C469A9
:109CF0004D786E1C7F2535405678B542F4D04E78AD
:109D00009E198027F4554D70EEE7F0BD20105040AD
:109D1000081150400C0220200F02202000002020BB
:109D200070B50E480068C0B20B2816D10C48016807
:109D3000490712D40B490C4A0C4B02E00468640733
:109D40000BD4C4690D786E1C7F2535401678B5425A
:109D5000F4D00E789C550D70F0E770BD20101040C7
:109D6000081110400C0220200F02202000002020AB
:109D700010B500281BD08278002A18D042780F2412
:109D8000144030203123082C044600D31C460C70AC
:109D90005407044600D51C464C709407044600D571
:109DA0001C468C70D20700D01846C87004E02D20E5
:109DB000C8708870487008700020087110BD0000DD
:109DC00010B50D490D4C204600F0DCFB0C49204637
:109DD00000F08AF80B4841680B4A0A40111D4160A7
:109DE000816812220A432D218A4382600168012280
:109DF0000A43026010BDC046A6B3000000A0464062
:109E0000C4B2000004B1464000FCFFFF0CB54A009C
:109E1000520D03231B02FF33D21A13D31F239A1AA6
:109E200012D98E46C9020123DB071943D1400B2A00
:109E300002D21532D04001437346002B00D549426F
:109E400008000CBD00200CBD0B000120C007002B3A
:109E500000D401380CBD000070B511221302C218E5
:109E6000C4580125AC43C4500C888D7825438C8898
:109E70002C43C558084E2E40084D25407419C45037
:109E80008879CB790343087A184351687E23994334
:109E900018400818506070BDE798FDFF1867000073
:109EA000F8B50D460F4F002801D0064600E03E6889
:109EB0003046294600F06AFA34183C60305C0028CD
:109EC0000DD02046294600F087FA21183960205C21
:109ED000002805D0481C38600020087000E00024ED
:109EE0002046F8BD1802202070B511221302C218B6
:109EF0000C894D8825438C792C43C558094E2E403A
:109F0000094D25407419C4508888CB7903430878DB
:109F1000184351685D239B0099431840081850600E
:109F200070BDC04680CCFFFF7F33000010B50E49E6
:109F30000E4A01235C0590600868204205D108683C
:109F4000204202D108682042F6D010681B04034367
:109F500013600868C00605D40868C00602D4086803
:109F6000C006F6D510BDC04604020B4004010B40EC
:109F70001CB50A0017D000230124E407A04200D238
:109F80000400944201D95200FBE790425B419042A9
:109F900000D3801A914201D25208F6E7190002005C
:109FA000080011001CBD01000020FDF746FD1CBD8E
:109FB00008B443001B0E0FD0FF2B11D00721C9019D
:109FC0005B18C10FC9020B43010048074902090B86
:109FD0001B05194308BC70470021002008BC7047CE
:109FE00001004002C90DC900C91D090508BC704720
:109FF000B0B50022022813D8002911D0094B1C5CEF
:10A00000094D2D5CAC420BD01A5CC401074D2C19D4
:10A01000A25C0A70195C491C7F220A401A54012272
:10A020001046B0BD0F0220200C022020000020208E
:10A03000F0B585B00A9CCD17DE1769406840401B1B
:10A04000A94173407240921BB3416E4002AF00972A
:10A05000FEF790FF71407040801BB141029A039B54
:10A060006B406A40521BAB410CC405B0F0BDB0B5AB
:10A0700004460D46FF20C00522460240824201D11F
:10A0800062020DD10140814201D1680209D1284606
:10A09000604008D420462946FFF7EAFC002800D19A
:10A0A0002C462046B0BD002CFAD5FAE706B49E2215
:10A0B000002802D404D106BC7047414204D400E019
:10A0C0000100013A4900FCD5803101D3013200E0A2
:10A0D0004900490AD2051143002802D50122D207BE
:10A0E0001143080006BC704740B542004B005E08B3
:10A0F000164301D006004E4000D4D01A04D20120ED
:10A10000C90F06D1404204E003D90120C90F00D095
:10A110004042FF263606B24200D8B34201D90120A0
:10A12000404240BD70B50A480A4C84420CD00A4DEA
:10A130000A4EB54208D02A686968501C127892000D
:10A14000A25890470835F4E700BF00BF70BDC04675
:10A15000CCB30000C0B30000DCB30000ECB30000DF
:10A1600040B542004B005E08164301D006004E4049
:10A1700000D4D01A04D20120C90F06D1404204E015
:10A1800003D90120C90F00D04042FF263606B24253
:10A1900000D8B34200D9012040BD0000FCB4020C3D
:10A1A0000B0CFF242402FF34204021400C004443C8
:10A1B00015005D4306005E430F005743320C3B0C15
:10A1C000A818C01832043B040025A1186841C9181A
:10A1D0006841FCBC7047000080B5FFF74DFDFFF7FC
:10A1E0003BFAFEF711FDFFF797F8FFF7DBF8FFF7F3
:10A1F0001FF9FFF7E5FD04482C21002242540348D3
:10A200002421425480BDC04680012020B00120207E
:10A2100006B54100090E7F390DD41F22511A0CD901
:10A22000864600020122D2071043C8407246002A27
:10A2300000D5404206BD002006BD02000120C00737
:10A24000002A00D4401E06BD70B59EB0032914D864
:10A250000C4605466220484328185E3001AE114680
:10A260001A463346FFF786FC002806D03D20C00082
:10A27000281801AA2146FFF767F91EB070BD10B576
:10A280000F24044030223123082C144600D31C46EE
:10A290000C704407144600D51C464C7084071446C5
:10A2A00000D51C468C70C00700D01A46CA7000202A
:10A2B000087110BD06B5002803D57346FFF7A8FF47
:10A2C00006BD4100090E7F3908D31F22511A07D35A
:10A2D00000020122D2071043C84006BD002006BD7F
:10A2E0000020401E06BD000004B40422002802D154
:10A2F000002104BC704701D50832404212021F32CF
:10A300000100521E4900FCD30805090B1205114338
:10A3100004BC704702B49E21002805D401D102BCC0
:10A32000704701394000FCD5803001D3013100E095
:10A330004000400AC905084302BC70470146064870
:10A34000002906D08A78002A03D0887A002801D014
:10A35000034870470148704769B3000078B30000B4
:10A3600082B30000084880F3088800BF00BF00F0F7
:10A37000DBF9002801D0FFF7D5FE0020FCF7E2F959
:10A38000012000F0BCF9C04600802020B0B50025B7
:10A390002A4603780D462C78002C02D06D1CA3426F
:10A3A000F9D1002B03D0401C551CA342F0D010461D
:10A3B000B0BD000030B514004C4325001C004443E0
:10A3C0006419050010002900FFF7E8FE00190400D9
:10A3D0000D002100280030BDB0B5024600201378E2
:10A3E000002B0AD00C462578002D03D0641CAB420C
:10A3F000F9D102E0521C401CF1E7B0BDF0B581B0CC
:10A4000000920D4606462F200701F4190320010291
:10A41000304600F019F9F5510098606001B0F0BDC8
:10A4200010B504460020002C09D0032907D870205D
:10A4300048432018303011461A46FCF77BFA10BD0D
:10A4400080B5002807D0014603480078002802D0D4
:10A450000248F9F7DBFD80BD12022020F401202024
:10A4600018B520239B1A04D8010000205B429940B4
:10A4700004E004009140DC402143904018BD0000FE
:10A480000843104304490A683F231B049A431840B9
:10A49000101808607047C04638010B40401EC0B21B
:10A4A000032803D8800003490858704700487047C4
:10A4B00010B3000078B20000401E139060CC2268F8
:10A4C00012926368119328463146083C00E0000070
:10A4D00082B00094014C019410BD00BF23770000AE
:10A4E00042004B000020FF2109068A4200D88B421F
:10A4F00000D90120704703228058002805D0401E53
:10A500004A1C00230B701146F7E7704740B584B032
:10A5100002AE0096FFF78CFD029A039B04B040BD8B
:10A520000348002900D110300121890301607047E0
:10A5300090320A400348002900D1103001218902DD
:10A540000160704790320A400348002900D1103062
:10A550000121C9020160704790320A4080B5024A69
:10A56000024BFEF725FA80BD30A70000D8B10000ED
:10A57000022801D0024870470048704764B30000C9
:10A580003EB3000010B50122120383180C785C6002
:10A590004978815010BD10B50122120383180C7840
:10A5A0009C604978815010BD10B500239A4203D0B9
:10A5B000CC5CC4545B1CF9E710BD80B50B4603218D
:10A5C0004258C11D184600F069F880BD109BD800A4
:10A5D00014A90A18139C0C50566070470248016871
:10A5E000491C01607047C04608022020002202601A
:10A5F00042608260C260026101707047002804D02E
:10A600000021016041608160C160704702480168BB
:10A610000F2088437047C04680330A4001466031AE
:10A62000002202706023C2544A707047002803D091
:10A630000160002181808160704700239A4202D02E
:10A64000C1545B1CFAE770470A46002180B5FFF74A
:10A65000F4FF80BD014800687047C0460802202012
:10A66000002802D00021016041607047811E091F4F
:10A6700000BFFCD2704702460B461298119927E79B
:10A6800002460B460398294622E702460B460398EA
:10A6900029461DE7004870471402202080B5FFF7C7
:10A6A00083FF80BD41780F2008407047AB21C9006F
:10A6B0004018704700210160416070470146204604
:10A6C00000E0000082B00094014C019410BD00BF76
:10A6D000DD9600003046394600E0000082B000946C
:10A6E000014C019410BD00BFDD81000030463946A9
:10A6F000F4E702460B46F1E702460B46EEE700F0B0
:10A7000001F8FEE700BF70472846FFE782B00094DB
:10A71000014C019410BD00BFE3880000204647E4CF
:10A72000204645E41EE670470120704720BF704771
:10A73000554257310001840302030000000000006D
:10A740000000FAC2000020420000FA42000020424D
:10A7500000000000000000000000000000000000F9
:10A7600001000000000000000000803F0000000029
:10A7700000000000000000000000000000000000D9
:10A7800000000000000000000000000000000000C9
:10A7900000000000000000000000000000000000B9
:10A7A00000000000000000000000000000000000A9
:10A7B0000000000000000000000000000000000099
:10A7C0000000000000000000000000000000000089
:10A7D00001000000000000000000803F00000000B9
:10A7E0000000000000000000000000000000000069
:10A7F0000000000000000000000000000000000059
:10A800000000000000000000000000000000000048
:10A810000000000000000000000000000000000038
:10A820000000000000000000000000000000000028
:10A830000000000000000000000000000000000018
:10A8400001000000000000000000803F0000000048
:10A8500000000000000000000000000000000000F8
:10A8600000000000000000000000000000000000E8
:10A8700000000000000000000000000000000000D8
:10A8800000000000000000000000000000000000C8
:10A8900000000000000000000000000000000000B8
:10A8A00000000000000000000000000000000000A8
:10A8B00001000000000000000000803F00000000D8
:10A8C0000000000000000000000000000000000088
:10A8D0000000000000000000000000000000000078
:10A8E0000000000000000000000000000000000068
:10A8F0000000000000000000000000000000000058
:10A900000000000000000000000000000000000047
:10A910000000000000000000000000000000000037
:10A920000000000000000000000000000000000027
:10A930000000000000000000000000000000000017
:10A940000000000000000000000000000000000007
:10A9500000000000000000000000000000000000F7
:10A9600000000000000000000000000000000000E7
:10A9700000000000000000000000000000000000D7
:10A9800000000000000000000000000000000000C7
:10A9900000000000000000000000000000000000B7
:10A9A00000000000000000000000000000000000A7
:10A9B0000000000000000000000000000000000097
:10A9C0000000000000000000000000000000000087
:10A9D0000000000000000000000000000000000077
:10A9E0000000000000000000000000000000000067
:10A9F0000000000000000000000000000000000057
:10AA00000000000000000000000000000000000046
:10AA10000000000000000000000000000000000036
:10AA20000000000000000000000000000000000026
:10AA30000000000000000000000000000000000016
:10AA40000000000000000000000000000000000006
:10AA500000000000000000000000000000000000F6
:10AA600000000000000000000000000000000000E6
:10AA700000000000000000000000C8410000C842C3
:10AA800000401C4500401C4600401C470000003FA1
:10AA900000001643000034430000000000000000E6
:10AAA00000000000000000000000000000000000A6
:10AAB000C1D1C93D6C027A03E803000001008002A5
:10AAC000A203E803000001008A021004E80300006A
:10AAD0000100BE002C01F40100000100A604F005F5
:10AAE000DC0500000100A604F005DC050000010003
:10AAF000D8046E05DC0500000000BA044605DC053C
:10AB0000000000009C04B603DC0500000000920475
:10AB1000D403DC0500000000C602B603E803000011
:10AB20000000C6028A02E803000000006C02EA018D
:10AB3000E8030000000062021202E80300000000C7
:10AB40006E00DC00F4010000000022014600F40168
:10AB5000000000007602A802E803DC0501000C03F7
:10AB60000203E80324FA01006C022C012003000018
:10AB700001006C022C01200300000100D403020339
:10AB8000B00400000100CA030203B0040000010089
:10AB90004A06D2050807000001004006BE05080766
:10ABA00000000100DA071C079808000001009E075A
:10ABB000F40698080000010006094808C4090000CE
:10ABC0000100E8082A08C40900000100040B3C0A3F
:10ABD000B80B00000100DC0A460AB80B00000100B7
:10ABE00008029402E8036CEE010008029402E803F4
:10ABF0006CEE01006C02B202E80348F401008A0224
:10AC0000B202E80348F40100E8032602E80330F842
:10AC10000100F2033002E80330F801004803940217
:10AC2000E80318FC010048039402E80318FC010043
:10AC30000C032602E803000001000C033002E803C5
:10AC400000000100E4021202E803E8030100E4024C
:10AC50001202E803E80301000C03FE01E803D00739
:10AC60000100D0020802E803D0070100E402440218
:10AC7000E803B80B0100E4024402E803B80B01004A
:10AC8000D002F401E80394110100D002F401E803BA
:10AC900094110100D205D606D0076CEE0100D20552
:10ACA000D606D0076CEE010062079A06D00748F47A
:10ACB00001004407A406D00748F4010062072C06EF
:10ACC000D00730F8010094074006D00730F80100A3
:10ACD0001C076806D00718FC01001C076806D0078F
:10ACE00018FC0100FE065406D00700000100FE0615
:10ACF0007206D00700000100C206E605D007E8038F
:10AD00000100C206FA05D007E80301007206E60555
:10AD1000D007D0070100FE067C06D007D00701004F
:10AD200036065E06D007B80B010090064006D00735
:10AD3000B80B01007C063606D0079411010090067E
:10AD40004006D0079411010076075E06DC0524FA60
:10AD500001005406FA05DC05DC05010000000000D6
:10AD60000000005F00000007000700147F147F143C
:10AD7000242A7F2A12231308646236495522500080
:10AD800005030000001C2241000041221C001408A1
:10AD90003E081408083E0808005030000008080863
:10ADA0000808006060000020100804023E51494578
:10ADB0003E00427F400042615149462141454B31AE
:10ADC0001814127F1027454545393C4A494930013E
:10ADD000710905033649494936064949291E003695
:10ADE00036000000563600000814224100141414E6
:10ADF0001414004122140802015109063249794114
:10AE00003E7E1111117E7F494949363E4141412222
:10AE10007F4141221C7F494949417F090909013E7F
:10AE20004149497A7F0808087F00417F410020405E
:10AE3000413F017F081422417F404040407F020C87
:10AE4000027F7F0408107F3E4141413E7F0909098E
:10AE5000063E4151215E7F0919294646494949313B
:10AE600001017F01013F4040403F1F2040201F3F24
:10AE70004038403F631408146307087008076151A5
:10AE8000494543007F414100020408102000414130
:10AE90007F000402010204404040404000010204DF
:10AEA0000020545454787F48444438384444442063
:10AEB000384444487F3854545418087E0901020C21
:10AEC0005252523E7F0804047800447D40002040E6
:10AED000443D007F1028440000417F40007C04185E
:10AEE00004787C0804047838444444387C141414EE
:10AEF00008081414187C7C0804040848545454208E
:10AF0000043F4440203C4040207C1C2040201C3C0E
:10AF10004030403C44281028440C5050503C44647D
:10AF2000544C44000836410000007F0000004136C8
:10AF300008000804081008C083F9A200444E6E00FF
:10AF4000FC291500D1572700DD34F50062DBC00075
:10AF50003C999500419043006351FE00BBDEAB007D
:10AF6000B761C5003A6E2400D24D42004906E000A8
:10AF700009EA2E001C92D100EB1DFE0029B11C0035
:10AF8000E83EA700F535820044BB2E009CE9840012
:10AF9000B4267000417E5F00D6913900538339009A
:10AFA0009CF439008B5F840028F9BD00F81F3B003A
:10AFB000DEFF97000F980500112FEF000A5A8B0053
:10AFC0006D1F6D00CF7E360009CB2700464FB700BE
:10AFD0009E663F002DEA5F00BA277500E5EBC700CB
:10AFE0003D7BF100F739070092528A00FB6BEA00C3
:10AFF0001FB15F00085D8D00300356007BFC4600EA
:10B00000F0AB6B0020BCCF0036F49A00E3A91D0022
:10B010005E619100081BE60085996500A0145F0041
:10B020008D40680080D8FF0027734D000606310070
:10B03000CA561500C9A873007BE260006B8CC00083
:10B040000080808080808080808090909090908030
:10B0500080808080808080808080808080808080F0
:10B060008018040404040404040404040404040410
:10B0700004020202020202020202020404040404A4
:10B08000040443434343434341414141414141411E
:10B090004141414141414141414141410404040494
:10B0A00004042323232323232121212121212121BE
:10B0B00021212121212121212121212104040404F4
:10B0C0008000000000000000000000000000000000
:10B0D0000000000000000000000000000000000070
:10B0E0000000000000000000000000000000000060
:10B0F0000000000000000000000000000000000050
:10B10000000000000000000000000000000000003F
:10B11000000000000000000000000000000000002F
:10B12000000000000000000000000000000000001F
:10B13000000000000000000000000000000000000F
:10B1400000012C2D0000FAC2000020420000FA424B
:10B15000000020420000000000000000000000008D
:10B160000000000002030300000096430000FA44C0
:10B170000020004500007A4400408344000034422F
:10B180000000344300001643F40100007800000082
:10B19000F4010000BC02000000000040FB21F93F68
:10B1A000000000002D44743E000000809846F83CEA
:10B1B0000000006051CC783B00000080831BF03918
:10B1C0000000004020257A38000000802282E3360B
:10B1D000000000001DF3693545504D310101440068
:10B1E00002040A009C342E4432B598430000003F0C
:10B1F000CDCCCC3D0000403F0000A041B4AA0000EF
:10B2000008B20000E528541AC500F4016C022003BE
:10B21000C802E803CF03B004CA04DC0545060807EA
:10B22000D206D007BC079808F708C409F00AB80B83
:10B23000010000000000000000000000000000000D
:10B2400000000000100000000001000003000000EA
:10B25000000000003400C4413863ED3EDA0F493F7E
:10B260005E987B3FDA0FC93F6937AC3168212233E2
:10B27000B40F14336821A23320B30000FEB20000E3
:10B2800045B30000ECB20000030000000400000021
:10B290000400000006000000031D07062E2C292DC7
:10B2A0002E2E373F00000210021C07123732292DC4
:10B2B00029252B39000103104449474954414C20AA
:10B2C0004B4559000400000000000710000000007A
:10B2D00018000000003000000000180000000030DE
:10B2E0000000000018000000003000004241434B05
:10B2F000534944450044495354414E43450041504D
:10B3000050524F4143480052414E47455F4D4D001A
:10B31000494E56414C494400414444524553530020
:10B320004F55545349444500444953545F4D4D00D3
:10B330004B455920494400534554204944004C4F43
:10B34000434B454400554E4C4F434B00012C2D01BF
:10B350002C2D52414E474500414E474C45004B4530
:10B36000594944004F50454E0057414954004155FA
:10B3700054480044495354004641494C0041444418
:10B38000520050415353005A4F4E450044495354C4
:10B39000000000007F0000009F4B455900A202847E
:10B3A0004D4D0049440008000800080008000A004C
:10B3B0008A2A8AEE2C00070EC50500000000000056
:10B3C00061970000BBA50000F7A400000200000088
:10B3D000130200000001000004FFF000CCB30000E5
:10B3E00000002020D4B30000140220200000000040
:040000030000A365F1
:00000001FF
